  0
SECTION
  2
BLOCKS
  0
ENDSEC
  0
SECTION
  2
ENTITIES
  0
LINE
  8
0
 10
48
 20
-90
 11
46.3037
 21
-90
  0
LINE
  8
0
 10
46.3037
 20
-90
 11
46.3037
 21
90
  0
LINE
  8
0
 10
46.3037
 20
90
 11
48
 21
90
  0
LINE
  8
0
 10
48
 20
90
 11
48
 21
110
  0
LINE
  8
0
 10
48
 20
110
 11
-48
 21
110
  0
LINE
  8
0
 10
-48
 20
110
 11
-48
 21
90
  0
LINE
  8
0
 10
-48
 20
90
 11
-46.3037
 21
90
  0
LINE
  8
0
 10
-46.3037
 20
90
 11
-46.3037
 21
-90
  0
LINE
  8
0
 10
-46.3037
 20
-90
 11
-48
 21
-90
  0
LINE
  8
0
 10
-48
 20
-90
 11
-48
 21
-110
  0
LINE
  8
0
 10
-48
 20
-110
 11
48
 21
-110
  0
LINE
  8
0
 10
48
 20
-110
 11
48
 21
-90
  0
LINE
  8
0
 10
-18.6533
 20
-86.1416
 11
-18.7031
 21
-86.1406
  0
LINE
  8
0
 10
-18.7031
 20
-86.1406
 11
-18.752
 21
-86.1406
  0
LINE
  8
0
 10
-18.752
 20
-86.1406
 11
-18.9482
 21
-86.1367
  0
LINE
  8
0
 10
-18.9482
 20
-86.1367
 11
-19.0469
 21
-86.1328
  0
LINE
  8
0
 10
-19.0469
 20
-86.1328
 11
-19.0957
 21
-86.1318
  0
LINE
  8
0
 10
-19.0957
 20
-86.1318
 11
-19.1445
 21
-86.1299
  0
LINE
  8
0
 10
-19.1445
 20
-86.1299
 11
-19.1934
 21
-86.127
  0
LINE
  8
0
 10
-19.1934
 20
-86.127
 11
-19.2422
 21
-86.125
  0
LINE
  8
0
 10
-19.2422
 20
-86.125
 11
-19.291
 21
-86.1221
  0
LINE
  8
0
 10
-19.291
 20
-86.1221
 11
-19.3398
 21
-86.1201
  0
LINE
  8
0
 10
-19.3398
 20
-86.1201
 11
-19.3887
 21
-86.1172
  0
LINE
  8
0
 10
-19.3887
 20
-86.1172
 11
-19.4365
 21
-86.1133
  0
LINE
  8
0
 10
-19.4365
 20
-86.1133
 11
-19.4854
 21
-86.1104
  0
LINE
  8
0
 10
-19.4854
 20
-86.1104
 11
-19.5342
 21
-86.1064
  0
LINE
  8
0
 10
-19.5342
 20
-86.1064
 11
-19.583
 21
-86.1035
  0
LINE
  8
0
 10
-19.583
 20
-86.1035
 11
-19.6309
 21
-86.0996
  0
LINE
  8
0
 10
-19.6309
 20
-86.0996
 11
-19.6797
 21
-86.0957
  0
LINE
  8
0
 10
-19.6797
 20
-86.0957
 11
-19.7275
 21
-86.0908
  0
LINE
  8
0
 10
-19.7275
 20
-86.0908
 11
-19.7764
 21
-86.0869
  0
LINE
  8
0
 10
-19.7764
 20
-86.0869
 11
-19.8242
 21
-86.082
  0
LINE
  8
0
 10
-19.8242
 20
-86.082
 11
-19.873
 21
-86.0771
  0
LINE
  8
0
 10
-19.873
 20
-86.0771
 11
-19.9688
 21
-86.0674
  0
LINE
  8
0
 10
-19.9688
 20
-86.0674
 11
-20.0645
 21
-86.0557
  0
LINE
  8
0
 10
-20.0645
 20
-86.0557
 11
-20.1133
 21
-86.0498
  0
LINE
  8
0
 10
-20.1133
 20
-86.0498
 11
-20.209
 21
-86.0381
  0
LINE
  8
0
 10
-20.209
 20
-86.0381
 11
-20.2568
 21
-86.0312
  0
LINE
  8
0
 10
-20.2568
 20
-86.0312
 11
-20.3037
 21
-86.0244
  0
LINE
  8
0
 10
-20.3037
 20
-86.0244
 11
-20.4473
 21
-86.0039
  0
LINE
  8
0
 10
-20.4473
 20
-86.0039
 11
-20.4941
 21
-85.9961
  0
LINE
  8
0
 10
-20.4941
 20
-85.9961
 11
-20.542
 21
-85.9883
  0
LINE
  8
0
 10
-20.542
 20
-85.9883
 11
-20.5889
 21
-85.9805
  0
LINE
  8
0
 10
-20.5889
 20
-85.9805
 11
-20.6367
 21
-85.9727
  0
LINE
  8
0
 10
-20.6367
 20
-85.9727
 11
-20.6836
 21
-85.9639
  0
LINE
  8
0
 10
-20.6836
 20
-85.9639
 11
-20.7314
 21
-85.9561
  0
LINE
  8
0
 10
-20.7314
 20
-85.9561
 11
-20.7783
 21
-85.9473
  0
LINE
  8
0
 10
-20.7783
 20
-85.9473
 11
-20.8252
 21
-85.9375
  0
LINE
  8
0
 10
-20.8252
 20
-85.9375
 11
-20.8721
 21
-85.9287
  0
LINE
  8
0
 10
-20.8721
 20
-85.9287
 11
-20.9189
 21
-85.9189
  0
LINE
  8
0
 10
-20.9189
 20
-85.9189
 11
-20.9658
 21
-85.9102
  0
LINE
  8
0
 10
-20.9658
 20
-85.9102
 11
-21.0127
 21
-85.8994
  0
LINE
  8
0
 10
-21.0127
 20
-85.8994
 11
-21.1064
 21
-85.8799
  0
LINE
  8
0
 10
-21.1064
 20
-85.8799
 11
-21.1523
 21
-85.8691
  0
LINE
  8
0
 10
-21.1523
 20
-85.8691
 11
-21.2461
 21
-85.8477
  0
LINE
  8
0
 10
-21.2461
 20
-85.8477
 11
-21.292
 21
-85.8359
  0
LINE
  8
0
 10
-21.292
 20
-85.8359
 11
-21.3389
 21
-85.8252
  0
LINE
  8
0
 10
-21.3389
 20
-85.8252
 11
-21.4307
 21
-85.8018
  0
LINE
  8
0
 10
-21.4307
 20
-85.8018
 11
-21.4766
 21
-85.7891
  0
LINE
  8
0
 10
-21.4766
 20
-85.7891
 11
-21.5234
 21
-85.7773
  0
LINE
  8
0
 10
-21.5234
 20
-85.7773
 11
-21.6152
 21
-85.752
  0
LINE
  8
0
 10
-21.6152
 20
-85.752
 11
-21.6602
 21
-85.7383
  0
LINE
  8
0
 10
-21.6602
 20
-85.7383
 11
-21.7061
 21
-85.7256
  0
LINE
  8
0
 10
-21.7061
 20
-85.7256
 11
-21.7979
 21
-85.6982
  0
LINE
  8
0
 10
-21.7979
 20
-85.6982
 11
-21.8428
 21
-85.6836
  0
LINE
  8
0
 10
-21.8428
 20
-85.6836
 11
-21.8887
 21
-85.6699
  0
LINE
  8
0
 10
-21.8887
 20
-85.6699
 11
-21.9336
 21
-85.6553
  0
LINE
  8
0
 10
-21.9336
 20
-85.6553
 11
-21.9795
 21
-85.6406
  0
LINE
  8
0
 10
-21.9795
 20
-85.6406
 11
-22.0244
 21
-85.626
  0
LINE
  8
0
 10
-22.0244
 20
-85.626
 11
-22.2041
 21
-85.5635
  0
LINE
  8
0
 10
-22.2041
 20
-85.5635
 11
-22.249
 21
-85.5469
  0
LINE
  8
0
 10
-22.249
 20
-85.5469
 11
-22.2939
 21
-85.5312
  0
LINE
  8
0
 10
-22.2939
 20
-85.5312
 11
-22.3379
 21
-85.5146
  0
LINE
  8
0
 10
-22.3379
 20
-85.5146
 11
-22.3828
 21
-85.4971
  0
LINE
  8
0
 10
-22.3828
 20
-85.4971
 11
-22.4268
 21
-85.4805
  0
LINE
  8
0
 10
-22.4268
 20
-85.4805
 11
-22.4717
 21
-85.4629
  0
LINE
  8
0
 10
-22.4717
 20
-85.4629
 11
-22.5156
 21
-85.4453
  0
LINE
  8
0
 10
-22.5156
 20
-85.4453
 11
-22.5596
 21
-85.4268
  0
LINE
  8
0
 10
-22.5596
 20
-85.4268
 11
-22.6035
 21
-85.4092
  0
LINE
  8
0
 10
-22.6035
 20
-85.4092
 11
-22.6914
 21
-85.3721
  0
LINE
  8
0
 10
-22.6914
 20
-85.3721
 11
-22.7354
 21
-85.3525
  0
LINE
  8
0
 10
-22.7354
 20
-85.3525
 11
-22.7793
 21
-85.334
  0
LINE
  8
0
 10
-22.7793
 20
-85.334
 11
-22.8232
 21
-85.3145
  0
LINE
  8
0
 10
-22.8232
 20
-85.3145
 11
-22.8662
 21
-85.2939
  0
LINE
  8
0
 10
-22.8662
 20
-85.2939
 11
-22.9102
 21
-85.2744
  0
LINE
  8
0
 10
-22.9102
 20
-85.2744
 11
-22.9961
 21
-85.2334
  0
LINE
  8
0
 10
-22.9961
 20
-85.2334
 11
-23.04
 21
-85.2129
  0
LINE
  8
0
 10
-23.04
 20
-85.2129
 11
-23.1689
 21
-85.1484
  0
LINE
  8
0
 10
-23.1689
 20
-85.1484
 11
-23.2109
 21
-85.127
  0
LINE
  8
0
 10
-23.2109
 20
-85.127
 11
-23.2969
 21
-85.082
  0
LINE
  8
0
 10
-23.2969
 20
-85.082
 11
-23.3389
 21
-85.0596
  0
LINE
  8
0
 10
-23.3389
 20
-85.0596
 11
-23.3818
 21
-85.0371
  0
LINE
  8
0
 10
-23.3818
 20
-85.0371
 11
-23.4658
 21
-84.9902
  0
LINE
  8
0
 10
-23.4658
 20
-84.9902
 11
-23.5078
 21
-84.9658
  0
LINE
  8
0
 10
-23.5078
 20
-84.9658
 11
-23.5498
 21
-84.9424
  0
LINE
  8
0
 10
-23.5498
 20
-84.9424
 11
-23.5918
 21
-84.918
  0
LINE
  8
0
 10
-23.5918
 20
-84.918
 11
-23.6338
 21
-84.8926
  0
LINE
  8
0
 10
-23.6338
 20
-84.8926
 11
-23.6748
 21
-84.8682
  0
LINE
  8
0
 10
-23.6748
 20
-84.8682
 11
-23.7168
 21
-84.8428
  0
LINE
  8
0
 10
-23.7168
 20
-84.8428
 11
-23.7578
 21
-84.8174
  0
LINE
  8
0
 10
-23.7578
 20
-84.8174
 11
-23.7998
 21
-84.792
  0
LINE
  8
0
 10
-23.7998
 20
-84.792
 11
-23.9229
 21
-84.7129
  0
LINE
  8
0
 10
-23.9229
 20
-84.7129
 11
-23.9639
 21
-84.6855
  0
LINE
  8
0
 10
-23.9639
 20
-84.6855
 11
-24.0039
 21
-84.6582
  0
LINE
  8
0
 10
-24.0039
 20
-84.6582
 11
-24.0859
 21
-84.6035
  0
LINE
  8
0
 10
-24.0859
 20
-84.6035
 11
-24.166
 21
-84.5469
  0
LINE
  8
0
 10
-24.166
 20
-84.5469
 11
-24.207
 21
-84.5186
  0
LINE
  8
0
 10
-24.207
 20
-84.5186
 11
-24.2871
 21
-84.46
  0
LINE
  8
0
 10
-24.2871
 20
-84.46
 11
-24.3262
 21
-84.4307
  0
LINE
  8
0
 10
-24.3262
 20
-84.4307
 11
-24.4062
 21
-84.3701
  0
LINE
  8
0
 10
-24.4062
 20
-84.3701
 11
-24.4453
 21
-84.3398
  0
LINE
  8
0
 10
-24.4453
 20
-84.3398
 11
-24.4854
 21
-84.3096
  0
LINE
  8
0
 10
-24.4854
 20
-84.3096
 11
-24.5635
 21
-84.2471
  0
LINE
  8
0
 10
-24.5635
 20
-84.2471
 11
-24.6025
 21
-84.2148
  0
LINE
  8
0
 10
-24.6025
 20
-84.2148
 11
-24.6416
 21
-84.1836
  0
LINE
  8
0
 10
-24.6416
 20
-84.1836
 11
-24.6797
 21
-84.1504
  0
LINE
  8
0
 10
-24.6797
 20
-84.1504
 11
-24.7188
 21
-84.1182
  0
LINE
  8
0
 10
-24.7188
 20
-84.1182
 11
-24.7578
 21
-84.085
  0
LINE
  8
0
 10
-24.7578
 20
-84.085
 11
-24.834
 21
-84.0186
  0
LINE
  8
0
 10
-24.834
 20
-84.0186
 11
-24.8721
 21
-83.9844
  0
LINE
  8
0
 10
-24.8721
 20
-83.9844
 11
-24.9102
 21
-83.9512
  0
LINE
  8
0
 10
-24.9102
 20
-83.9512
 11
-24.9482
 21
-83.916
  0
LINE
  8
0
 10
-24.9482
 20
-83.916
 11
-24.9863
 21
-83.8818
  0
LINE
  8
0
 10
-24.9863
 20
-83.8818
 11
-25.0986
 21
-83.7754
  0
LINE
  8
0
 10
-25.0986
 20
-83.7754
 11
-25.1729
 21
-83.7031
  0
LINE
  8
0
 10
-25.1729
 20
-83.7031
 11
-25.2842
 21
-83.5918
  0
LINE
  8
0
 10
-25.2842
 20
-83.5918
 11
-25.3574
 21
-83.5166
  0
LINE
  8
0
 10
-25.3574
 20
-83.5166
 11
-25.3936
 21
-83.4775
  0
LINE
  8
0
 10
-25.3936
 20
-83.4775
 11
-25.4297
 21
-83.4395
  0
LINE
  8
0
 10
-25.4297
 20
-83.4395
 11
-25.502
 21
-83.3613
  0
LINE
  8
0
 10
-25.502
 20
-83.3613
 11
-25.5381
 21
-83.3213
  0
LINE
  8
0
 10
-25.5381
 20
-83.3213
 11
-25.5732
 21
-83.2812
  0
LINE
  8
0
 10
-25.5732
 20
-83.2812
 11
-25.6094
 21
-83.2412
  0
LINE
  8
0
 10
-25.6094
 20
-83.2412
 11
-25.6445
 21
-83.2012
  0
LINE
  8
0
 10
-25.6445
 20
-83.2012
 11
-25.6797
 21
-83.1602
  0
LINE
  8
0
 10
-25.6797
 20
-83.1602
 11
-25.7148
 21
-83.1182
  0
LINE
  8
0
 10
-25.7148
 20
-83.1182
 11
-25.75
 21
-83.0771
  0
LINE
  8
0
 10
-25.75
 20
-83.0771
 11
-25.7852
 21
-83.0352
  0
LINE
  8
0
 10
-25.7852
 20
-83.0352
 11
-25.8193
 21
-82.9932
  0
LINE
  8
0
 10
-25.8193
 20
-82.9932
 11
-25.8545
 21
-82.9502
  0
LINE
  8
0
 10
-25.8545
 20
-82.9502
 11
-25.9229
 21
-82.8643
  0
LINE
  8
0
 10
-25.9229
 20
-82.8643
 11
-25.9912
 21
-82.7764
  0
LINE
  8
0
 10
-25.9912
 20
-82.7764
 11
-26.0254
 21
-82.7314
  0
LINE
  8
0
 10
-26.0254
 20
-82.7314
 11
-26.0586
 21
-82.6875
  0
LINE
  8
0
 10
-26.0586
 20
-82.6875
 11
-26.0918
 21
-82.6426
  0
LINE
  8
0
 10
-26.0918
 20
-82.6426
 11
-26.126
 21
-82.5967
  0
LINE
  8
0
 10
-26.126
 20
-82.5967
 11
-26.1924
 21
-82.5049
  0
LINE
  8
0
 10
-26.1924
 20
-82.5049
 11
-26.2246
 21
-82.459
  0
LINE
  8
0
 10
-26.2246
 20
-82.459
 11
-26.2578
 21
-82.4121
  0
LINE
  8
0
 10
-26.2578
 20
-82.4121
 11
-26.291
 21
-82.3643
  0
LINE
  8
0
 10
-26.291
 20
-82.3643
 11
-26.3232
 21
-82.3174
  0
LINE
  8
0
 10
-26.3232
 20
-82.3174
 11
-26.3555
 21
-82.2695
  0
LINE
  8
0
 10
-26.3555
 20
-82.2695
 11
-26.3877
 21
-82.2207
  0
LINE
  8
0
 10
-26.3877
 20
-82.2207
 11
-26.4199
 21
-82.1729
  0
LINE
  8
0
 10
-26.4199
 20
-82.1729
 11
-26.4521
 21
-82.124
  0
LINE
  8
0
 10
-26.4521
 20
-82.124
 11
-26.5146
 21
-82.0244
  0
LINE
  8
0
 10
-26.5146
 20
-82.0244
 11
-26.5469
 21
-81.9746
  0
LINE
  8
0
 10
-26.5469
 20
-81.9746
 11
-26.5781
 21
-81.9248
  0
LINE
  8
0
 10
-26.5781
 20
-81.9248
 11
-26.6094
 21
-81.874
  0
LINE
  8
0
 10
-26.6094
 20
-81.874
 11
-26.6396
 21
-81.8223
  0
LINE
  8
0
 10
-26.6396
 20
-81.8223
 11
-26.6709
 21
-81.7715
  0
LINE
  8
0
 10
-26.6709
 20
-81.7715
 11
-26.7715
 21
-81.5996
  0
LINE
  8
0
 10
-26.7715
 20
-81.5996
 11
-26.8164
 21
-81.5195
  0
LINE
  8
0
 10
-26.8164
 20
-81.5195
 11
-26.8389
 21
-81.4785
  0
LINE
  8
0
 10
-26.8389
 20
-81.4785
 11
-26.8613
 21
-81.4385
  0
LINE
  8
0
 10
-26.8613
 20
-81.4385
 11
-26.9062
 21
-81.3564
  0
LINE
  8
0
 10
-26.9062
 20
-81.3564
 11
-26.9277
 21
-81.3164
  0
LINE
  8
0
 10
-26.9277
 20
-81.3164
 11
-26.9502
 21
-81.2754
  0
LINE
  8
0
 10
-26.9502
 20
-81.2754
 11
-26.9717
 21
-81.2344
  0
LINE
  8
0
 10
-26.9717
 20
-81.2344
 11
-26.9932
 21
-81.1924
  0
LINE
  8
0
 10
-26.9932
 20
-81.1924
 11
-27.0361
 21
-81.1104
  0
LINE
  8
0
 10
-27.0361
 20
-81.1104
 11
-27.0566
 21
-81.0684
  0
LINE
  8
0
 10
-27.0566
 20
-81.0684
 11
-27.0781
 21
-81.0273
  0
LINE
  8
0
 10
-27.0781
 20
-81.0273
 11
-27.1807
 21
-80.8174
  0
LINE
  8
0
 10
-27.1807
 20
-80.8174
 11
-27.2002
 21
-80.7754
  0
LINE
  8
0
 10
-27.2002
 20
-80.7754
 11
-27.2207
 21
-80.7324
  0
LINE
  8
0
 10
-27.2207
 20
-80.7324
 11
-27.2402
 21
-80.6904
  0
LINE
  8
0
 10
-27.2402
 20
-80.6904
 11
-27.2793
 21
-80.6045
  0
LINE
  8
0
 10
-27.2793
 20
-80.6045
 11
-27.2988
 21
-80.5625
  0
LINE
  8
0
 10
-27.2988
 20
-80.5625
 11
-27.3184
 21
-80.5195
  0
LINE
  8
0
 10
-27.3184
 20
-80.5195
 11
-27.3369
 21
-80.4766
  0
LINE
  8
0
 10
-27.3369
 20
-80.4766
 11
-27.3564
 21
-80.4336
  0
LINE
  8
0
 10
-27.3564
 20
-80.4336
 11
-27.375
 21
-80.3896
  0
LINE
  8
0
 10
-27.375
 20
-80.3896
 11
-27.4121
 21
-80.3037
  0
LINE
  8
0
 10
-27.4121
 20
-80.3037
 11
-27.4307
 21
-80.2598
  0
LINE
  8
0
 10
-27.4307
 20
-80.2598
 11
-27.4492
 21
-80.2168
  0
LINE
  8
0
 10
-27.4492
 20
-80.2168
 11
-27.4678
 21
-80.1729
  0
LINE
  8
0
 10
-27.4678
 20
-80.1729
 11
-27.5029
 21
-80.085
  0
LINE
  8
0
 10
-27.5029
 20
-80.085
 11
-27.5215
 21
-80.041
  0
LINE
  8
0
 10
-27.5215
 20
-80.041
 11
-27.5566
 21
-79.9531
  0
LINE
  8
0
 10
-27.5566
 20
-79.9531
 11
-27.5732
 21
-79.9092
  0
LINE
  8
0
 10
-27.5732
 20
-79.9092
 11
-27.5908
 21
-79.8643
  0
LINE
  8
0
 10
-27.5908
 20
-79.8643
 11
-27.6084
 21
-79.8203
  0
LINE
  8
0
 10
-27.6084
 20
-79.8203
 11
-27.6416
 21
-79.7305
  0
LINE
  8
0
 10
-27.6416
 20
-79.7305
 11
-27.6582
 21
-79.6865
  0
LINE
  8
0
 10
-27.6582
 20
-79.6865
 11
-27.708
 21
-79.5518
  0
LINE
  8
0
 10
-27.708
 20
-79.5518
 11
-27.7236
 21
-79.5068
  0
LINE
  8
0
 10
-27.7236
 20
-79.5068
 11
-27.7402
 21
-79.4609
  0
LINE
  8
0
 10
-27.7402
 20
-79.4609
 11
-27.7715
 21
-79.3711
  0
LINE
  8
0
 10
-27.7715
 20
-79.3711
 11
-27.7881
 21
-79.3252
  0
LINE
  8
0
 10
-27.7881
 20
-79.3252
 11
-27.8027
 21
-79.2793
  0
LINE
  8
0
 10
-27.8027
 20
-79.2793
 11
-27.8184
 21
-79.2344
  0
LINE
  8
0
 10
-27.8184
 20
-79.2344
 11
-27.8496
 21
-79.1426
  0
LINE
  8
0
 10
-27.8496
 20
-79.1426
 11
-27.8789
 21
-79.0508
  0
LINE
  8
0
 10
-27.8789
 20
-79.0508
 11
-27.8945
 21
-79.0049
  0
LINE
  8
0
 10
-27.8945
 20
-79.0049
 11
-27.9238
 21
-78.9131
  0
LINE
  8
0
 10
-27.9238
 20
-78.9131
 11
-27.9375
 21
-78.8662
  0
LINE
  8
0
 10
-27.9375
 20
-78.8662
 11
-27.9521
 21
-78.8203
  0
LINE
  8
0
 10
-27.9521
 20
-78.8203
 11
-27.9668
 21
-78.7734
  0
LINE
  8
0
 10
-27.9668
 20
-78.7734
 11
-27.9805
 21
-78.7275
  0
LINE
  8
0
 10
-27.9805
 20
-78.7275
 11
-27.9941
 21
-78.6807
  0
LINE
  8
0
 10
-27.9941
 20
-78.6807
 11
-28.0088
 21
-78.6338
  0
LINE
  8
0
 10
-28.0088
 20
-78.6338
 11
-28.0498
 21
-78.4932
  0
LINE
  8
0
 10
-28.0498
 20
-78.4932
 11
-28.0625
 21
-78.4463
  0
LINE
  8
0
 10
-28.0625
 20
-78.4463
 11
-28.0898
 21
-78.3525
  0
LINE
  8
0
 10
-28.0898
 20
-78.3525
 11
-28.1025
 21
-78.3047
  0
LINE
  8
0
 10
-28.1025
 20
-78.3047
 11
-28.1152
 21
-78.2578
  0
LINE
  8
0
 10
-28.1152
 20
-78.2578
 11
-28.1279
 21
-78.21
  0
LINE
  8
0
 10
-28.1279
 20
-78.21
 11
-28.1406
 21
-78.1631
  0
LINE
  8
0
 10
-28.1406
 20
-78.1631
 11
-28.166
 21
-78.0674
  0
LINE
  8
0
 10
-28.166
 20
-78.0674
 11
-28.1787
 21
-78.0205
  0
LINE
  8
0
 10
-28.1787
 20
-78.0205
 11
-28.1904
 21
-77.9727
  0
LINE
  8
0
 10
-28.1904
 20
-77.9727
 11
-28.2031
 21
-77.9248
  0
LINE
  8
0
 10
-28.2031
 20
-77.9248
 11
-28.2266
 21
-77.8291
  0
LINE
  8
0
 10
-28.2266
 20
-77.8291
 11
-28.2393
 21
-77.7803
  0
LINE
  8
0
 10
-28.2393
 20
-77.7803
 11
-28.2627
 21
-77.6846
  0
LINE
  8
0
 10
-28.2627
 20
-77.6846
 11
-28.2734
 21
-77.6367
  0
LINE
  8
0
 10
-28.2734
 20
-77.6367
 11
-28.2852
 21
-77.5879
  0
LINE
  8
0
 10
-28.2852
 20
-77.5879
 11
-28.2969
 21
-77.54
  0
LINE
  8
0
 10
-28.2969
 20
-77.54
 11
-28.3076
 21
-77.4912
  0
LINE
  8
0
 10
-28.3076
 20
-77.4912
 11
-28.3193
 21
-77.4424
  0
LINE
  8
0
 10
-28.3193
 20
-77.4424
 11
-28.3301
 21
-77.3945
  0
LINE
  8
0
 10
-28.3301
 20
-77.3945
 11
-28.3838
 21
-77.1504
  0
LINE
  8
0
 10
-28.3838
 20
-77.1504
 11
-28.3936
 21
-77.1016
  0
LINE
  8
0
 10
-28.3936
 20
-77.1016
 11
-28.4043
 21
-77.0527
  0
LINE
  8
0
 10
-28.4043
 20
-77.0527
 11
-28.4141
 21
-77.0029
  0
LINE
  8
0
 10
-28.4141
 20
-77.0029
 11
-28.4238
 21
-76.9541
  0
LINE
  8
0
 10
-28.4238
 20
-76.9541
 11
-28.4346
 21
-76.9053
  0
LINE
  8
0
 10
-28.4346
 20
-76.9053
 11
-28.4443
 21
-76.8555
  0
LINE
  8
0
 10
-28.4443
 20
-76.8555
 11
-28.4541
 21
-76.8066
  0
LINE
  8
0
 10
-28.4541
 20
-76.8066
 11
-28.4736
 21
-76.707
  0
LINE
  8
0
 10
-28.4736
 20
-76.707
 11
-28.4824
 21
-76.6582
  0
LINE
  8
0
 10
-28.4824
 20
-76.6582
 11
-28.4922
 21
-76.6084
  0
LINE
  8
0
 10
-28.4922
 20
-76.6084
 11
-28.501
 21
-76.5586
  0
LINE
  8
0
 10
-28.501
 20
-76.5586
 11
-28.5107
 21
-76.5088
  0
LINE
  8
0
 10
-28.5107
 20
-76.5088
 11
-28.5283
 21
-76.4092
  0
LINE
  8
0
 10
-28.5283
 20
-76.4092
 11
-28.5381
 21
-76.3594
  0
LINE
  8
0
 10
-28.5381
 20
-76.3594
 11
-28.5557
 21
-76.2598
  0
LINE
  8
0
 10
-28.5557
 20
-76.2598
 11
-28.5635
 21
-76.21
  0
LINE
  8
0
 10
-28.5635
 20
-76.21
 11
-28.5723
 21
-76.1602
  0
LINE
  8
0
 10
-28.5723
 20
-76.1602
 11
-28.5811
 21
-76.1094
  0
LINE
  8
0
 10
-28.5811
 20
-76.1094
 11
-28.5889
 21
-76.0596
  0
LINE
  8
0
 10
-28.5889
 20
-76.0596
 11
-28.5977
 21
-76.0098
  0
LINE
  8
0
 10
-28.5977
 20
-76.0098
 11
-28.6055
 21
-75.959
  0
LINE
  8
0
 10
-28.6055
 20
-75.959
 11
-28.6143
 21
-75.9092
  0
LINE
  8
0
 10
-28.6143
 20
-75.9092
 11
-28.6299
 21
-75.8076
  0
LINE
  8
0
 10
-28.6299
 20
-75.8076
 11
-28.6377
 21
-75.7578
  0
LINE
  8
0
 10
-28.6377
 20
-75.7578
 11
-28.6611
 21
-75.6055
  0
LINE
  8
0
 10
-28.6611
 20
-75.6055
 11
-28.668
 21
-75.5557
  0
LINE
  8
0
 10
-28.668
 20
-75.5557
 11
-28.6758
 21
-75.5049
  0
LINE
  8
0
 10
-28.6758
 20
-75.5049
 11
-28.6826
 21
-75.4541
  0
LINE
  8
0
 10
-28.6826
 20
-75.4541
 11
-28.6904
 21
-75.4033
  0
LINE
  8
0
 10
-28.6904
 20
-75.4033
 11
-28.6973
 21
-75.3525
  0
LINE
  8
0
 10
-28.6973
 20
-75.3525
 11
-28.7041
 21
-75.3008
  0
LINE
  8
0
 10
-28.7041
 20
-75.3008
 11
-28.7246
 21
-75.1484
  0
LINE
  8
0
 10
-28.7246
 20
-75.1484
 11
-28.7314
 21
-75.0967
  0
LINE
  8
0
 10
-28.7314
 20
-75.0967
 11
-28.7451
 21
-74.9951
  0
LINE
  8
0
 10
-28.7451
 20
-74.9951
 11
-28.752
 21
-74.9434
  0
LINE
  8
0
 10
-28.752
 20
-74.9434
 11
-28.7578
 21
-74.8926
  0
LINE
  8
0
 10
-28.7578
 20
-74.8926
 11
-28.7646
 21
-74.8408
  0
LINE
  8
0
 10
-28.7646
 20
-74.8408
 11
-28.7705
 21
-74.79
  0
LINE
  8
0
 10
-28.7705
 20
-74.79
 11
-28.7764
 21
-74.7383
  0
LINE
  8
0
 10
-28.7764
 20
-74.7383
 11
-28.7832
 21
-74.6875
  0
LINE
  8
0
 10
-28.7832
 20
-74.6875
 11
-28.7949
 21
-74.584
  0
LINE
  8
0
 10
-28.7949
 20
-74.584
 11
-28.8008
 21
-74.5332
  0
LINE
  8
0
 10
-28.8008
 20
-74.5332
 11
-28.8184
 21
-74.3779
  0
LINE
  8
0
 10
-28.8184
 20
-74.3779
 11
-28.8232
 21
-74.3262
  0
LINE
  8
0
 10
-28.8232
 20
-74.3262
 11
-28.8291
 21
-74.2744
  0
LINE
  8
0
 10
-28.8291
 20
-74.2744
 11
-28.834
 21
-74.2227
  0
LINE
  8
0
 10
-28.834
 20
-74.2227
 11
-28.8398
 21
-74.1709
  0
LINE
  8
0
 10
-28.8398
 20
-74.1709
 11
-28.8447
 21
-74.1191
  0
LINE
  8
0
 10
-28.8447
 20
-74.1191
 11
-28.8506
 21
-74.0674
  0
LINE
  8
0
 10
-28.8506
 20
-74.0674
 11
-28.8701
 21
-73.8604
  0
LINE
  8
0
 10
-28.8701
 20
-73.8604
 11
-28.875
 21
-73.8076
  0
LINE
  8
0
 10
-28.875
 20
-73.8076
 11
-28.8896
 21
-73.6523
  0
LINE
  8
0
 10
-28.8896
 20
-73.6523
 11
-28.8945
 21
-73.5996
  0
LINE
  8
0
 10
-28.8945
 20
-73.5996
 11
-28.8984
 21
-73.5479
  0
LINE
  8
0
 10
-28.8984
 20
-73.5479
 11
-28.9033
 21
-73.4961
  0
LINE
  8
0
 10
-28.9033
 20
-73.4961
 11
-28.9072
 21
-73.4434
  0
LINE
  8
0
 10
-28.9072
 20
-73.4434
 11
-28.9121
 21
-73.3916
  0
LINE
  8
0
 10
-28.9121
 20
-73.3916
 11
-28.916
 21
-73.3389
  0
LINE
  8
0
 10
-28.916
 20
-73.3389
 11
-28.9209
 21
-73.2871
  0
LINE
  8
0
 10
-28.9209
 20
-73.2871
 11
-28.9248
 21
-73.2344
  0
LINE
  8
0
 10
-28.9248
 20
-73.2344
 11
-28.9287
 21
-73.1826
  0
LINE
  8
0
 10
-28.9287
 20
-73.1826
 11
-28.9365
 21
-73.0771
  0
LINE
  8
0
 10
-28.9365
 20
-73.0771
 11
-28.9404
 21
-73.0254
  0
LINE
  8
0
 10
-28.9404
 20
-73.0254
 11
-28.9443
 21
-72.9727
  0
LINE
  8
0
 10
-28.9443
 20
-72.9727
 11
-28.9482
 21
-72.9209
  0
LINE
  8
0
 10
-28.9482
 20
-72.9209
 11
-28.9521
 21
-72.8682
  0
LINE
  8
0
 10
-28.9521
 20
-72.8682
 11
-28.9551
 21
-72.8154
  0
LINE
  8
0
 10
-28.9551
 20
-72.8154
 11
-28.959
 21
-72.7627
  0
LINE
  8
0
 10
-28.959
 20
-72.7627
 11
-28.9629
 21
-72.7109
  0
LINE
  8
0
 10
-28.9629
 20
-72.7109
 11
-28.9658
 21
-72.6582
  0
LINE
  8
0
 10
-28.9658
 20
-72.6582
 11
-28.9697
 21
-72.6055
  0
LINE
  8
0
 10
-28.9697
 20
-72.6055
 11
-28.9727
 21
-72.5527
  0
LINE
  8
0
 10
-28.9727
 20
-72.5527
 11
-28.9766
 21
-72.501
  0
LINE
  8
0
 10
-28.9766
 20
-72.501
 11
-28.9824
 21
-72.3955
  0
LINE
  8
0
 10
-28.9824
 20
-72.3955
 11
-28.9863
 21
-72.3428
  0
LINE
  8
0
 10
-28.9863
 20
-72.3428
 11
-29.001
 21
-72.0791
  0
LINE
  8
0
 10
-29.001
 20
-72.0791
 11
-29.0039
 21
-72.0273
  0
LINE
  8
0
 10
-29.0039
 20
-72.0273
 11
-29.0068
 21
-71.9746
  0
LINE
  8
0
 10
-29.0068
 20
-71.9746
 11
-29.0088
 21
-71.9219
  0
LINE
  8
0
 10
-29.0088
 20
-71.9219
 11
-29.0176
 21
-71.7637
  0
LINE
  8
0
 10
-29.0176
 20
-71.7637
 11
-29.0195
 21
-71.7109
  0
LINE
  8
0
 10
-29.0195
 20
-71.7109
 11
-29.0225
 21
-71.6582
  0
LINE
  8
0
 10
-29.0225
 20
-71.6582
 11
-29.0244
 21
-71.6055
  0
LINE
  8
0
 10
-29.0244
 20
-71.6055
 11
-29.0273
 21
-71.5527
  0
LINE
  8
0
 10
-29.0273
 20
-71.5527
 11
-29.0312
 21
-71.4463
  0
LINE
  8
0
 10
-29.0312
 20
-71.4463
 11
-29.0342
 21
-71.3936
  0
LINE
  8
0
 10
-29.0342
 20
-71.3936
 11
-29.042
 21
-71.1826
  0
LINE
  8
0
 10
-29.042
 20
-71.1826
 11
-29.0449
 21
-71.1299
  0
LINE
  8
0
 10
-29.0449
 20
-71.1299
 11
-29.0508
 21
-70.9717
  0
LINE
  8
0
 10
-29.0508
 20
-70.9717
 11
-29.0518
 21
-70.9189
  0
LINE
  8
0
 10
-29.0518
 20
-70.9189
 11
-29.0537
 21
-70.8652
  0
LINE
  8
0
 10
-29.0537
 20
-70.8652
 11
-29.0596
 21
-70.707
  0
LINE
  8
0
 10
-29.0596
 20
-70.707
 11
-29.0605
 21
-70.6543
  0
LINE
  8
0
 10
-29.0605
 20
-70.6543
 11
-29.0645
 21
-70.5488
  0
LINE
  8
0
 10
-29.0645
 20
-70.5488
 11
-29.0654
 21
-70.4961
  0
LINE
  8
0
 10
-29.0654
 20
-70.4961
 11
-29.0674
 21
-70.4434
  0
LINE
  8
0
 10
-29.0674
 20
-70.4434
 11
-29.0684
 21
-70.3906
  0
LINE
  8
0
 10
-29.0684
 20
-70.3906
 11
-29.0703
 21
-70.3379
  0
LINE
  8
0
 10
-29.0703
 20
-70.3379
 11
-29.0713
 21
-70.2852
  0
LINE
  8
0
 10
-29.0713
 20
-70.2852
 11
-29.0732
 21
-70.2314
  0
LINE
  8
0
 10
-29.0732
 20
-70.2314
 11
-29.0752
 21
-70.126
  0
LINE
  8
0
 10
-29.0752
 20
-70.126
 11
-29.0771
 21
-70.0732
  0
LINE
  8
0
 10
-29.0771
 20
-70.0732
 11
-29.0801
 21
-69.915
  0
LINE
  8
0
 10
-29.0801
 20
-69.915
 11
-29.082
 21
-69.8623
  0
LINE
  8
0
 10
-29.082
 20
-69.8623
 11
-29.0938
 21
-69.2305
  0
LINE
  8
0
 10
-29.0938
 20
-69.2305
 11
-29.0938
 21
-69.1777
  0
LINE
  8
0
 10
-29.0938
 20
-69.1777
 11
-29.0967
 21
-69.0195
  0
LINE
  8
0
 10
-29.0967
 20
-69.0195
 11
-29.0967
 21
-68.9678
  0
LINE
  8
0
 10
-29.0967
 20
-68.9678
 11
-29.0986
 21
-68.8623
  0
LINE
  8
0
 10
-29.0986
 20
-68.8623
 11
-29.0986
 21
-68.8096
  0
LINE
  8
0
 10
-29.0986
 20
-68.8096
 11
-29.1006
 21
-68.7051
  0
LINE
  8
0
 10
-29.1006
 20
-68.7051
 11
-29.1006
 21
-68.6523
  0
LINE
  8
0
 10
-29.1006
 20
-68.6523
 11
-29.1016
 21
-68.6006
  0
LINE
  8
0
 10
-29.1016
 20
-68.6006
 11
-29.1016
 21
-68.5479
  0
LINE
  8
0
 10
-29.1016
 20
-68.5479
 11
-29.1025
 21
-68.4951
  0
LINE
  8
0
 10
-29.1025
 20
-68.4951
 11
-29.1025
 21
-68.4434
  0
LINE
  8
0
 10
-29.1025
 20
-68.4434
 11
-29.1035
 21
-68.3906
  0
LINE
  8
0
 10
-29.1035
 20
-68.3906
 11
-29.1035
 21
-68.3389
  0
LINE
  8
0
 10
-29.1035
 20
-68.3389
 11
-29.1045
 21
-68.2861
  0
LINE
  8
0
 10
-29.1045
 20
-68.2861
 11
-29.1045
 21
-68.2344
  0
LINE
  8
0
 10
-29.1045
 20
-68.2344
 11
-29.1055
 21
-68.1816
  0
LINE
  8
0
 10
-29.1055
 20
-68.1816
 11
-29.1055
 21
-68.1299
  0
LINE
  8
0
 10
-29.1055
 20
-68.1299
 11
-29.1064
 21
-68.0771
  0
LINE
  8
0
 10
-29.1064
 20
-68.0771
 11
-29.1064
 21
-67.9736
  0
LINE
  8
0
 10
-29.1064
 20
-67.9736
 11
-29.1074
 21
-67.9209
  0
LINE
  8
0
 10
-29.1074
 20
-67.9209
 11
-29.1074
 21
-67.8174
  0
LINE
  8
0
 10
-29.1074
 20
-67.8174
 11
-29.1084
 21
-67.7656
  0
LINE
  8
0
 10
-29.1084
 20
-67.7656
 11
-29.1084
 21
-67.6611
  0
LINE
  8
0
 10
-29.1084
 20
-67.6611
 11
-29.1094
 21
-67.6094
  0
LINE
  8
0
 10
-29.1094
 20
-67.6094
 11
-29.1094
 21
-67.5059
  0
LINE
  8
0
 10
-29.1094
 20
-67.5059
 11
-29.1104
 21
-67.4541
  0
LINE
  8
0
 10
-29.1104
 20
-67.4541
 11
-29.1104
 21
-67.2988
  0
LINE
  8
0
 10
-29.1104
 20
-67.2988
 11
-29.1113
 21
-67.2471
  0
LINE
  8
0
 10
-29.1113
 20
-67.2471
 11
-29.1113
 21
-67.0928
  0
LINE
  8
0
 10
-29.1113
 20
-67.0928
 11
-29.1123
 21
-67.041
  0
LINE
  8
0
 10
-29.1123
 20
-67.041
 11
-29.1123
 21
-66.8867
  0
LINE
  8
0
 10
-29.1123
 20
-66.8867
 11
-29.1133
 21
-66.835
  0
LINE
  8
0
 10
-29.1133
 20
-66.835
 11
-29.1133
 21
-66.6299
  0
LINE
  8
0
 10
-29.1133
 20
-66.6299
 11
-29.1143
 21
-66.5791
  0
LINE
  8
0
 10
-29.1143
 20
-66.5791
 11
-29.1143
 21
-66.4258
  0
LINE
  8
0
 10
-29.1143
 20
-66.4258
 11
-29.1152
 21
-66.374
  0
LINE
  8
0
 10
-29.1152
 20
-66.374
 11
-29.1152
 21
-66.2217
  0
LINE
  8
0
 10
-29.1152
 20
-66.2217
 11
-29.1162
 21
-66.1709
  0
LINE
  8
0
 10
-29.1162
 20
-66.1709
 11
-29.1162
 21
-66.0186
  0
LINE
  8
0
 10
-29.1162
 20
-66.0186
 11
-29.1172
 21
-65.9678
  0
LINE
  8
0
 10
-29.1172
 20
-65.9678
 11
-29.1172
 21
-65.8672
  0
LINE
  8
0
 10
-29.1172
 20
-65.8672
 11
-29.1182
 21
-65.8164
  0
LINE
  8
0
 10
-29.1182
 20
-65.8164
 11
-29.1182
 21
-65.665
  0
LINE
  8
0
 10
-29.1182
 20
-65.665
 11
-29.1191
 21
-65.6152
  0
LINE
  8
0
 10
-29.1191
 20
-65.6152
 11
-29.1191
 21
-65.5645
  0
LINE
  8
0
 10
-29.1191
 20
-65.5645
 11
-29.1201
 21
-65.5146
  0
LINE
  8
0
 10
-29.1201
 20
-65.5146
 11
-29.1201
 21
-65.4141
  0
LINE
  8
0
 10
-29.1201
 20
-65.4141
 11
-29.1211
 21
-65.3643
  0
LINE
  8
0
 10
-29.1211
 20
-65.3643
 11
-29.1211
 21
-65.3145
  0
LINE
  8
0
 10
-29.1211
 20
-65.3145
 11
-29.1221
 21
-65.2646
  0
LINE
  8
0
 10
-29.1221
 20
-65.2646
 11
-29.1221
 21
-65.165
  0
LINE
  8
0
 10
-29.1221
 20
-65.165
 11
-29.123
 21
-65.1152
  0
LINE
  8
0
 10
-29.123
 20
-65.1152
 11
-29.123
 21
-65.0654
  0
LINE
  8
0
 10
-29.123
 20
-65.0654
 11
-29.124
 21
-65.0156
  0
LINE
  8
0
 10
-29.124
 20
-65.0156
 11
-29.124
 21
-64.9658
  0
LINE
  8
0
 10
-29.124
 20
-64.9658
 11
-29.126
 21
-64.8672
  0
LINE
  8
0
 10
-29.126
 20
-64.8672
 11
-29.126
 21
-64.8174
  0
LINE
  8
0
 10
-29.126
 20
-64.8174
 11
-29.127
 21
-64.7686
  0
LINE
  8
0
 10
-29.127
 20
-64.7686
 11
-29.127
 21
-64.7188
  0
LINE
  8
0
 10
-29.127
 20
-64.7188
 11
-29.1289
 21
-64.6201
  0
LINE
  8
0
 10
-29.1289
 20
-64.6201
 11
-29.1289
 21
-64.5713
  0
LINE
  8
0
 10
-29.1289
 20
-64.5713
 11
-29.1309
 21
-64.4736
  0
LINE
  8
0
 10
-29.1309
 20
-64.4736
 11
-29.1309
 21
-64.4238
  0
LINE
  8
0
 10
-29.1309
 20
-64.4238
 11
-29.1357
 21
-64.1807
  0
LINE
  8
0
 10
-29.1357
 20
-64.1807
 11
-29.1357
 21
-64.1318
  0
LINE
  8
0
 10
-29.1357
 20
-64.1318
 11
-29.1416
 21
-63.8418
  0
LINE
  8
0
 10
-29.1416
 20
-63.8418
 11
-29.1436
 21
-63.7939
  0
LINE
  8
0
 10
-29.1436
 20
-63.7939
 11
-29.1484
 21
-63.5547
  0
LINE
  8
0
 10
-29.1484
 20
-63.5547
 11
-29.1504
 21
-63.5078
  0
LINE
  8
0
 10
-29.1504
 20
-63.5078
 11
-29.1523
 21
-63.4121
  0
LINE
  8
0
 10
-29.1523
 20
-63.4121
 11
-29.1543
 21
-63.3652
  0
LINE
  8
0
 10
-29.1543
 20
-63.3652
 11
-29.1553
 21
-63.3174
  0
LINE
  8
0
 10
-29.1553
 20
-63.3174
 11
-29.1572
 21
-63.2705
  0
LINE
  8
0
 10
-29.1572
 20
-63.2705
 11
-29.1582
 21
-63.2227
  0
LINE
  8
0
 10
-29.1582
 20
-63.2227
 11
-29.1602
 21
-63.1758
  0
LINE
  8
0
 10
-29.1602
 20
-63.1758
 11
-29.1611
 21
-63.1289
  0
LINE
  8
0
 10
-29.1611
 20
-63.1289
 11
-29.165
 21
-63.0352
  0
LINE
  8
0
 10
-29.165
 20
-63.0352
 11
-29.166
 21
-62.9883
  0
LINE
  8
0
 10
-29.166
 20
-62.9883
 11
-29.1699
 21
-62.8955
  0
LINE
  8
0
 10
-29.1699
 20
-62.8955
 11
-29.1709
 21
-62.8486
  0
LINE
  8
0
 10
-29.1709
 20
-62.8486
 11
-29.1768
 21
-62.709
  0
LINE
  8
0
 10
-29.1768
 20
-62.709
 11
-29.1826
 21
-62.5713
  0
LINE
  8
0
 10
-29.1826
 20
-62.5713
 11
-29.1865
 21
-62.4785
  0
LINE
  8
0
 10
-29.1865
 20
-62.4785
 11
-29.1895
 21
-62.4336
  0
LINE
  8
0
 10
-29.1895
 20
-62.4336
 11
-29.1953
 21
-62.2959
  0
LINE
  8
0
 10
-29.1953
 20
-62.2959
 11
-29.1982
 21
-62.251
  0
LINE
  8
0
 10
-29.1982
 20
-62.251
 11
-29.2002
 21
-62.2051
  0
LINE
  8
0
 10
-29.2002
 20
-62.2051
 11
-29.2031
 21
-62.1602
  0
LINE
  8
0
 10
-29.2031
 20
-62.1602
 11
-29.2051
 21
-62.1152
  0
LINE
  8
0
 10
-29.2051
 20
-62.1152
 11
-29.208
 21
-62.0693
  0
LINE
  8
0
 10
-29.208
 20
-62.0693
 11
-29.21
 21
-62.0244
  0
LINE
  8
0
 10
-29.21
 20
-62.0244
 11
-29.2158
 21
-61.9346
  0
LINE
  8
0
 10
-29.2158
 20
-61.9346
 11
-29.2178
 21
-61.8906
  0
LINE
  8
0
 10
-29.2178
 20
-61.8906
 11
-29.2236
 21
-61.8008
  0
LINE
  8
0
 10
-29.2236
 20
-61.8008
 11
-29.2266
 21
-61.7568
  0
LINE
  8
0
 10
-29.2266
 20
-61.7568
 11
-29.2295
 21
-61.7119
  0
LINE
  8
0
 10
-29.2295
 20
-61.7119
 11
-29.2354
 21
-61.624
  0
LINE
  8
0
 10
-29.2354
 20
-61.624
 11
-29.2383
 21
-61.5791
  0
LINE
  8
0
 10
-29.2383
 20
-61.5791
 11
-29.2422
 21
-61.5293
  0
LINE
  8
0
 10
-29.2422
 20
-61.5293
 11
-29.2451
 21
-61.4805
  0
LINE
  8
0
 10
-29.2451
 20
-61.4805
 11
-29.249
 21
-61.4307
  0
LINE
  8
0
 10
-29.249
 20
-61.4307
 11
-29.252
 21
-61.3809
  0
LINE
  8
0
 10
-29.252
 20
-61.3809
 11
-29.2559
 21
-61.3311
  0
LINE
  8
0
 10
-29.2559
 20
-61.3311
 11
-29.2588
 21
-61.2812
  0
LINE
  8
0
 10
-29.2588
 20
-61.2812
 11
-29.2627
 21
-61.2314
  0
LINE
  8
0
 10
-29.2627
 20
-61.2314
 11
-29.2656
 21
-61.1816
  0
LINE
  8
0
 10
-29.2656
 20
-61.1816
 11
-29.2695
 21
-61.1318
  0
LINE
  8
0
 10
-29.2695
 20
-61.1318
 11
-29.2725
 21
-61.082
  0
LINE
  8
0
 10
-29.2725
 20
-61.082
 11
-29.2764
 21
-61.0322
  0
LINE
  8
0
 10
-29.2764
 20
-61.0322
 11
-29.2793
 21
-60.9824
  0
LINE
  8
0
 10
-29.2793
 20
-60.9824
 11
-29.2832
 21
-60.9326
  0
LINE
  8
0
 10
-29.2832
 20
-60.9326
 11
-29.2891
 21
-60.833
  0
LINE
  8
0
 10
-29.2891
 20
-60.833
 11
-29.293
 21
-60.7832
  0
LINE
  8
0
 10
-29.293
 20
-60.7832
 11
-29.2959
 21
-60.7334
  0
LINE
  8
0
 10
-29.2959
 20
-60.7334
 11
-29.2998
 21
-60.6836
  0
LINE
  8
0
 10
-29.2998
 20
-60.6836
 11
-29.3057
 21
-60.584
  0
LINE
  8
0
 10
-29.3057
 20
-60.584
 11
-29.3096
 21
-60.5342
  0
LINE
  8
0
 10
-29.3096
 20
-60.5342
 11
-29.3184
 21
-60.3848
  0
LINE
  8
0
 10
-29.3184
 20
-60.3848
 11
-29.3223
 21
-60.335
  0
LINE
  8
0
 10
-29.3223
 20
-60.335
 11
-29.3281
 21
-60.2354
  0
LINE
  8
0
 10
-29.3281
 20
-60.2354
 11
-29.332
 21
-60.1855
  0
LINE
  8
0
 10
-29.332
 20
-60.1855
 11
-29.3379
 21
-60.0859
  0
LINE
  8
0
 10
-29.3379
 20
-60.0859
 11
-29.3408
 21
-60.0371
  0
LINE
  8
0
 10
-29.3408
 20
-60.0371
 11
-29.3438
 21
-59.9873
  0
LINE
  8
0
 10
-29.3438
 20
-59.9873
 11
-29.3477
 21
-59.9375
  0
LINE
  8
0
 10
-29.3477
 20
-59.9375
 11
-29.3623
 21
-59.6885
  0
LINE
  8
0
 10
-29.3623
 20
-59.6885
 11
-29.3662
 21
-59.6387
  0
LINE
  8
0
 10
-29.3662
 20
-59.6387
 11
-29.3838
 21
-59.3398
  0
LINE
  8
0
 10
-29.3838
 20
-59.3398
 11
-29.3867
 21
-59.2891
  0
LINE
  8
0
 10
-29.3867
 20
-59.2891
 11
-29.4336
 21
-58.4922
  0
LINE
  8
0
 10
-29.4336
 20
-58.4922
 11
-29.4355
 21
-58.4424
  0
LINE
  8
0
 10
-29.4355
 20
-58.4424
 11
-29.4502
 21
-58.1934
  0
LINE
  8
0
 10
-29.4502
 20
-58.1934
 11
-29.4521
 21
-58.1436
  0
LINE
  8
0
 10
-29.4521
 20
-58.1436
 11
-29.4639
 21
-57.9443
  0
LINE
  8
0
 10
-29.4639
 20
-57.9443
 11
-29.4658
 21
-57.8945
  0
LINE
  8
0
 10
-29.4658
 20
-57.8945
 11
-29.4717
 21
-57.7949
  0
LINE
  8
0
 10
-29.4717
 20
-57.7949
 11
-29.4736
 21
-57.7441
  0
LINE
  8
0
 10
-29.4736
 20
-57.7441
 11
-29.4824
 21
-57.5947
  0
LINE
  8
0
 10
-29.4824
 20
-57.5947
 11
-29.4844
 21
-57.5449
  0
LINE
  8
0
 10
-29.4844
 20
-57.5449
 11
-29.4902
 21
-57.4453
  0
LINE
  8
0
 10
-29.4902
 20
-57.4453
 11
-29.4922
 21
-57.3955
  0
LINE
  8
0
 10
-29.4922
 20
-57.3955
 11
-29.498
 21
-57.2959
  0
LINE
  8
0
 10
-29.498
 20
-57.2959
 11
-29.5
 21
-57.2461
  0
LINE
  8
0
 10
-29.5
 20
-57.2461
 11
-29.5029
 21
-57.1963
  0
LINE
  8
0
 10
-29.5029
 20
-57.1963
 11
-29.5049
 21
-57.1465
  0
LINE
  8
0
 10
-29.5049
 20
-57.1465
 11
-29.5107
 21
-57.0469
  0
LINE
  8
0
 10
-29.5107
 20
-57.0469
 11
-29.5127
 21
-56.9961
  0
LINE
  8
0
 10
-29.5127
 20
-56.9961
 11
-29.5156
 21
-56.9463
  0
LINE
  8
0
 10
-29.5156
 20
-56.9463
 11
-29.5176
 21
-56.8965
  0
LINE
  8
0
 10
-29.5176
 20
-56.8965
 11
-29.5205
 21
-56.8467
  0
LINE
  8
0
 10
-29.5205
 20
-56.8467
 11
-29.5225
 21
-56.7969
  0
LINE
  8
0
 10
-29.5225
 20
-56.7969
 11
-29.5254
 21
-56.7471
  0
LINE
  8
0
 10
-29.5254
 20
-56.7471
 11
-29.5273
 21
-56.6973
  0
LINE
  8
0
 10
-29.5273
 20
-56.6973
 11
-29.5303
 21
-56.6475
  0
LINE
  8
0
 10
-29.5303
 20
-56.6475
 11
-29.5322
 21
-56.5977
  0
LINE
  8
0
 10
-29.5322
 20
-56.5977
 11
-29.5352
 21
-56.5479
  0
LINE
  8
0
 10
-29.5352
 20
-56.5479
 11
-29.5371
 21
-56.498
  0
LINE
  8
0
 10
-29.5371
 20
-56.498
 11
-29.54
 21
-56.4482
  0
LINE
  8
0
 10
-29.54
 20
-56.4482
 11
-29.542
 21
-56.3975
  0
LINE
  8
0
 10
-29.542
 20
-56.3975
 11
-29.5449
 21
-56.3477
  0
LINE
  8
0
 10
-29.5449
 20
-56.3477
 11
-29.5469
 21
-56.2979
  0
LINE
  8
0
 10
-29.5469
 20
-56.2979
 11
-29.5498
 21
-56.248
  0
LINE
  8
0
 10
-29.5498
 20
-56.248
 11
-29.5518
 21
-56.1982
  0
LINE
  8
0
 10
-29.5518
 20
-56.1982
 11
-29.5547
 21
-56.1484
  0
LINE
  8
0
 10
-29.5547
 20
-56.1484
 11
-29.5586
 21
-56.0488
  0
LINE
  8
0
 10
-29.5586
 20
-56.0488
 11
-29.5615
 21
-55.999
  0
LINE
  8
0
 10
-29.5615
 20
-55.999
 11
-29.5654
 21
-55.8994
  0
LINE
  8
0
 10
-29.5654
 20
-55.8994
 11
-29.5684
 21
-55.8486
  0
LINE
  8
0
 10
-29.5684
 20
-55.8486
 11
-29.5703
 21
-55.7988
  0
LINE
  8
0
 10
-29.5703
 20
-55.7988
 11
-29.5732
 21
-55.749
  0
LINE
  8
0
 10
-29.5732
 20
-55.749
 11
-29.5791
 21
-55.5996
  0
LINE
  8
0
 10
-29.5791
 20
-55.5996
 11
-29.582
 21
-55.5498
  0
LINE
  8
0
 10
-29.582
 20
-55.5498
 11
-29.5859
 21
-55.4502
  0
LINE
  8
0
 10
-29.5859
 20
-55.4502
 11
-29.5889
 21
-55.3994
  0
LINE
  8
0
 10
-29.5889
 20
-55.3994
 11
-29.5947
 21
-55.25
  0
LINE
  8
0
 10
-29.5947
 20
-55.25
 11
-29.5977
 21
-55.2002
  0
LINE
  8
0
 10
-29.5977
 20
-55.2002
 11
-29.6035
 21
-55.0508
  0
LINE
  8
0
 10
-29.6035
 20
-55.0508
 11
-29.6064
 21
-55
  0
LINE
  8
0
 10
-29.6064
 20
-55
 11
-29.6162
 21
-54.751
  0
LINE
  8
0
 10
-29.6162
 20
-54.751
 11
-29.6191
 21
-54.7012
  0
LINE
  8
0
 10
-29.6191
 20
-54.7012
 11
-29.623
 21
-54.6006
  0
LINE
  8
0
 10
-29.623
 20
-54.6006
 11
-29.6348
 21
-54.3018
  0
LINE
  8
0
 10
-29.6348
 20
-54.3018
 11
-29.6377
 21
-54.251
  0
LINE
  8
0
 10
-29.6377
 20
-54.251
 11
-29.6494
 21
-53.9521
  0
LINE
  8
0
 10
-29.6494
 20
-53.9521
 11
-29.6514
 21
-53.9014
  0
LINE
  8
0
 10
-29.6514
 20
-53.9014
 11
-29.6611
 21
-53.6523
  0
LINE
  8
0
 10
-29.6611
 20
-53.6523
 11
-29.6631
 21
-53.6016
  0
LINE
  8
0
 10
-29.6631
 20
-53.6016
 11
-29.667
 21
-53.502
  0
LINE
  8
0
 10
-29.667
 20
-53.502
 11
-29.668
 21
-53.4521
  0
LINE
  8
0
 10
-29.668
 20
-53.4521
 11
-29.6738
 21
-53.3027
  0
LINE
  8
0
 10
-29.6738
 20
-53.3027
 11
-29.6758
 21
-53.252
  0
LINE
  8
0
 10
-29.6758
 20
-53.252
 11
-29.6836
 21
-53.0527
  0
LINE
  8
0
 10
-29.6836
 20
-53.0527
 11
-29.6855
 21
-53.002
  0
LINE
  8
0
 10
-29.6855
 20
-53.002
 11
-29.6865
 21
-52.9521
  0
LINE
  8
0
 10
-29.6865
 20
-52.9521
 11
-29.6943
 21
-52.7529
  0
LINE
  8
0
 10
-29.6943
 20
-52.7529
 11
-29.6963
 21
-52.7021
  0
LINE
  8
0
 10
-29.6963
 20
-52.7021
 11
-29.6973
 21
-52.6523
  0
LINE
  8
0
 10
-29.6973
 20
-52.6523
 11
-29.7051
 21
-52.4531
  0
LINE
  8
0
 10
-29.7051
 20
-52.4531
 11
-29.7061
 21
-52.4023
  0
LINE
  8
0
 10
-29.7061
 20
-52.4023
 11
-29.7119
 21
-52.2529
  0
LINE
  8
0
 10
-29.7119
 20
-52.2529
 11
-29.7129
 21
-52.2031
  0
LINE
  8
0
 10
-29.7129
 20
-52.2031
 11
-29.7168
 21
-52.1025
  0
LINE
  8
0
 10
-29.7168
 20
-52.1025
 11
-29.7178
 21
-52.0527
  0
LINE
  8
0
 10
-29.7178
 20
-52.0527
 11
-29.7217
 21
-51.9531
  0
LINE
  8
0
 10
-29.7217
 20
-51.9531
 11
-29.7236
 21
-51.9023
  0
LINE
  8
0
 10
-29.7236
 20
-51.9023
 11
-29.7246
 21
-51.8525
  0
LINE
  8
0
 10
-29.7246
 20
-51.8525
 11
-29.7285
 21
-51.7529
  0
LINE
  8
0
 10
-29.7285
 20
-51.7529
 11
-29.7295
 21
-51.7031
  0
LINE
  8
0
 10
-29.7295
 20
-51.7031
 11
-29.7314
 21
-51.6533
  0
LINE
  8
0
 10
-29.7314
 20
-51.6533
 11
-29.7324
 21
-51.6025
  0
LINE
  8
0
 10
-29.7324
 20
-51.6025
 11
-29.7363
 21
-51.5029
  0
LINE
  8
0
 10
-29.7363
 20
-51.5029
 11
-29.7373
 21
-51.4531
  0
LINE
  8
0
 10
-29.7373
 20
-51.4531
 11
-29.7412
 21
-51.3525
  0
LINE
  8
0
 10
-29.7412
 20
-51.3525
 11
-29.7422
 21
-51.3027
  0
LINE
  8
0
 10
-29.7422
 20
-51.3027
 11
-29.7441
 21
-51.2529
  0
LINE
  8
0
 10
-29.7441
 20
-51.2529
 11
-29.7451
 21
-51.2031
  0
LINE
  8
0
 10
-29.7451
 20
-51.2031
 11
-29.749
 21
-51.1025
  0
LINE
  8
0
 10
-29.749
 20
-51.1025
 11
-29.75
 21
-51.0527
  0
LINE
  8
0
 10
-29.75
 20
-51.0527
 11
-29.752
 21
-51.0029
  0
LINE
  8
0
 10
-29.752
 20
-51.0029
 11
-29.7529
 21
-50.9531
  0
LINE
  8
0
 10
-29.7529
 20
-50.9531
 11
-29.7549
 21
-50.9023
  0
LINE
  8
0
 10
-29.7549
 20
-50.9023
 11
-29.7559
 21
-50.8525
  0
LINE
  8
0
 10
-29.7559
 20
-50.8525
 11
-29.7578
 21
-50.8027
  0
LINE
  8
0
 10
-29.7578
 20
-50.8027
 11
-29.7588
 21
-50.7529
  0
LINE
  8
0
 10
-29.7588
 20
-50.7529
 11
-29.7607
 21
-50.7031
  0
LINE
  8
0
 10
-29.7607
 20
-50.7031
 11
-29.7617
 21
-50.6523
  0
LINE
  8
0
 10
-29.7617
 20
-50.6523
 11
-29.7637
 21
-50.6025
  0
LINE
  8
0
 10
-29.7637
 20
-50.6025
 11
-29.7646
 21
-50.5527
  0
LINE
  8
0
 10
-29.7646
 20
-50.5527
 11
-29.7666
 21
-50.5029
  0
LINE
  8
0
 10
-29.7666
 20
-50.5029
 11
-29.7676
 21
-50.4521
  0
LINE
  8
0
 10
-29.7676
 20
-50.4521
 11
-29.7695
 21
-50.4023
  0
LINE
  8
0
 10
-29.7695
 20
-50.4023
 11
-29.7705
 21
-50.3525
  0
LINE
  8
0
 10
-29.7705
 20
-50.3525
 11
-29.7725
 21
-50.3027
  0
LINE
  8
0
 10
-29.7725
 20
-50.3027
 11
-29.7734
 21
-50.2529
  0
LINE
  8
0
 10
-29.7734
 20
-50.2529
 11
-29.7754
 21
-50.2021
  0
LINE
  8
0
 10
-29.7754
 20
-50.2021
 11
-29.7773
 21
-50.1025
  0
LINE
  8
0
 10
-29.7773
 20
-50.1025
 11
-29.7793
 21
-50.0527
  0
LINE
  8
0
 10
-29.7793
 20
-50.0527
 11
-29.7803
 21
-50.002
  0
LINE
  8
0
 10
-29.7803
 20
-50.002
 11
-29.7822
 21
-49.9521
  0
LINE
  8
0
 10
-29.7822
 20
-49.9521
 11
-29.7832
 21
-49.9023
  0
LINE
  8
0
 10
-29.7832
 20
-49.9023
 11
-29.7852
 21
-49.8525
  0
LINE
  8
0
 10
-29.7852
 20
-49.8525
 11
-29.7871
 21
-49.752
  0
LINE
  8
0
 10
-29.7871
 20
-49.752
 11
-29.7891
 21
-49.7021
  0
LINE
  8
0
 10
-29.7891
 20
-49.7021
 11
-29.791
 21
-49.6025
  0
LINE
  8
0
 10
-29.791
 20
-49.6025
 11
-29.793
 21
-49.5518
  0
LINE
  8
0
 10
-29.793
 20
-49.5518
 11
-29.7949
 21
-49.4521
  0
LINE
  8
0
 10
-29.7949
 20
-49.4521
 11
-29.7969
 21
-49.4023
  0
LINE
  8
0
 10
-29.7969
 20
-49.4023
 11
-29.7988
 21
-49.3018
  0
LINE
  8
0
 10
-29.7988
 20
-49.3018
 11
-29.8008
 21
-49.252
  0
LINE
  8
0
 10
-29.8008
 20
-49.252
 11
-29.8027
 21
-49.1514
  0
LINE
  8
0
 10
-29.8027
 20
-49.1514
 11
-29.8047
 21
-49.1016
  0
LINE
  8
0
 10
-29.8047
 20
-49.1016
 11
-29.8066
 21
-49.002
  0
LINE
  8
0
 10
-29.8066
 20
-49.002
 11
-29.8086
 21
-48.9512
  0
LINE
  8
0
 10
-29.8086
 20
-48.9512
 11
-29.8115
 21
-48.8018
  0
LINE
  8
0
 10
-29.8115
 20
-48.8018
 11
-29.8135
 21
-48.751
  0
LINE
  8
0
 10
-29.8135
 20
-48.751
 11
-29.8164
 21
-48.6016
  0
LINE
  8
0
 10
-29.8164
 20
-48.6016
 11
-29.8184
 21
-48.5508
  0
LINE
  8
0
 10
-29.8184
 20
-48.5508
 11
-29.8223
 21
-48.3506
  0
LINE
  8
0
 10
-29.8223
 20
-48.3506
 11
-29.8242
 21
-48.3008
  0
LINE
  8
0
 10
-29.8242
 20
-48.3008
 11
-29.8291
 21
-48.0508
  0
LINE
  8
0
 10
-29.8291
 20
-48.0508
 11
-29.8311
 21
-48.001
  0
LINE
  8
0
 10
-29.8311
 20
-48.001
 11
-29.8369
 21
-47.7002
  0
LINE
  8
0
 10
-29.8369
 20
-47.7002
 11
-29.8389
 21
-47.6504
  0
LINE
  8
0
 10
-29.8389
 20
-47.6504
 11
-29.8477
 21
-47.1992
  0
LINE
  8
0
 10
-29.8477
 20
-47.1992
 11
-29.8496
 21
-47.1494
  0
LINE
  8
0
 10
-29.8496
 20
-47.1494
 11
-29.8721
 21
-45.9971
  0
LINE
  8
0
 10
-29.8721
 20
-45.9971
 11
-29.8721
 21
-45.9473
  0
LINE
  8
0
 10
-29.8721
 20
-45.9473
 11
-29.8818
 21
-45.4463
  0
LINE
  8
0
 10
-29.8818
 20
-45.4463
 11
-29.8818
 21
-45.3965
  0
LINE
  8
0
 10
-29.8818
 20
-45.3965
 11
-29.8877
 21
-45.0957
  0
LINE
  8
0
 10
-29.8877
 20
-45.0957
 11
-29.8877
 21
-45.0459
  0
LINE
  8
0
 10
-29.8877
 20
-45.0459
 11
-29.8926
 21
-44.7949
  0
LINE
  8
0
 10
-29.8926
 20
-44.7949
 11
-29.8926
 21
-44.7451
  0
LINE
  8
0
 10
-29.8926
 20
-44.7451
 11
-29.8975
 21
-44.4941
  0
LINE
  8
0
 10
-29.8975
 20
-44.4941
 11
-29.8975
 21
-44.4443
  0
LINE
  8
0
 10
-29.8975
 20
-44.4443
 11
-29.9004
 21
-44.2939
  0
LINE
  8
0
 10
-29.9004
 20
-44.2939
 11
-29.9004
 21
-44.2441
  0
LINE
  8
0
 10
-29.9004
 20
-44.2441
 11
-29.9043
 21
-44.0439
  0
LINE
  8
0
 10
-29.9043
 20
-44.0439
 11
-29.9043
 21
-43.9932
  0
LINE
  8
0
 10
-29.9043
 20
-43.9932
 11
-29.9072
 21
-43.8428
  0
LINE
  8
0
 10
-29.9072
 20
-43.8428
 11
-29.9072
 21
-43.793
  0
LINE
  8
0
 10
-29.9072
 20
-43.793
 11
-29.9092
 21
-43.6924
  0
LINE
  8
0
 10
-29.9092
 20
-43.6924
 11
-29.9092
 21
-43.6426
  0
LINE
  8
0
 10
-29.9092
 20
-43.6426
 11
-29.9121
 21
-43.4922
  0
LINE
  8
0
 10
-29.9121
 20
-43.4922
 11
-29.9121
 21
-43.4424
  0
LINE
  8
0
 10
-29.9121
 20
-43.4424
 11
-29.9141
 21
-43.3418
  0
LINE
  8
0
 10
-29.9141
 20
-43.3418
 11
-29.9141
 21
-43.292
  0
LINE
  8
0
 10
-29.9141
 20
-43.292
 11
-29.917
 21
-43.1416
  0
LINE
  8
0
 10
-29.917
 20
-43.1416
 11
-29.917
 21
-43.0918
  0
LINE
  8
0
 10
-29.917
 20
-43.0918
 11
-29.9189
 21
-42.9912
  0
LINE
  8
0
 10
-29.9189
 20
-42.9912
 11
-29.9189
 21
-42.9414
  0
LINE
  8
0
 10
-29.9189
 20
-42.9414
 11
-29.9209
 21
-42.8408
  0
LINE
  8
0
 10
-29.9209
 20
-42.8408
 11
-29.9209
 21
-42.791
  0
LINE
  8
0
 10
-29.9209
 20
-42.791
 11
-29.9229
 21
-42.6904
  0
LINE
  8
0
 10
-29.9229
 20
-42.6904
 11
-29.9229
 21
-42.6406
  0
LINE
  8
0
 10
-29.9229
 20
-42.6406
 11
-29.9248
 21
-42.54
  0
LINE
  8
0
 10
-29.9248
 20
-42.54
 11
-29.9248
 21
-42.4902
  0
LINE
  8
0
 10
-29.9248
 20
-42.4902
 11
-29.9258
 21
-42.4395
  0
LINE
  8
0
 10
-29.9258
 20
-42.4395
 11
-29.9258
 21
-42.3896
  0
LINE
  8
0
 10
-29.9258
 20
-42.3896
 11
-29.9277
 21
-42.2891
  0
LINE
  8
0
 10
-29.9277
 20
-42.2891
 11
-29.9277
 21
-42.2393
  0
LINE
  8
0
 10
-29.9277
 20
-42.2393
 11
-29.9297
 21
-42.1387
  0
LINE
  8
0
 10
-29.9297
 20
-42.1387
 11
-29.9297
 21
-42.0889
  0
LINE
  8
0
 10
-29.9297
 20
-42.0889
 11
-29.9307
 21
-42.0391
  0
LINE
  8
0
 10
-29.9307
 20
-42.0391
 11
-29.9307
 21
-41.9883
  0
LINE
  8
0
 10
-29.9307
 20
-41.9883
 11
-29.9326
 21
-41.8887
  0
LINE
  8
0
 10
-29.9326
 20
-41.8887
 11
-29.9326
 21
-41.8379
  0
LINE
  8
0
 10
-29.9326
 20
-41.8379
 11
-29.9336
 21
-41.7881
  0
LINE
  8
0
 10
-29.9336
 20
-41.7881
 11
-29.9336
 21
-41.7383
  0
LINE
  8
0
 10
-29.9336
 20
-41.7383
 11
-29.9355
 21
-41.6377
  0
LINE
  8
0
 10
-29.9355
 20
-41.6377
 11
-29.9355
 21
-41.5879
  0
LINE
  8
0
 10
-29.9355
 20
-41.5879
 11
-29.9365
 21
-41.5371
  0
LINE
  8
0
 10
-29.9365
 20
-41.5371
 11
-29.9365
 21
-41.4873
  0
LINE
  8
0
 10
-29.9365
 20
-41.4873
 11
-29.9375
 21
-41.4375
  0
LINE
  8
0
 10
-29.9375
 20
-41.4375
 11
-29.9375
 21
-41.3867
  0
LINE
  8
0
 10
-29.9375
 20
-41.3867
 11
-29.9395
 21
-41.2871
  0
LINE
  8
0
 10
-29.9395
 20
-41.2871
 11
-29.9395
 21
-41.2363
  0
LINE
  8
0
 10
-29.9395
 20
-41.2363
 11
-29.9404
 21
-41.1865
  0
LINE
  8
0
 10
-29.9404
 20
-41.1865
 11
-29.9404
 21
-41.1367
  0
LINE
  8
0
 10
-29.9404
 20
-41.1367
 11
-29.9414
 21
-41.0859
  0
LINE
  8
0
 10
-29.9414
 20
-41.0859
 11
-29.9414
 21
-41.0361
  0
LINE
  8
0
 10
-29.9414
 20
-41.0361
 11
-29.9424
 21
-40.9863
  0
LINE
  8
0
 10
-29.9424
 20
-40.9863
 11
-29.9424
 21
-40.9355
  0
LINE
  8
0
 10
-29.9424
 20
-40.9355
 11
-29.9434
 21
-40.8857
  0
LINE
  8
0
 10
-29.9434
 20
-40.8857
 11
-29.9434
 21
-40.8359
  0
LINE
  8
0
 10
-29.9434
 20
-40.8359
 11
-29.9453
 21
-40.7354
  0
LINE
  8
0
 10
-29.9453
 20
-40.7354
 11
-29.9453
 21
-40.6855
  0
LINE
  8
0
 10
-29.9453
 20
-40.6855
 11
-29.9463
 21
-40.6348
  0
LINE
  8
0
 10
-29.9463
 20
-40.6348
 11
-29.9463
 21
-40.585
  0
LINE
  8
0
 10
-29.9463
 20
-40.585
 11
-29.9473
 21
-40.5352
  0
LINE
  8
0
 10
-29.9473
 20
-40.5352
 11
-29.9473
 21
-40.4844
  0
LINE
  8
0
 10
-29.9473
 20
-40.4844
 11
-29.9482
 21
-40.4346
  0
LINE
  8
0
 10
-29.9482
 20
-40.4346
 11
-29.9482
 21
-40.3848
  0
LINE
  8
0
 10
-29.9482
 20
-40.3848
 11
-29.9492
 21
-40.334
  0
LINE
  8
0
 10
-29.9492
 20
-40.334
 11
-29.9492
 21
-40.2842
  0
LINE
  8
0
 10
-29.9492
 20
-40.2842
 11
-29.9502
 21
-40.2344
  0
LINE
  8
0
 10
-29.9502
 20
-40.2344
 11
-29.9502
 21
-40.1836
  0
LINE
  8
0
 10
-29.9502
 20
-40.1836
 11
-29.9512
 21
-40.1338
  0
LINE
  8
0
 10
-29.9512
 20
-40.1338
 11
-29.9512
 21
-40.084
  0
LINE
  8
0
 10
-29.9512
 20
-40.084
 11
-29.9521
 21
-40.0332
  0
LINE
  8
0
 10
-29.9521
 20
-40.0332
 11
-29.9521
 21
-39.9834
  0
LINE
  8
0
 10
-29.9521
 20
-39.9834
 11
-29.9531
 21
-39.9326
  0
LINE
  8
0
 10
-29.9531
 20
-39.9326
 11
-29.9531
 21
-39.8828
  0
LINE
  8
0
 10
-29.9531
 20
-39.8828
 11
-29.9541
 21
-39.833
  0
LINE
  8
0
 10
-29.9541
 20
-39.833
 11
-29.9541
 21
-39.7822
  0
LINE
  8
0
 10
-29.9541
 20
-39.7822
 11
-29.9551
 21
-39.7324
  0
LINE
  8
0
 10
-29.9551
 20
-39.7324
 11
-29.9551
 21
-39.6826
  0
LINE
  8
0
 10
-29.9551
 20
-39.6826
 11
-29.9561
 21
-39.6318
  0
LINE
  8
0
 10
-29.9561
 20
-39.6318
 11
-29.9561
 21
-39.5322
  0
LINE
  8
0
 10
-29.9561
 20
-39.5322
 11
-29.957
 21
-39.4814
  0
LINE
  8
0
 10
-29.957
 20
-39.4814
 11
-29.957
 21
-39.4316
  0
LINE
  8
0
 10
-29.957
 20
-39.4316
 11
-29.958
 21
-39.3818
  0
LINE
  8
0
 10
-29.958
 20
-39.3818
 11
-29.958
 21
-39.3311
  0
LINE
  8
0
 10
-29.958
 20
-39.3311
 11
-29.959
 21
-39.2812
  0
LINE
  8
0
 10
-29.959
 20
-39.2812
 11
-29.959
 21
-39.2314
  0
LINE
  8
0
 10
-29.959
 20
-39.2314
 11
-29.96
 21
-39.1807
  0
LINE
  8
0
 10
-29.96
 20
-39.1807
 11
-29.96
 21
-39.1309
  0
LINE
  8
0
 10
-29.96
 20
-39.1309
 11
-29.9609
 21
-39.0811
  0
LINE
  8
0
 10
-29.9609
 20
-39.0811
 11
-29.9609
 21
-39.0303
  0
LINE
  8
0
 10
-29.9609
 20
-39.0303
 11
-29.9619
 21
-38.9805
  0
LINE
  8
0
 10
-29.9619
 20
-38.9805
 11
-29.9619
 21
-38.8799
  0
LINE
  8
0
 10
-29.9619
 20
-38.8799
 11
-29.9629
 21
-38.8301
  0
LINE
  8
0
 10
-29.9629
 20
-38.8301
 11
-29.9629
 21
-38.7793
  0
LINE
  8
0
 10
-29.9629
 20
-38.7793
 11
-29.9639
 21
-38.7295
  0
LINE
  8
0
 10
-29.9639
 20
-38.7295
 11
-29.9639
 21
-38.6797
  0
LINE
  8
0
 10
-29.9639
 20
-38.6797
 11
-29.9648
 21
-38.6289
  0
LINE
  8
0
 10
-29.9648
 20
-38.6289
 11
-29.9648
 21
-38.5293
  0
LINE
  8
0
 10
-29.9648
 20
-38.5293
 11
-29.9658
 21
-38.4785
  0
LINE
  8
0
 10
-29.9658
 20
-38.4785
 11
-29.9658
 21
-38.4287
  0
LINE
  8
0
 10
-29.9658
 20
-38.4287
 11
-29.9668
 21
-38.3789
  0
LINE
  8
0
 10
-29.9668
 20
-38.3789
 11
-29.9668
 21
-38.3281
  0
LINE
  8
0
 10
-29.9668
 20
-38.3281
 11
-29.9678
 21
-38.2783
  0
LINE
  8
0
 10
-29.9678
 20
-38.2783
 11
-29.9678
 21
-38.1777
  0
LINE
  8
0
 10
-29.9678
 20
-38.1777
 11
-29.9688
 21
-38.1279
  0
LINE
  8
0
 10
-29.9688
 20
-38.1279
 11
-29.9688
 21
-38.0781
  0
LINE
  8
0
 10
-29.9688
 20
-38.0781
 11
-29.9697
 21
-38.0273
  0
LINE
  8
0
 10
-29.9697
 20
-38.0273
 11
-29.9697
 21
-37.9268
  0
LINE
  8
0
 10
-29.9697
 20
-37.9268
 11
-29.9707
 21
-37.877
  0
LINE
  8
0
 10
-29.9707
 20
-37.877
 11
-29.9707
 21
-37.8271
  0
LINE
  8
0
 10
-29.9707
 20
-37.8271
 11
-29.9717
 21
-37.7764
  0
LINE
  8
0
 10
-29.9717
 20
-37.7764
 11
-29.9717
 21
-37.6768
  0
LINE
  8
0
 10
-29.9717
 20
-37.6768
 11
-29.9727
 21
-37.626
  0
LINE
  8
0
 10
-29.9727
 20
-37.626
 11
-29.9727
 21
-37.5762
  0
LINE
  8
0
 10
-29.9727
 20
-37.5762
 11
-29.9736
 21
-37.5264
  0
LINE
  8
0
 10
-29.9736
 20
-37.5264
 11
-29.9736
 21
-37.4258
  0
LINE
  8
0
 10
-29.9736
 20
-37.4258
 11
-29.9746
 21
-37.376
  0
LINE
  8
0
 10
-29.9746
 20
-37.376
 11
-29.9746
 21
-37.3252
  0
LINE
  8
0
 10
-29.9746
 20
-37.3252
 11
-29.9756
 21
-37.2754
  0
LINE
  8
0
 10
-29.9756
 20
-37.2754
 11
-29.9756
 21
-37.1748
  0
LINE
  8
0
 10
-29.9756
 20
-37.1748
 11
-29.9766
 21
-37.125
  0
LINE
  8
0
 10
-29.9766
 20
-37.125
 11
-29.9766
 21
-37.0742
  0
LINE
  8
0
 10
-29.9766
 20
-37.0742
 11
-29.9775
 21
-37.0244
  0
LINE
  8
0
 10
-29.9775
 20
-37.0244
 11
-29.9775
 21
-36.9238
  0
LINE
  8
0
 10
-29.9775
 20
-36.9238
 11
-29.9785
 21
-36.874
  0
LINE
  8
0
 10
-29.9785
 20
-36.874
 11
-29.9785
 21
-36.7734
  0
LINE
  8
0
 10
-29.9785
 20
-36.7734
 11
-29.9795
 21
-36.7236
  0
LINE
  8
0
 10
-29.9795
 20
-36.7236
 11
-29.9795
 21
-36.6738
  0
LINE
  8
0
 10
-29.9795
 20
-36.6738
 11
-29.9805
 21
-36.623
  0
LINE
  8
0
 10
-29.9805
 20
-36.623
 11
-29.9805
 21
-36.5225
  0
LINE
  8
0
 10
-29.9805
 20
-36.5225
 11
-29.9814
 21
-36.4727
  0
LINE
  8
0
 10
-29.9814
 20
-36.4727
 11
-29.9814
 21
-36.3721
  0
LINE
  8
0
 10
-29.9814
 20
-36.3721
 11
-29.9824
 21
-36.3223
  0
LINE
  8
0
 10
-29.9824
 20
-36.3223
 11
-29.9824
 21
-36.2217
  0
LINE
  8
0
 10
-29.9824
 20
-36.2217
 11
-29.9834
 21
-36.1719
  0
LINE
  8
0
 10
-29.9834
 20
-36.1719
 11
-29.9834
 21
-36.1221
  0
LINE
  8
0
 10
-29.9834
 20
-36.1221
 11
-29.9844
 21
-36.0713
  0
LINE
  8
0
 10
-29.9844
 20
-36.0713
 11
-29.9844
 21
-35.9717
  0
LINE
  8
0
 10
-29.9844
 20
-35.9717
 11
-29.9854
 21
-35.9209
  0
LINE
  8
0
 10
-29.9854
 20
-35.9209
 11
-29.9854
 21
-35.8203
  0
LINE
  8
0
 10
-29.9854
 20
-35.8203
 11
-29.9863
 21
-35.7705
  0
LINE
  8
0
 10
-29.9863
 20
-35.7705
 11
-29.9863
 21
-35.6699
  0
LINE
  8
0
 10
-29.9863
 20
-35.6699
 11
-29.9873
 21
-35.6201
  0
LINE
  8
0
 10
-29.9873
 20
-35.6201
 11
-29.9873
 21
-35.5703
  0
LINE
  8
0
 10
-29.9873
 20
-35.5703
 11
-29.9883
 21
-35.5195
  0
LINE
  8
0
 10
-29.9883
 20
-35.5195
 11
-29.9883
 21
-35.4199
  0
LINE
  8
0
 10
-29.9883
 20
-35.4199
 11
-29.9893
 21
-35.3691
  0
LINE
  8
0
 10
-29.9893
 20
-35.3691
 11
-29.9893
 21
-35.2695
  0
LINE
  8
0
 10
-29.9893
 20
-35.2695
 11
-29.9902
 21
-35.2188
  0
LINE
  8
0
 10
-29.9902
 20
-35.2188
 11
-29.9902
 21
-35.1182
  0
LINE
  8
0
 10
-29.9902
 20
-35.1182
 11
-29.9912
 21
-35.0684
  0
LINE
  8
0
 10
-29.9912
 20
-35.0684
 11
-29.9912
 21
-34.9678
  0
LINE
  8
0
 10
-29.9912
 20
-34.9678
 11
-29.9922
 21
-34.918
  0
LINE
  8
0
 10
-29.9922
 20
-34.918
 11
-29.9922
 21
-34.8174
  0
LINE
  8
0
 10
-29.9922
 20
-34.8174
 11
-29.9932
 21
-34.7676
  0
LINE
  8
0
 10
-29.9932
 20
-34.7676
 11
-29.9932
 21
-34.7178
  0
LINE
  8
0
 10
-29.9932
 20
-34.7178
 11
-29.9941
 21
-34.667
  0
LINE
  8
0
 10
-29.9941
 20
-34.667
 11
-29.9941
 21
-34.5674
  0
LINE
  8
0
 10
-29.9941
 20
-34.5674
 11
-29.9951
 21
-34.5166
  0
LINE
  8
0
 10
-29.9951
 20
-34.5166
 11
-29.9951
 21
-34.416
  0
LINE
  8
0
 10
-29.9951
 20
-34.416
 11
-29.9961
 21
-34.3662
  0
LINE
  8
0
 10
-29.9961
 20
-34.3662
 11
-29.9961
 21
-34.2656
  0
LINE
  8
0
 10
-29.9961
 20
-34.2656
 11
-29.9971
 21
-34.2158
  0
LINE
  8
0
 10
-29.9971
 20
-34.2158
 11
-29.9971
 21
-34.1152
  0
LINE
  8
0
 10
-29.9971
 20
-34.1152
 11
-29.998
 21
-34.0654
  0
LINE
  8
0
 10
-29.998
 20
-34.0654
 11
-29.998
 21
-33.9648
  0
LINE
  8
0
 10
-29.998
 20
-33.9648
 11
-29.999
 21
-33.915
  0
LINE
  8
0
 10
-29.999
 20
-33.915
 11
-29.999
 21
-33.8145
  0
LINE
  8
0
 10
-29.999
 20
-33.8145
 11
-30
 21
-33.7646
  0
LINE
  8
0
 10
-30
 20
-33.7646
 11
-30
 21
-33.7139
  0
LINE
  8
0
 10
-30
 20
-33.7139
 11
-30.001
 21
-33.6641
  0
LINE
  8
0
 10
-30.001
 20
-33.6641
 11
-30.001
 21
-33.5635
  0
LINE
  8
0
 10
-30.001
 20
-33.5635
 11
-30.002
 21
-33.5137
  0
LINE
  8
0
 10
-30.002
 20
-33.5137
 11
-30.002
 21
-33.4131
  0
LINE
  8
0
 10
-30.002
 20
-33.4131
 11
-30.0029
 21
-33.3633
  0
LINE
  8
0
 10
-30.0029
 20
-33.3633
 11
-30.0029
 21
-33.2627
  0
LINE
  8
0
 10
-30.0029
 20
-33.2627
 11
-30.0039
 21
-33.2129
  0
LINE
  8
0
 10
-30.0039
 20
-33.2129
 11
-30.0039
 21
-33.1123
  0
LINE
  8
0
 10
-30.0039
 20
-33.1123
 11
-30.0049
 21
-33.0625
  0
LINE
  8
0
 10
-30.0049
 20
-33.0625
 11
-30.0049
 21
-32.9619
  0
LINE
  8
0
 10
-30.0049
 20
-32.9619
 11
-30.0059
 21
-32.9121
  0
LINE
  8
0
 10
-30.0059
 20
-32.9121
 11
-30.0059
 21
-32.8613
  0
LINE
  8
0
 10
-30.0059
 20
-32.8613
 11
-30.0068
 21
-32.8115
  0
LINE
  8
0
 10
-30.0068
 20
-32.8115
 11
-30.0068
 21
-32.7109
  0
LINE
  8
0
 10
-30.0068
 20
-32.7109
 11
-30.0078
 21
-32.6611
  0
LINE
  8
0
 10
-30.0078
 20
-32.6611
 11
-30.0078
 21
-32.5605
  0
LINE
  8
0
 10
-30.0078
 20
-32.5605
 11
-30.0088
 21
-32.5107
  0
LINE
  8
0
 10
-30.0088
 20
-32.5107
 11
-30.0088
 21
-32.4102
  0
LINE
  8
0
 10
-30.0088
 20
-32.4102
 11
-30.0098
 21
-32.3604
  0
LINE
  8
0
 10
-30.0098
 20
-32.3604
 11
-30.0098
 21
-32.3105
  0
LINE
  8
0
 10
-30.0098
 20
-32.3105
 11
-30.0107
 21
-32.2598
  0
LINE
  8
0
 10
-30.0107
 20
-32.2598
 11
-30.0107
 21
-32.1592
  0
LINE
  8
0
 10
-30.0107
 20
-32.1592
 11
-30.0117
 21
-32.1094
  0
LINE
  8
0
 10
-30.0117
 20
-32.1094
 11
-30.0117
 21
-32.0088
  0
LINE
  8
0
 10
-30.0117
 20
-32.0088
 11
-30.0127
 21
-31.959
  0
LINE
  8
0
 10
-30.0127
 20
-31.959
 11
-30.0127
 21
-31.8584
  0
LINE
  8
0
 10
-30.0127
 20
-31.8584
 11
-30.0137
 21
-31.8086
  0
LINE
  8
0
 10
-30.0137
 20
-31.8086
 11
-30.0137
 21
-31.7588
  0
LINE
  8
0
 10
-30.0137
 20
-31.7588
 11
-30.0146
 21
-31.708
  0
LINE
  8
0
 10
-30.0146
 20
-31.708
 11
-30.0146
 21
-31.6084
  0
LINE
  8
0
 10
-30.0146
 20
-31.6084
 11
-30.0156
 21
-31.5576
  0
LINE
  8
0
 10
-30.0156
 20
-31.5576
 11
-30.0156
 21
-31.5078
  0
LINE
  8
0
 10
-30.0156
 20
-31.5078
 11
-30.0166
 21
-31.458
  0
LINE
  8
0
 10
-30.0166
 20
-31.458
 11
-30.0166
 21
-31.3574
  0
LINE
  8
0
 10
-30.0166
 20
-31.3574
 11
-30.0176
 21
-31.3076
  0
LINE
  8
0
 10
-30.0176
 20
-31.3076
 11
-30.0176
 21
-31.207
  0
LINE
  8
0
 10
-30.0176
 20
-31.207
 11
-30.0186
 21
-31.1562
  0
LINE
  8
0
 10
-30.0186
 20
-31.1562
 11
-30.0186
 21
-31.1064
  0
LINE
  8
0
 10
-30.0186
 20
-31.1064
 11
-30.0195
 21
-31.0566
  0
LINE
  8
0
 10
-30.0195
 20
-31.0566
 11
-30.0195
 21
-30.9561
  0
LINE
  8
0
 10
-30.0195
 20
-30.9561
 11
-30.0205
 21
-30.9062
  0
LINE
  8
0
 10
-30.0205
 20
-30.9062
 11
-30.0205
 21
-30.8555
  0
LINE
  8
0
 10
-30.0205
 20
-30.8555
 11
-30.0215
 21
-30.8057
  0
LINE
  8
0
 10
-30.0215
 20
-30.8057
 11
-30.0215
 21
-30.7051
  0
LINE
  8
0
 10
-30.0215
 20
-30.7051
 11
-30.0225
 21
-30.6553
  0
LINE
  8
0
 10
-30.0225
 20
-30.6553
 11
-30.0225
 21
-30.6055
  0
LINE
  8
0
 10
-30.0225
 20
-30.6055
 11
-30.0234
 21
-30.5547
  0
LINE
  8
0
 10
-30.0234
 20
-30.5547
 11
-30.0234
 21
-30.4551
  0
LINE
  8
0
 10
-30.0234
 20
-30.4551
 11
-30.0244
 21
-30.4043
  0
LINE
  8
0
 10
-30.0244
 20
-30.4043
 11
-30.0244
 21
-30.3545
  0
LINE
  8
0
 10
-30.0244
 20
-30.3545
 11
-30.0254
 21
-30.3047
  0
LINE
  8
0
 10
-30.0254
 20
-30.3047
 11
-30.0254
 21
-30.2539
  0
LINE
  8
0
 10
-30.0254
 20
-30.2539
 11
-30.0264
 21
-30.2041
  0
LINE
  8
0
 10
-30.0264
 20
-30.2041
 11
-30.0264
 21
-30.1035
  0
LINE
  8
0
 10
-30.0264
 20
-30.1035
 11
-30.0273
 21
-30.0537
  0
LINE
  8
0
 10
-30.0273
 20
-30.0537
 11
-30.0273
 21
-30.0039
  0
LINE
  8
0
 10
-30.0273
 20
-30.0039
 11
-30.0283
 21
-29.9531
  0
LINE
  8
0
 10
-30.0283
 20
-29.9531
 11
-30.0283
 21
-29.8535
  0
LINE
  8
0
 10
-30.0283
 20
-29.8535
 11
-30.0293
 21
-29.8027
  0
LINE
  8
0
 10
-30.0293
 20
-29.8027
 11
-30.0293
 21
-29.7529
  0
LINE
  8
0
 10
-30.0293
 20
-29.7529
 11
-30.0303
 21
-29.7031
  0
LINE
  8
0
 10
-30.0303
 20
-29.7031
 11
-30.0303
 21
-29.6523
  0
LINE
  8
0
 10
-30.0303
 20
-29.6523
 11
-30.0312
 21
-29.6025
  0
LINE
  8
0
 10
-30.0312
 20
-29.6025
 11
-30.0312
 21
-29.5527
  0
LINE
  8
0
 10
-30.0312
 20
-29.5527
 11
-30.0322
 21
-29.502
  0
LINE
  8
0
 10
-30.0322
 20
-29.502
 11
-30.0322
 21
-29.4023
  0
LINE
  8
0
 10
-30.0322
 20
-29.4023
 11
-30.0332
 21
-29.3516
  0
LINE
  8
0
 10
-30.0332
 20
-29.3516
 11
-30.0332
 21
-29.3018
  0
LINE
  8
0
 10
-30.0332
 20
-29.3018
 11
-30.0342
 21
-29.252
  0
LINE
  8
0
 10
-30.0342
 20
-29.252
 11
-30.0342
 21
-29.2012
  0
LINE
  8
0
 10
-30.0342
 20
-29.2012
 11
-30.0352
 21
-29.1514
  0
LINE
  8
0
 10
-30.0352
 20
-29.1514
 11
-30.0352
 21
-29.1016
  0
LINE
  8
0
 10
-30.0352
 20
-29.1016
 11
-30.0361
 21
-29.0508
  0
LINE
  8
0
 10
-30.0361
 20
-29.0508
 11
-30.0361
 21
-29.001
  0
LINE
  8
0
 10
-30.0361
 20
-29.001
 11
-30.0371
 21
-28.9512
  0
LINE
  8
0
 10
-30.0371
 20
-28.9512
 11
-30.0371
 21
-28.9004
  0
LINE
  8
0
 10
-30.0371
 20
-28.9004
 11
-30.0381
 21
-28.8506
  0
LINE
  8
0
 10
-30.0381
 20
-28.8506
 11
-30.0381
 21
-28.8008
  0
LINE
  8
0
 10
-30.0381
 20
-28.8008
 11
-30.0391
 21
-28.75
  0
LINE
  8
0
 10
-30.0391
 20
-28.75
 11
-30.0391
 21
-28.6504
  0
LINE
  8
0
 10
-30.0391
 20
-28.6504
 11
-30.04
 21
-28.5996
  0
LINE
  8
0
 10
-30.04
 20
-28.5996
 11
-30.04
 21
-28.5498
  0
LINE
  8
0
 10
-30.04
 20
-28.5498
 11
-30.041
 21
-28.5
  0
LINE
  8
0
 10
-30.041
 20
-28.5
 11
-30.041
 21
-28.4492
  0
LINE
  8
0
 10
-30.041
 20
-28.4492
 11
-30.042
 21
-28.3994
  0
LINE
  8
0
 10
-30.042
 20
-28.3994
 11
-30.042
 21
-28.3496
  0
LINE
  8
0
 10
-30.042
 20
-28.3496
 11
-30.043
 21
-28.2988
  0
LINE
  8
0
 10
-30.043
 20
-28.2988
 11
-30.043
 21
-28.249
  0
LINE
  8
0
 10
-30.043
 20
-28.249
 11
-30.0439
 21
-28.1992
  0
LINE
  8
0
 10
-30.0439
 20
-28.1992
 11
-30.0439
 21
-28.1484
  0
LINE
  8
0
 10
-30.0439
 20
-28.1484
 11
-30.0449
 21
-28.0986
  0
LINE
  8
0
 10
-30.0449
 20
-28.0986
 11
-30.0449
 21
-28.0488
  0
LINE
  8
0
 10
-30.0449
 20
-28.0488
 11
-30.0459
 21
-27.998
  0
LINE
  8
0
 10
-30.0459
 20
-27.998
 11
-30.0459
 21
-27.9482
  0
LINE
  8
0
 10
-30.0459
 20
-27.9482
 11
-30.0479
 21
-27.8477
  0
LINE
  8
0
 10
-30.0479
 20
-27.8477
 11
-30.0479
 21
-27.7979
  0
LINE
  8
0
 10
-30.0479
 20
-27.7979
 11
-30.0488
 21
-27.748
  0
LINE
  8
0
 10
-30.0488
 20
-27.748
 11
-30.0488
 21
-27.6973
  0
LINE
  8
0
 10
-30.0488
 20
-27.6973
 11
-30.0498
 21
-27.6475
  0
LINE
  8
0
 10
-30.0498
 20
-27.6475
 11
-30.0498
 21
-27.5977
  0
LINE
  8
0
 10
-30.0498
 20
-27.5977
 11
-30.0508
 21
-27.5469
  0
LINE
  8
0
 10
-30.0508
 20
-27.5469
 11
-30.0508
 21
-27.4971
  0
LINE
  8
0
 10
-30.0508
 20
-27.4971
 11
-30.0518
 21
-27.4473
  0
LINE
  8
0
 10
-30.0518
 20
-27.4473
 11
-30.0518
 21
-27.3965
  0
LINE
  8
0
 10
-30.0518
 20
-27.3965
 11
-30.0527
 21
-27.3467
  0
LINE
  8
0
 10
-30.0527
 20
-27.3467
 11
-30.0527
 21
-27.2969
  0
LINE
  8
0
 10
-30.0527
 20
-27.2969
 11
-30.0547
 21
-27.1963
  0
LINE
  8
0
 10
-30.0547
 20
-27.1963
 11
-30.0547
 21
-27.1465
  0
LINE
  8
0
 10
-30.0547
 20
-27.1465
 11
-30.0557
 21
-27.0967
  0
LINE
  8
0
 10
-30.0557
 20
-27.0967
 11
-30.0557
 21
-27.0459
  0
LINE
  8
0
 10
-30.0557
 20
-27.0459
 11
-30.0566
 21
-26.9961
  0
LINE
  8
0
 10
-30.0566
 20
-26.9961
 11
-30.0566
 21
-26.9463
  0
LINE
  8
0
 10
-30.0566
 20
-26.9463
 11
-30.0586
 21
-26.8457
  0
LINE
  8
0
 10
-30.0586
 20
-26.8457
 11
-30.0586
 21
-26.7959
  0
LINE
  8
0
 10
-30.0586
 20
-26.7959
 11
-30.0596
 21
-26.7451
  0
LINE
  8
0
 10
-30.0596
 20
-26.7451
 11
-30.0596
 21
-26.6953
  0
LINE
  8
0
 10
-30.0596
 20
-26.6953
 11
-30.0615
 21
-26.5947
  0
LINE
  8
0
 10
-30.0615
 20
-26.5947
 11
-30.0615
 21
-26.5449
  0
LINE
  8
0
 10
-30.0615
 20
-26.5449
 11
-30.0625
 21
-26.4951
  0
LINE
  8
0
 10
-30.0625
 20
-26.4951
 11
-30.0625
 21
-26.4443
  0
LINE
  8
0
 10
-30.0625
 20
-26.4443
 11
-30.0645
 21
-26.3447
  0
LINE
  8
0
 10
-30.0645
 20
-26.3447
 11
-30.0645
 21
-26.2949
  0
LINE
  8
0
 10
-30.0645
 20
-26.2949
 11
-30.0664
 21
-26.1943
  0
LINE
  8
0
 10
-30.0664
 20
-26.1943
 11
-30.0664
 21
-26.1445
  0
LINE
  8
0
 10
-30.0664
 20
-26.1445
 11
-30.0674
 21
-26.0938
  0
LINE
  8
0
 10
-30.0674
 20
-26.0938
 11
-30.0674
 21
-26.0439
  0
LINE
  8
0
 10
-30.0674
 20
-26.0439
 11
-30.0693
 21
-25.9434
  0
LINE
  8
0
 10
-30.0693
 20
-25.9434
 11
-30.0693
 21
-25.8936
  0
LINE
  8
0
 10
-30.0693
 20
-25.8936
 11
-30.0713
 21
-25.7939
  0
LINE
  8
0
 10
-30.0713
 20
-25.7939
 11
-30.0713
 21
-25.7432
  0
LINE
  8
0
 10
-30.0713
 20
-25.7432
 11
-30.0732
 21
-25.6436
  0
LINE
  8
0
 10
-30.0732
 20
-25.6436
 11
-30.0732
 21
-25.5928
  0
LINE
  8
0
 10
-30.0732
 20
-25.5928
 11
-30.0752
 21
-25.4932
  0
LINE
  8
0
 10
-30.0752
 20
-25.4932
 11
-30.0752
 21
-25.4424
  0
LINE
  8
0
 10
-30.0752
 20
-25.4424
 11
-30.0771
 21
-25.3428
  0
LINE
  8
0
 10
-30.0771
 20
-25.3428
 11
-30.0771
 21
-25.293
  0
LINE
  8
0
 10
-30.0771
 20
-25.293
 11
-30.0801
 21
-25.1426
  0
LINE
  8
0
 10
-30.0801
 20
-25.1426
 11
-30.0801
 21
-25.0918
  0
LINE
  8
0
 10
-30.0801
 20
-25.0918
 11
-30.082
 21
-24.9922
  0
LINE
  8
0
 10
-30.082
 20
-24.9922
 11
-30.082
 21
-24.9414
  0
LINE
  8
0
 10
-30.082
 20
-24.9414
 11
-30.085
 21
-24.792
  0
LINE
  8
0
 10
-30.085
 20
-24.792
 11
-30.085
 21
-24.7412
  0
LINE
  8
0
 10
-30.085
 20
-24.7412
 11
-30.0879
 21
-24.5908
  0
LINE
  8
0
 10
-30.0879
 20
-24.5908
 11
-30.0879
 21
-24.541
  0
LINE
  8
0
 10
-30.0879
 20
-24.541
 11
-30.0908
 21
-24.3906
  0
LINE
  8
0
 10
-30.0908
 20
-24.3906
 11
-30.0908
 21
-24.3408
  0
LINE
  8
0
 10
-30.0908
 20
-24.3408
 11
-30.0938
 21
-24.1904
  0
LINE
  8
0
 10
-30.0938
 20
-24.1904
 11
-30.0938
 21
-24.1406
  0
LINE
  8
0
 10
-30.0938
 20
-24.1406
 11
-30.0977
 21
-23.9404
  0
LINE
  8
0
 10
-30.0977
 20
-23.9404
 11
-30.0977
 21
-23.8906
  0
LINE
  8
0
 10
-30.0977
 20
-23.8906
 11
-30.1025
 21
-23.6396
  0
LINE
  8
0
 10
-30.1025
 20
-23.6396
 11
-30.1025
 21
-23.5898
  0
LINE
  8
0
 10
-30.1025
 20
-23.5898
 11
-30.1084
 21
-23.2891
  0
LINE
  8
0
 10
-30.1084
 20
-23.2891
 11
-30.1084
 21
-23.2393
  0
LINE
  8
0
 10
-30.1084
 20
-23.2393
 11
-30.1162
 21
-22.8389
  0
LINE
  8
0
 10
-30.1162
 20
-22.8389
 11
-30.1162
 21
-22.7891
  0
LINE
  8
0
 10
-30.1162
 20
-22.7891
 11
-30.1484
 21
-21.1367
  0
LINE
  8
0
 10
-30.1484
 20
-21.1367
 11
-30.1504
 21
-21.0869
  0
LINE
  8
0
 10
-30.1504
 20
-21.0869
 11
-30.1582
 21
-20.6865
  0
LINE
  8
0
 10
-30.1582
 20
-20.6865
 11
-30.1602
 21
-20.6367
  0
LINE
  8
0
 10
-30.1602
 20
-20.6367
 11
-30.165
 21
-20.3867
  0
LINE
  8
0
 10
-30.165
 20
-20.3867
 11
-30.167
 21
-20.3369
  0
LINE
  8
0
 10
-30.167
 20
-20.3369
 11
-30.1709
 21
-20.1367
  0
LINE
  8
0
 10
-30.1709
 20
-20.1367
 11
-30.1729
 21
-20.0869
  0
LINE
  8
0
 10
-30.1729
 20
-20.0869
 11
-30.1768
 21
-19.8867
  0
LINE
  8
0
 10
-30.1768
 20
-19.8867
 11
-30.1787
 21
-19.8369
  0
LINE
  8
0
 10
-30.1787
 20
-19.8369
 11
-30.1816
 21
-19.6865
  0
LINE
  8
0
 10
-30.1816
 20
-19.6865
 11
-30.1836
 21
-19.6367
  0
LINE
  8
0
 10
-30.1836
 20
-19.6367
 11
-30.1855
 21
-19.5361
  0
LINE
  8
0
 10
-30.1855
 20
-19.5361
 11
-30.1875
 21
-19.4863
  0
LINE
  8
0
 10
-30.1875
 20
-19.4863
 11
-30.1904
 21
-19.3369
  0
LINE
  8
0
 10
-30.1904
 20
-19.3369
 11
-30.1924
 21
-19.2861
  0
LINE
  8
0
 10
-30.1924
 20
-19.2861
 11
-30.1943
 21
-19.1865
  0
LINE
  8
0
 10
-30.1943
 20
-19.1865
 11
-30.1963
 21
-19.1367
  0
LINE
  8
0
 10
-30.1963
 20
-19.1367
 11
-30.1982
 21
-19.0361
  0
LINE
  8
0
 10
-30.1982
 20
-19.0361
 11
-30.2002
 21
-18.9863
  0
LINE
  8
0
 10
-30.2002
 20
-18.9863
 11
-30.2021
 21
-18.8867
  0
LINE
  8
0
 10
-30.2021
 20
-18.8867
 11
-30.2041
 21
-18.8369
  0
LINE
  8
0
 10
-30.2041
 20
-18.8369
 11
-30.2051
 21
-18.7871
  0
LINE
  8
0
 10
-30.2051
 20
-18.7871
 11
-30.207
 21
-18.7363
  0
LINE
  8
0
 10
-30.207
 20
-18.7363
 11
-30.209
 21
-18.6367
  0
LINE
  8
0
 10
-30.209
 20
-18.6367
 11
-30.2109
 21
-18.5869
  0
LINE
  8
0
 10
-30.2109
 20
-18.5869
 11
-30.2119
 21
-18.5371
  0
LINE
  8
0
 10
-30.2119
 20
-18.5371
 11
-30.2139
 21
-18.4863
  0
LINE
  8
0
 10
-30.2139
 20
-18.4863
 11
-30.2158
 21
-18.3867
  0
LINE
  8
0
 10
-30.2158
 20
-18.3867
 11
-30.2178
 21
-18.3369
  0
LINE
  8
0
 10
-30.2178
 20
-18.3369
 11
-30.2188
 21
-18.2871
  0
LINE
  8
0
 10
-30.2188
 20
-18.2871
 11
-30.2207
 21
-18.2373
  0
LINE
  8
0
 10
-30.2207
 20
-18.2373
 11
-30.2217
 21
-18.1865
  0
LINE
  8
0
 10
-30.2217
 20
-18.1865
 11
-30.2236
 21
-18.1367
  0
LINE
  8
0
 10
-30.2236
 20
-18.1367
 11
-30.2246
 21
-18.0869
  0
LINE
  8
0
 10
-30.2246
 20
-18.0869
 11
-30.2266
 21
-18.0371
  0
LINE
  8
0
 10
-30.2266
 20
-18.0371
 11
-30.2275
 21
-17.9873
  0
LINE
  8
0
 10
-30.2275
 20
-17.9873
 11
-30.2295
 21
-17.9365
  0
LINE
  8
0
 10
-30.2295
 20
-17.9365
 11
-30.2305
 21
-17.8867
  0
LINE
  8
0
 10
-30.2305
 20
-17.8867
 11
-30.2324
 21
-17.8369
  0
LINE
  8
0
 10
-30.2324
 20
-17.8369
 11
-30.2334
 21
-17.7871
  0
LINE
  8
0
 10
-30.2334
 20
-17.7871
 11
-30.2354
 21
-17.7373
  0
LINE
  8
0
 10
-30.2354
 20
-17.7373
 11
-30.2363
 21
-17.6875
  0
LINE
  8
0
 10
-30.2363
 20
-17.6875
 11
-30.2383
 21
-17.6367
  0
LINE
  8
0
 10
-30.2383
 20
-17.6367
 11
-30.2393
 21
-17.5869
  0
LINE
  8
0
 10
-30.2393
 20
-17.5869
 11
-30.2412
 21
-17.5371
  0
LINE
  8
0
 10
-30.2412
 20
-17.5371
 11
-30.2422
 21
-17.4873
  0
LINE
  8
0
 10
-30.2422
 20
-17.4873
 11
-30.2461
 21
-17.3877
  0
LINE
  8
0
 10
-30.2461
 20
-17.3877
 11
-30.2471
 21
-17.3379
  0
LINE
  8
0
 10
-30.2471
 20
-17.3379
 11
-30.249
 21
-17.2871
  0
LINE
  8
0
 10
-30.249
 20
-17.2871
 11
-30.25
 21
-17.2373
  0
LINE
  8
0
 10
-30.25
 20
-17.2373
 11
-30.252
 21
-17.1875
  0
LINE
  8
0
 10
-30.252
 20
-17.1875
 11
-30.2529
 21
-17.1377
  0
LINE
  8
0
 10
-30.2529
 20
-17.1377
 11
-30.2568
 21
-17.0381
  0
LINE
  8
0
 10
-30.2568
 20
-17.0381
 11
-30.2578
 21
-16.9873
  0
LINE
  8
0
 10
-30.2578
 20
-16.9873
 11
-30.2617
 21
-16.8877
  0
LINE
  8
0
 10
-30.2617
 20
-16.8877
 11
-30.2627
 21
-16.8379
  0
LINE
  8
0
 10
-30.2627
 20
-16.8379
 11
-30.2666
 21
-16.7383
  0
LINE
  8
0
 10
-30.2666
 20
-16.7383
 11
-30.2676
 21
-16.6885
  0
LINE
  8
0
 10
-30.2676
 20
-16.6885
 11
-30.2715
 21
-16.5879
  0
LINE
  8
0
 10
-30.2715
 20
-16.5879
 11
-30.2725
 21
-16.5381
  0
LINE
  8
0
 10
-30.2725
 20
-16.5381
 11
-30.2764
 21
-16.4385
  0
LINE
  8
0
 10
-30.2764
 20
-16.4385
 11
-30.2773
 21
-16.3887
  0
LINE
  8
0
 10
-30.2773
 20
-16.3887
 11
-30.2832
 21
-16.2383
  0
LINE
  8
0
 10
-30.2832
 20
-16.2383
 11
-30.2842
 21
-16.1885
  0
LINE
  8
0
 10
-30.2842
 20
-16.1885
 11
-30.292
 21
-15.9893
  0
LINE
  8
0
 10
-30.292
 20
-15.9893
 11
-30.293
 21
-15.9395
  0
LINE
  8
0
 10
-30.293
 20
-15.9395
 11
-30.2949
 21
-15.8887
  0
LINE
  8
0
 10
-30.2949
 20
-15.8887
 11
-30.3008
 21
-15.7393
  0
LINE
  8
0
 10
-30.3008
 20
-15.7393
 11
-30.3018
 21
-15.6895
  0
LINE
  8
0
 10
-30.3018
 20
-15.6895
 11
-30.3076
 21
-15.54
  0
LINE
  8
0
 10
-30.3076
 20
-15.54
 11
-30.3096
 21
-15.4893
  0
LINE
  8
0
 10
-30.3096
 20
-15.4893
 11
-30.3135
 21
-15.3896
  0
LINE
  8
0
 10
-30.3135
 20
-15.3896
 11
-30.3145
 21
-15.3398
  0
LINE
  8
0
 10
-30.3145
 20
-15.3398
 11
-30.3242
 21
-15.0908
  0
LINE
  8
0
 10
-30.3242
 20
-15.0908
 11
-30.3262
 21
-15.04
  0
LINE
  8
0
 10
-30.3262
 20
-15.04
 11
-30.3457
 21
-14.542
  0
LINE
  8
0
 10
-30.3457
 20
-14.542
 11
-30.3477
 21
-14.4912
  0
LINE
  8
0
 10
-30.3477
 20
-14.4912
 11
-30.3672
 21
-13.9932
  0
LINE
  8
0
 10
-30.3672
 20
-13.9932
 11
-30.3701
 21
-13.9434
  0
LINE
  8
0
 10
-30.3701
 20
-13.9434
 11
-30.3721
 21
-13.8926
  0
LINE
  8
0
 10
-30.3721
 20
-13.8926
 11
-30.3818
 21
-13.6436
  0
LINE
  8
0
 10
-30.3818
 20
-13.6436
 11
-30.3848
 21
-13.5938
  0
LINE
  8
0
 10
-30.3848
 20
-13.5938
 11
-30.3906
 21
-13.4443
  0
LINE
  8
0
 10
-30.3906
 20
-13.4443
 11
-30.3936
 21
-13.3945
  0
LINE
  8
0
 10
-30.3936
 20
-13.3945
 11
-30.4014
 21
-13.1953
  0
LINE
  8
0
 10
-30.4014
 20
-13.1953
 11
-30.4043
 21
-13.1445
  0
LINE
  8
0
 10
-30.4043
 20
-13.1445
 11
-30.4082
 21
-13.0449
  0
LINE
  8
0
 10
-30.4082
 20
-13.0449
 11
-30.4111
 21
-12.9951
  0
LINE
  8
0
 10
-30.4111
 20
-12.9951
 11
-30.415
 21
-12.8955
  0
LINE
  8
0
 10
-30.415
 20
-12.8955
 11
-30.418
 21
-12.8457
  0
LINE
  8
0
 10
-30.418
 20
-12.8457
 11
-30.4219
 21
-12.7461
  0
LINE
  8
0
 10
-30.4219
 20
-12.7461
 11
-30.4248
 21
-12.6963
  0
LINE
  8
0
 10
-30.4248
 20
-12.6963
 11
-30.4287
 21
-12.5967
  0
LINE
  8
0
 10
-30.4287
 20
-12.5967
 11
-30.4316
 21
-12.5469
  0
LINE
  8
0
 10
-30.4316
 20
-12.5469
 11
-30.4355
 21
-12.4473
  0
LINE
  8
0
 10
-30.4355
 20
-12.4473
 11
-30.4385
 21
-12.3975
  0
LINE
  8
0
 10
-30.4385
 20
-12.3975
 11
-30.4404
 21
-12.3477
  0
LINE
  8
0
 10
-30.4404
 20
-12.3477
 11
-30.4434
 21
-12.2979
  0
LINE
  8
0
 10
-30.4434
 20
-12.2979
 11
-30.4453
 21
-12.248
  0
LINE
  8
0
 10
-30.4453
 20
-12.248
 11
-30.4482
 21
-12.1982
  0
LINE
  8
0
 10
-30.4482
 20
-12.1982
 11
-30.4521
 21
-12.0986
  0
LINE
  8
0
 10
-30.4521
 20
-12.0986
 11
-30.4551
 21
-12.0488
  0
LINE
  8
0
 10
-30.4551
 20
-12.0488
 11
-30.457
 21
-11.999
  0
LINE
  8
0
 10
-30.457
 20
-11.999
 11
-30.46
 21
-11.9492
  0
LINE
  8
0
 10
-30.46
 20
-11.9492
 11
-30.4619
 21
-11.8994
  0
LINE
  8
0
 10
-30.4619
 20
-11.8994
 11
-30.4648
 21
-11.8496
  0
LINE
  8
0
 10
-30.4648
 20
-11.8496
 11
-30.4668
 21
-11.7998
  0
LINE
  8
0
 10
-30.4668
 20
-11.7998
 11
-30.4697
 21
-11.75
  0
LINE
  8
0
 10
-30.4697
 20
-11.75
 11
-30.4717
 21
-11.7002
  0
LINE
  8
0
 10
-30.4717
 20
-11.7002
 11
-30.4775
 21
-11.6006
  0
LINE
  8
0
 10
-30.4775
 20
-11.6006
 11
-30.4795
 21
-11.5498
  0
LINE
  8
0
 10
-30.4795
 20
-11.5498
 11
-30.4824
 21
-11.5
  0
LINE
  8
0
 10
-30.4824
 20
-11.5
 11
-30.4844
 21
-11.4502
  0
LINE
  8
0
 10
-30.4844
 20
-11.4502
 11
-30.4902
 21
-11.3506
  0
LINE
  8
0
 10
-30.4902
 20
-11.3506
 11
-30.4922
 21
-11.3008
  0
LINE
  8
0
 10
-30.4922
 20
-11.3008
 11
-30.4951
 21
-11.251
  0
LINE
  8
0
 10
-30.4951
 20
-11.251
 11
-30.4971
 21
-11.2012
  0
LINE
  8
0
 10
-30.4971
 20
-11.2012
 11
-30.5029
 21
-11.1016
  0
LINE
  8
0
 10
-30.5029
 20
-11.1016
 11
-30.5049
 21
-11.0518
  0
LINE
  8
0
 10
-30.5049
 20
-11.0518
 11
-30.5078
 21
-11.002
  0
LINE
  8
0
 10
-30.5078
 20
-11.002
 11
-30.5107
 21
-10.9531
  0
LINE
  8
0
 10
-30.5107
 20
-10.9531
 11
-30.5127
 21
-10.9033
  0
LINE
  8
0
 10
-30.5127
 20
-10.9033
 11
-30.5215
 21
-10.7539
  0
LINE
  8
0
 10
-30.5215
 20
-10.7539
 11
-30.5234
 21
-10.7041
  0
LINE
  8
0
 10
-30.5234
 20
-10.7041
 11
-30.5322
 21
-10.5547
  0
LINE
  8
0
 10
-30.5322
 20
-10.5547
 11
-30.5342
 21
-10.5049
  0
LINE
  8
0
 10
-30.5342
 20
-10.5049
 11
-30.5459
 21
-10.3057
  0
LINE
  8
0
 10
-30.5459
 20
-10.3057
 11
-30.5479
 21
-10.2559
  0
LINE
  8
0
 10
-30.5479
 20
-10.2559
 11
-30.5654
 21
-9.95703
  0
LINE
  8
0
 10
-30.5654
 20
-9.95703
 11
-30.5674
 21
-9.90723
  0
LINE
  8
0
 10
-30.5674
 20
-9.90723
 11
-30.5938
 21
-9.45898
  0
LINE
  8
0
 10
-30.5938
 20
-9.45898
 11
-30.5967
 21
-9.41016
  0
LINE
  8
0
 10
-30.5967
 20
-9.41016
 11
-30.6172
 21
-9.06152
  0
LINE
  8
0
 10
-30.6172
 20
-9.06152
 11
-30.6211
 21
-9.01172
  0
LINE
  8
0
 10
-30.6211
 20
-9.01172
 11
-30.6387
 21
-8.71289
  0
LINE
  8
0
 10
-30.6387
 20
-8.71289
 11
-30.6416
 21
-8.66406
  0
LINE
  8
0
 10
-30.6416
 20
-8.66406
 11
-30.6455
 21
-8.61426
  0
LINE
  8
0
 10
-30.6455
 20
-8.61426
 11
-30.6572
 21
-8.41504
  0
LINE
  8
0
 10
-30.6572
 20
-8.41504
 11
-30.6611
 21
-8.36523
  0
LINE
  8
0
 10
-30.6611
 20
-8.36523
 11
-30.667
 21
-8.26562
  0
LINE
  8
0
 10
-30.667
 20
-8.26562
 11
-30.6709
 21
-8.21582
  0
LINE
  8
0
 10
-30.6709
 20
-8.21582
 11
-30.6738
 21
-8.16602
  0
LINE
  8
0
 10
-30.6738
 20
-8.16602
 11
-30.6768
 21
-8.11719
  0
LINE
  8
0
 10
-30.6768
 20
-8.11719
 11
-30.6797
 21
-8.06738
  0
LINE
  8
0
 10
-30.6797
 20
-8.06738
 11
-30.6836
 21
-8.01758
  0
LINE
  8
0
 10
-30.6836
 20
-8.01758
 11
-30.6895
 21
-7.91797
  0
LINE
  8
0
 10
-30.6895
 20
-7.91797
 11
-30.6934
 21
-7.86816
  0
LINE
  8
0
 10
-30.6934
 20
-7.86816
 11
-30.6992
 21
-7.76855
  0
LINE
  8
0
 10
-30.6992
 20
-7.76855
 11
-30.7031
 21
-7.71875
  0
LINE
  8
0
 10
-30.7031
 20
-7.71875
 11
-30.7061
 21
-7.66992
  0
LINE
  8
0
 10
-30.7061
 20
-7.66992
 11
-30.71
 21
-7.62012
  0
LINE
  8
0
 10
-30.71
 20
-7.62012
 11
-30.7158
 21
-7.52051
  0
LINE
  8
0
 10
-30.7158
 20
-7.52051
 11
-30.7197
 21
-7.4707
  0
LINE
  8
0
 10
-30.7197
 20
-7.4707
 11
-30.7227
 21
-7.4209
  0
LINE
  8
0
 10
-30.7227
 20
-7.4209
 11
-30.7266
 21
-7.37109
  0
LINE
  8
0
 10
-30.7266
 20
-7.37109
 11
-30.7295
 21
-7.32129
  0
LINE
  8
0
 10
-30.7295
 20
-7.32129
 11
-30.7334
 21
-7.27246
  0
LINE
  8
0
 10
-30.7334
 20
-7.27246
 11
-30.7363
 21
-7.22266
  0
LINE
  8
0
 10
-30.7363
 20
-7.22266
 11
-30.7402
 21
-7.17285
  0
LINE
  8
0
 10
-30.7402
 20
-7.17285
 11
-30.7432
 21
-7.12305
  0
LINE
  8
0
 10
-30.7432
 20
-7.12305
 11
-30.7471
 21
-7.07324
  0
LINE
  8
0
 10
-30.7471
 20
-7.07324
 11
-30.75
 21
-7.02344
  0
LINE
  8
0
 10
-30.75
 20
-7.02344
 11
-30.7578
 21
-6.92383
  0
LINE
  8
0
 10
-30.7578
 20
-6.92383
 11
-30.7607
 21
-6.875
  0
LINE
  8
0
 10
-30.7607
 20
-6.875
 11
-30.7646
 21
-6.8252
  0
LINE
  8
0
 10
-30.7646
 20
-6.8252
 11
-30.7676
 21
-6.77539
  0
LINE
  8
0
 10
-30.7676
 20
-6.77539
 11
-30.7754
 21
-6.67578
  0
LINE
  8
0
 10
-30.7754
 20
-6.67578
 11
-30.7783
 21
-6.62598
  0
LINE
  8
0
 10
-30.7783
 20
-6.62598
 11
-30.7822
 21
-6.57617
  0
LINE
  8
0
 10
-30.7822
 20
-6.57617
 11
-30.7861
 21
-6.52734
  0
LINE
  8
0
 10
-30.7861
 20
-6.52734
 11
-30.7891
 21
-6.47754
  0
LINE
  8
0
 10
-30.7891
 20
-6.47754
 11
-30.7969
 21
-6.37793
  0
LINE
  8
0
 10
-30.7969
 20
-6.37793
 11
-30.7998
 21
-6.32812
  0
LINE
  8
0
 10
-30.7998
 20
-6.32812
 11
-30.8037
 21
-6.27832
  0
LINE
  8
0
 10
-30.8037
 20
-6.27832
 11
-30.8076
 21
-6.22949
  0
LINE
  8
0
 10
-30.8076
 20
-6.22949
 11
-30.8115
 21
-6.17969
  0
LINE
  8
0
 10
-30.8115
 20
-6.17969
 11
-30.8145
 21
-6.12988
  0
LINE
  8
0
 10
-30.8145
 20
-6.12988
 11
-30.8262
 21
-5.98047
  0
LINE
  8
0
 10
-30.8262
 20
-5.98047
 11
-30.8291
 21
-5.93164
  0
LINE
  8
0
 10
-30.8291
 20
-5.93164
 11
-30.8447
 21
-5.73242
  0
LINE
  8
0
 10
-30.8447
 20
-5.73242
 11
-30.8486
 21
-5.68359
  0
LINE
  8
0
 10
-30.8486
 20
-5.68359
 11
-30.8525
 21
-5.63379
  0
LINE
  8
0
 10
-30.8525
 20
-5.63379
 11
-30.8555
 21
-5.58398
  0
LINE
  8
0
 10
-30.8555
 20
-5.58398
 11
-30.8672
 21
-5.43457
  0
LINE
  8
0
 10
-30.8672
 20
-5.43457
 11
-30.8711
 21
-5.38574
  0
LINE
  8
0
 10
-30.8711
 20
-5.38574
 11
-30.8867
 21
-5.18652
  0
LINE
  8
0
 10
-30.8867
 20
-5.18652
 11
-30.8906
 21
-5.1377
  0
LINE
  8
0
 10
-30.8906
 20
-5.1377
 11
-30.9023
 21
-4.98828
  0
LINE
  8
0
 10
-30.9023
 20
-4.98828
 11
-30.9062
 21
-4.93945
  0
LINE
  8
0
 10
-30.9062
 20
-4.93945
 11
-30.918
 21
-4.79004
  0
LINE
  8
0
 10
-30.918
 20
-4.79004
 11
-30.9229
 21
-4.74023
  0
LINE
  8
0
 10
-30.9229
 20
-4.74023
 11
-30.9268
 21
-4.69141
  0
LINE
  8
0
 10
-30.9268
 20
-4.69141
 11
-30.9385
 21
-4.54199
  0
LINE
  8
0
 10
-30.9385
 20
-4.54199
 11
-30.9424
 21
-4.49316
  0
LINE
  8
0
 10
-30.9424
 20
-4.49316
 11
-30.9473
 21
-4.44336
  0
LINE
  8
0
 10
-30.9473
 20
-4.44336
 11
-30.959
 21
-4.29395
  0
LINE
  8
0
 10
-30.959
 20
-4.29395
 11
-30.9629
 21
-4.24512
  0
LINE
  8
0
 10
-30.9629
 20
-4.24512
 11
-30.9678
 21
-4.19531
  0
LINE
  8
0
 10
-30.9678
 20
-4.19531
 11
-30.9756
 21
-4.0957
  0
LINE
  8
0
 10
-30.9756
 20
-4.0957
 11
-30.9795
 21
-4.04688
  0
LINE
  8
0
 10
-30.9795
 20
-4.04688
 11
-30.9844
 21
-3.99707
  0
LINE
  8
0
 10
-30.9844
 20
-3.99707
 11
-30.9922
 21
-3.89746
  0
LINE
  8
0
 10
-30.9922
 20
-3.89746
 11
-30.9971
 21
-3.84863
  0
LINE
  8
0
 10
-30.9971
 20
-3.84863
 11
-31.0049
 21
-3.74902
  0
LINE
  8
0
 10
-31.0049
 20
-3.74902
 11
-31.0098
 21
-3.69922
  0
LINE
  8
0
 10
-31.0098
 20
-3.69922
 11
-31.0137
 21
-3.65039
  0
LINE
  8
0
 10
-31.0137
 20
-3.65039
 11
-31.0186
 21
-3.60059
  0
LINE
  8
0
 10
-31.0186
 20
-3.60059
 11
-31.0225
 21
-3.55078
  0
LINE
  8
0
 10
-31.0225
 20
-3.55078
 11
-31.0273
 21
-3.50195
  0
LINE
  8
0
 10
-31.0273
 20
-3.50195
 11
-31.0352
 21
-3.40234
  0
LINE
  8
0
 10
-31.0352
 20
-3.40234
 11
-31.04
 21
-3.35254
  0
LINE
  8
0
 10
-31.04
 20
-3.35254
 11
-31.0439
 21
-3.30371
  0
LINE
  8
0
 10
-31.0439
 20
-3.30371
 11
-31.0488
 21
-3.25391
  0
LINE
  8
0
 10
-31.0488
 20
-3.25391
 11
-31.0527
 21
-3.2041
  0
LINE
  8
0
 10
-31.0527
 20
-3.2041
 11
-31.0576
 21
-3.1543
  0
LINE
  8
0
 10
-31.0576
 20
-3.1543
 11
-31.0615
 21
-3.10547
  0
LINE
  8
0
 10
-31.0615
 20
-3.10547
 11
-31.0713
 21
-3.00586
  0
LINE
  8
0
 10
-31.0713
 20
-3.00586
 11
-31.0752
 21
-2.95703
  0
LINE
  8
0
 10
-31.0752
 20
-2.95703
 11
-31.0801
 21
-2.90723
  0
LINE
  8
0
 10
-31.0801
 20
-2.90723
 11
-31.084
 21
-2.85742
  0
LINE
  8
0
 10
-31.084
 20
-2.85742
 11
-31.0889
 21
-2.80762
  0
LINE
  8
0
 10
-31.0889
 20
-2.80762
 11
-31.0938
 21
-2.75879
  0
LINE
  8
0
 10
-31.0938
 20
-2.75879
 11
-31.0977
 21
-2.70898
  0
LINE
  8
0
 10
-31.0977
 20
-2.70898
 11
-31.1025
 21
-2.65918
  0
LINE
  8
0
 10
-31.1025
 20
-2.65918
 11
-31.1074
 21
-2.61035
  0
LINE
  8
0
 10
-31.1074
 20
-2.61035
 11
-31.1113
 21
-2.56055
  0
LINE
  8
0
 10
-31.1113
 20
-2.56055
 11
-31.1162
 21
-2.51074
  0
LINE
  8
0
 10
-31.1162
 20
-2.51074
 11
-31.1211
 21
-2.46191
  0
LINE
  8
0
 10
-31.1211
 20
-2.46191
 11
-31.125
 21
-2.41211
  0
LINE
  8
0
 10
-31.125
 20
-2.41211
 11
-31.1299
 21
-2.3623
  0
LINE
  8
0
 10
-31.1299
 20
-2.3623
 11
-31.1348
 21
-2.31348
  0
LINE
  8
0
 10
-31.1348
 20
-2.31348
 11
-31.1445
 21
-2.21387
  0
LINE
  8
0
 10
-31.1445
 20
-2.21387
 11
-31.1484
 21
-2.16504
  0
LINE
  8
0
 10
-31.1484
 20
-2.16504
 11
-31.1631
 21
-2.01562
  0
LINE
  8
0
 10
-31.1631
 20
-2.01562
 11
-31.168
 21
-1.9668
  0
LINE
  8
0
 10
-31.168
 20
-1.9668
 11
-31.1729
 21
-1.91699
  0
LINE
  8
0
 10
-31.1729
 20
-1.91699
 11
-31.1768
 21
-1.86719
  0
LINE
  8
0
 10
-31.1768
 20
-1.86719
 11
-31.1816
 21
-1.81836
  0
LINE
  8
0
 10
-31.1816
 20
-1.81836
 11
-31.1865
 21
-1.76855
  0
LINE
  8
0
 10
-31.1865
 20
-1.76855
 11
-31.1914
 21
-1.71973
  0
LINE
  8
0
 10
-31.1914
 20
-1.71973
 11
-31.2012
 21
-1.62012
  0
LINE
  8
0
 10
-31.2012
 20
-1.62012
 11
-31.2061
 21
-1.57129
  0
LINE
  8
0
 10
-31.2061
 20
-1.57129
 11
-31.2158
 21
-1.47168
  0
LINE
  8
0
 10
-31.2158
 20
-1.47168
 11
-31.2207
 21
-1.42285
  0
LINE
  8
0
 10
-31.2207
 20
-1.42285
 11
-31.2305
 21
-1.32324
  0
LINE
  8
0
 10
-31.2305
 20
-1.32324
 11
-31.2354
 21
-1.27441
  0
LINE
  8
0
 10
-31.2354
 20
-1.27441
 11
-31.2451
 21
-1.1748
  0
LINE
  8
0
 10
-31.2451
 20
-1.1748
 11
-31.25
 21
-1.12598
  0
LINE
  8
0
 10
-31.25
 20
-1.12598
 11
-31.2559
 21
-1.07617
  0
LINE
  8
0
 10
-31.2559
 20
-1.07617
 11
-31.2607
 21
-1.02637
  0
LINE
  8
0
 10
-31.2607
 20
-1.02637
 11
-31.2656
 21
-0.977539
  0
LINE
  8
0
 10
-31.2656
 20
-0.977539
 11
-31.2705
 21
-0.927734
  0
LINE
  8
0
 10
-31.2705
 20
-0.927734
 11
-31.2754
 21
-0.878906
  0
LINE
  8
0
 10
-31.2754
 20
-0.878906
 11
-31.2812
 21
-0.822266
  0
LINE
  8
0
 10
-31.2812
 20
-0.822266
 11
-31.2881
 21
-0.765625
  0
LINE
  8
0
 10
-31.2881
 20
-0.765625
 11
-31.2939
 21
-0.708984
  0
LINE
  8
0
 10
-31.2939
 20
-0.708984
 11
-31.3018
 21
-0.65332
  0
LINE
  8
0
 10
-31.3018
 20
-0.65332
 11
-31.3086
 21
-0.597656
  0
LINE
  8
0
 10
-31.3086
 20
-0.597656
 11
-31.3242
 21
-0.486328
  0
LINE
  8
0
 10
-31.3242
 20
-0.486328
 11
-31.332
 21
-0.431641
  0
LINE
  8
0
 10
-31.332
 20
-0.431641
 11
-31.3408
 21
-0.375977
  0
LINE
  8
0
 10
-31.3408
 20
-0.375977
 11
-31.3584
 21
-0.266602
  0
LINE
  8
0
 10
-31.3584
 20
-0.266602
 11
-31.3682
 21
-0.212891
  0
LINE
  8
0
 10
-31.3682
 20
-0.212891
 11
-31.3779
 21
-0.158203
  0
LINE
  8
0
 10
-31.3779
 20
-0.158203
 11
-31.3975
 21
-0.0507812
  0
LINE
  8
0
 10
-31.3975
 20
-0.0507812
 11
-31.4082
 21
0.00292969
  0
LINE
  8
0
 10
-31.4082
 20
0.00292969
 11
-31.4189
 21
0.0556641
  0
LINE
  8
0
 10
-31.4189
 20
0.0556641
 11
-31.4307
 21
0.109375
  0
LINE
  8
0
 10
-31.4307
 20
0.109375
 11
-31.4414
 21
0.162109
  0
LINE
  8
0
 10
-31.4414
 20
0.162109
 11
-31.4531
 21
0.214844
  0
LINE
  8
0
 10
-31.4531
 20
0.214844
 11
-31.4658
 21
0.267578
  0
LINE
  8
0
 10
-31.4658
 20
0.267578
 11
-31.4775
 21
0.319336
  0
LINE
  8
0
 10
-31.4775
 20
0.319336
 11
-31.4902
 21
0.37207
  0
LINE
  8
0
 10
-31.4902
 20
0.37207
 11
-31.5029
 21
0.423828
  0
LINE
  8
0
 10
-31.5029
 20
0.423828
 11
-31.5166
 21
0.475586
  0
LINE
  8
0
 10
-31.5166
 20
0.475586
 11
-31.5293
 21
0.527344
  0
LINE
  8
0
 10
-31.5293
 20
0.527344
 11
-31.543
 21
0.579102
  0
LINE
  8
0
 10
-31.543
 20
0.579102
 11
-31.5576
 21
0.629883
  0
LINE
  8
0
 10
-31.5576
 20
0.629883
 11
-31.5713
 21
0.681641
  0
LINE
  8
0
 10
-31.5713
 20
0.681641
 11
-31.6006
 21
0.783203
  0
LINE
  8
0
 10
-31.6006
 20
0.783203
 11
-31.6162
 21
0.833008
  0
LINE
  8
0
 10
-31.6162
 20
0.833008
 11
-31.6309
 21
0.883789
  0
LINE
  8
0
 10
-31.6309
 20
0.883789
 11
-31.6621
 21
0.983398
  0
LINE
  8
0
 10
-31.6621
 20
0.983398
 11
-31.6787
 21
1.0332
  0
LINE
  8
0
 10
-31.6787
 20
1.0332
 11
-31.6943
 21
1.08301
  0
LINE
  8
0
 10
-31.6943
 20
1.08301
 11
-31.7109
 21
1.13281
  0
LINE
  8
0
 10
-31.7109
 20
1.13281
 11
-31.7275
 21
1.18164
  0
LINE
  8
0
 10
-31.7275
 20
1.18164
 11
-31.7451
 21
1.23145
  0
LINE
  8
0
 10
-31.7451
 20
1.23145
 11
-31.7617
 21
1.28027
  0
LINE
  8
0
 10
-31.7617
 20
1.28027
 11
-31.7969
 21
1.37793
  0
LINE
  8
0
 10
-31.7969
 20
1.37793
 11
-31.8154
 21
1.42578
  0
LINE
  8
0
 10
-31.8154
 20
1.42578
 11
-31.833
 21
1.47461
  0
LINE
  8
0
 10
-31.833
 20
1.47461
 11
-31.8701
 21
1.57031
  0
LINE
  8
0
 10
-31.8701
 20
1.57031
 11
-31.8896
 21
1.61816
  0
LINE
  8
0
 10
-31.8896
 20
1.61816
 11
-31.9082
 21
1.66602
  0
LINE
  8
0
 10
-31.9082
 20
1.66602
 11
-31.9277
 21
1.71387
  0
LINE
  8
0
 10
-31.9277
 20
1.71387
 11
-31.9473
 21
1.76074
  0
LINE
  8
0
 10
-31.9473
 20
1.76074
 11
-31.9668
 21
1.80859
  0
LINE
  8
0
 10
-31.9668
 20
1.80859
 11
-32.0488
 21
1.99609
  0
LINE
  8
0
 10
-32.0488
 20
1.99609
 11
-32.0693
 21
2.04199
  0
LINE
  8
0
 10
-32.0693
 20
2.04199
 11
-32.0908
 21
2.08887
  0
LINE
  8
0
 10
-32.0908
 20
2.08887
 11
-32.1768
 21
2.27246
  0
LINE
  8
0
 10
-32.1768
 20
2.27246
 11
-32.1992
 21
2.31836
  0
LINE
  8
0
 10
-32.1992
 20
2.31836
 11
-32.2217
 21
2.36328
  0
LINE
  8
0
 10
-32.2217
 20
2.36328
 11
-32.2441
 21
2.40918
  0
LINE
  8
0
 10
-32.2441
 20
2.40918
 11
-32.2891
 21
2.49902
  0
LINE
  8
0
 10
-32.2891
 20
2.49902
 11
-32.3594
 21
2.63379
  0
LINE
  8
0
 10
-32.3594
 20
2.63379
 11
-32.3828
 21
2.67773
  0
LINE
  8
0
 10
-32.3828
 20
2.67773
 11
-32.4062
 21
2.72266
  0
LINE
  8
0
 10
-32.4062
 20
2.72266
 11
-32.4307
 21
2.7666
  0
LINE
  8
0
 10
-32.4307
 20
2.7666
 11
-32.4541
 21
2.81055
  0
LINE
  8
0
 10
-32.4541
 20
2.81055
 11
-32.5029
 21
2.89844
  0
LINE
  8
0
 10
-32.5029
 20
2.89844
 11
-32.5283
 21
2.94238
  0
LINE
  8
0
 10
-32.5283
 20
2.94238
 11
-32.5527
 21
2.98633
  0
LINE
  8
0
 10
-32.5527
 20
2.98633
 11
-32.5781
 21
3.0293
  0
LINE
  8
0
 10
-32.5781
 20
3.0293
 11
-32.6035
 21
3.07324
  0
LINE
  8
0
 10
-32.6035
 20
3.07324
 11
-32.6279
 21
3.11621
  0
LINE
  8
0
 10
-32.6279
 20
3.11621
 11
-32.6543
 21
3.15918
  0
LINE
  8
0
 10
-32.6543
 20
3.15918
 11
-32.7051
 21
3.24512
  0
LINE
  8
0
 10
-32.7051
 20
3.24512
 11
-32.7842
 21
3.37402
  0
LINE
  8
0
 10
-32.7842
 20
3.37402
 11
-32.8105
 21
3.41602
  0
LINE
  8
0
 10
-32.8105
 20
3.41602
 11
-32.8369
 21
3.45898
  0
LINE
  8
0
 10
-32.8369
 20
3.45898
 11
-32.8633
 21
3.50098
  0
LINE
  8
0
 10
-32.8633
 20
3.50098
 11
-32.8906
 21
3.54297
  0
LINE
  8
0
 10
-32.8906
 20
3.54297
 11
-32.917
 21
3.58496
  0
LINE
  8
0
 10
-32.917
 20
3.58496
 11
-32.999
 21
3.71094
  0
LINE
  8
0
 10
-32.999
 20
3.71094
 11
-33.0264
 21
3.75195
  0
LINE
  8
0
 10
-33.0264
 20
3.75195
 11
-33.0547
 21
3.79395
  0
LINE
  8
0
 10
-33.0547
 20
3.79395
 11
-33.082
 21
3.83594
  0
LINE
  8
0
 10
-33.082
 20
3.83594
 11
-33.1104
 21
3.87695
  0
LINE
  8
0
 10
-33.1104
 20
3.87695
 11
-33.1377
 21
3.91797
  0
LINE
  8
0
 10
-33.1377
 20
3.91797
 11
-33.2227
 21
4.04102
  0
LINE
  8
0
 10
-33.2227
 20
4.04102
 11
-33.252
 21
4.08203
  0
LINE
  8
0
 10
-33.252
 20
4.08203
 11
-33.3086
 21
4.16406
  0
LINE
  8
0
 10
-33.3086
 20
4.16406
 11
-33.3379
 21
4.20508
  0
LINE
  8
0
 10
-33.3379
 20
4.20508
 11
-33.3672
 21
4.24512
  0
LINE
  8
0
 10
-33.3672
 20
4.24512
 11
-33.3955
 21
4.28613
  0
LINE
  8
0
 10
-33.3955
 20
4.28613
 11
-33.4541
 21
4.36621
  0
LINE
  8
0
 10
-33.4541
 20
4.36621
 11
-33.4834
 21
4.40723
  0
LINE
  8
0
 10
-33.4834
 20
4.40723
 11
-33.5137
 21
4.44727
  0
LINE
  8
0
 10
-33.5137
 20
4.44727
 11
-33.5723
 21
4.52734
  0
LINE
  8
0
 10
-33.5723
 20
4.52734
 11
-33.6025
 21
4.56738
  0
LINE
  8
0
 10
-33.6025
 20
4.56738
 11
-33.6318
 21
4.60742
  0
LINE
  8
0
 10
-33.6318
 20
4.60742
 11
-33.6621
 21
4.64648
  0
LINE
  8
0
 10
-33.6621
 20
4.64648
 11
-33.7227
 21
4.72656
  0
LINE
  8
0
 10
-33.7227
 20
4.72656
 11
-33.7529
 21
4.76562
  0
LINE
  8
0
 10
-33.7529
 20
4.76562
 11
-33.7832
 21
4.80566
  0
LINE
  8
0
 10
-33.7832
 20
4.80566
 11
-33.8438
 21
4.88379
  0
LINE
  8
0
 10
-33.8438
 20
4.88379
 11
-33.874
 21
4.92383
  0
LINE
  8
0
 10
-33.874
 20
4.92383
 11
-33.9043
 21
4.96289
  0
LINE
  8
0
 10
-33.9043
 20
4.96289
 11
-33.9355
 21
5.00195
  0
LINE
  8
0
 10
-33.9355
 20
5.00195
 11
-33.9658
 21
5.04102
  0
LINE
  8
0
 10
-33.9658
 20
5.04102
 11
-34.0283
 21
5.11914
  0
LINE
  8
0
 10
-34.0283
 20
5.11914
 11
-34.0586
 21
5.1582
  0
LINE
  8
0
 10
-34.0586
 20
5.1582
 11
-34.1523
 21
5.27539
  0
LINE
  8
0
 10
-34.1523
 20
5.27539
 11
-34.1836
 21
5.31348
  0
LINE
  8
0
 10
-34.1836
 20
5.31348
 11
-34.2139
 21
5.35254
  0
LINE
  8
0
 10
-34.2139
 20
5.35254
 11
-34.2461
 21
5.3916
  0
LINE
  8
0
 10
-34.2461
 20
5.3916
 11
-34.2773
 21
5.42969
  0
LINE
  8
0
 10
-34.2773
 20
5.42969
 11
-34.3086
 21
5.46875
  0
LINE
  8
0
 10
-34.3086
 20
5.46875
 11
-34.3398
 21
5.50684
  0
LINE
  8
0
 10
-34.3398
 20
5.50684
 11
-34.3711
 21
5.5459
  0
LINE
  8
0
 10
-34.3711
 20
5.5459
 11
-34.4023
 21
5.58398
  0
LINE
  8
0
 10
-34.4023
 20
5.58398
 11
-34.4346
 21
5.62207
  0
LINE
  8
0
 10
-34.4346
 20
5.62207
 11
-34.4658
 21
5.66113
  0
LINE
  8
0
 10
-34.4658
 20
5.66113
 11
-34.4971
 21
5.69922
  0
LINE
  8
0
 10
-34.4971
 20
5.69922
 11
-34.5293
 21
5.7373
  0
LINE
  8
0
 10
-34.5293
 20
5.7373
 11
-34.5605
 21
5.77539
  0
LINE
  8
0
 10
-34.5605
 20
5.77539
 11
-34.5928
 21
5.81348
  0
LINE
  8
0
 10
-34.5928
 20
5.81348
 11
-34.624
 21
5.85254
  0
LINE
  8
0
 10
-34.624
 20
5.85254
 11
-34.6562
 21
5.89062
  0
LINE
  8
0
 10
-34.6562
 20
5.89062
 11
-34.6875
 21
5.92871
  0
LINE
  8
0
 10
-34.6875
 20
5.92871
 11
-34.7197
 21
5.9668
  0
LINE
  8
0
 10
-34.7197
 20
5.9668
 11
-34.751
 21
6.00488
  0
LINE
  8
0
 10
-34.751
 20
6.00488
 11
-34.8154
 21
6.08105
  0
LINE
  8
0
 10
-34.8154
 20
6.08105
 11
-34.8467
 21
6.11914
  0
LINE
  8
0
 10
-34.8467
 20
6.11914
 11
-34.8789
 21
6.15625
  0
LINE
  8
0
 10
-34.8789
 20
6.15625
 11
-34.9102
 21
6.19434
  0
LINE
  8
0
 10
-34.9102
 20
6.19434
 11
-34.9746
 21
6.27051
  0
LINE
  8
0
 10
-34.9746
 20
6.27051
 11
-35.0059
 21
6.30859
  0
LINE
  8
0
 10
-35.0059
 20
6.30859
 11
-35.0381
 21
6.34668
  0
LINE
  8
0
 10
-35.0381
 20
6.34668
 11
-35.0703
 21
6.38379
  0
LINE
  8
0
 10
-35.0703
 20
6.38379
 11
-35.1016
 21
6.42188
  0
LINE
  8
0
 10
-35.1016
 20
6.42188
 11
-35.166
 21
6.49805
  0
LINE
  8
0
 10
-35.166
 20
6.49805
 11
-35.1973
 21
6.53516
  0
LINE
  8
0
 10
-35.1973
 20
6.53516
 11
-35.2617
 21
6.61133
  0
LINE
  8
0
 10
-35.2617
 20
6.61133
 11
-35.293
 21
6.64844
  0
LINE
  8
0
 10
-35.293
 20
6.64844
 11
-35.3252
 21
6.68652
  0
LINE
  8
0
 10
-35.3252
 20
6.68652
 11
-35.3564
 21
6.72461
  0
LINE
  8
0
 10
-35.3564
 20
6.72461
 11
-35.3887
 21
6.7627
  0
LINE
  8
0
 10
-35.3887
 20
6.7627
 11
-35.4199
 21
6.7998
  0
LINE
  8
0
 10
-35.4199
 20
6.7998
 11
-35.4521
 21
6.83789
  0
LINE
  8
0
 10
-35.4521
 20
6.83789
 11
-35.4834
 21
6.87598
  0
LINE
  8
0
 10
-35.4834
 20
6.87598
 11
-35.5156
 21
6.91309
  0
LINE
  8
0
 10
-35.5156
 20
6.91309
 11
-35.5469
 21
6.95117
  0
LINE
  8
0
 10
-35.5469
 20
6.95117
 11
-35.5791
 21
6.98926
  0
LINE
  8
0
 10
-35.5791
 20
6.98926
 11
-35.6104
 21
7.02637
  0
LINE
  8
0
 10
-35.6104
 20
7.02637
 11
-35.6729
 21
7.10254
  0
LINE
  8
0
 10
-35.6729
 20
7.10254
 11
-35.7051
 21
7.14062
  0
LINE
  8
0
 10
-35.7051
 20
7.14062
 11
-35.7363
 21
7.17773
  0
LINE
  8
0
 10
-35.7363
 20
7.17773
 11
-35.8301
 21
7.29199
  0
LINE
  8
0
 10
-35.8301
 20
7.29199
 11
-35.8613
 21
7.3291
  0
LINE
  8
0
 10
-35.8613
 20
7.3291
 11
-35.9551
 21
7.44336
  0
LINE
  8
0
 10
-35.9551
 20
7.44336
 11
-35.9854
 21
7.48145
  0
LINE
  8
0
 10
-35.9854
 20
7.48145
 11
-36.0166
 21
7.51953
  0
LINE
  8
0
 10
-36.0166
 20
7.51953
 11
-36.0479
 21
7.55664
  0
LINE
  8
0
 10
-36.0479
 20
7.55664
 11
-36.0781
 21
7.59473
  0
LINE
  8
0
 10
-36.0781
 20
7.59473
 11
-36.1094
 21
7.63281
  0
LINE
  8
0
 10
-36.1094
 20
7.63281
 11
-36.1699
 21
7.70898
  0
LINE
  8
0
 10
-36.1699
 20
7.70898
 11
-36.2012
 21
7.74707
  0
LINE
  8
0
 10
-36.2012
 20
7.74707
 11
-36.2314
 21
7.78516
  0
LINE
  8
0
 10
-36.2314
 20
7.78516
 11
-36.2617
 21
7.82422
  0
LINE
  8
0
 10
-36.2617
 20
7.82422
 11
-36.3828
 21
7.97656
  0
LINE
  8
0
 10
-36.3828
 20
7.97656
 11
-36.4121
 21
8.01562
  0
LINE
  8
0
 10
-36.4121
 20
8.01562
 11
-36.4424
 21
8.05371
  0
LINE
  8
0
 10
-36.4424
 20
8.05371
 11
-36.4717
 21
8.0918
  0
LINE
  8
0
 10
-36.4717
 20
8.0918
 11
-36.502
 21
8.13086
  0
LINE
  8
0
 10
-36.502
 20
8.13086
 11
-36.5312
 21
8.16895
  0
LINE
  8
0
 10
-36.5312
 20
8.16895
 11
-36.5605
 21
8.20801
  0
LINE
  8
0
 10
-36.5605
 20
8.20801
 11
-36.5898
 21
8.24609
  0
LINE
  8
0
 10
-36.5898
 20
8.24609
 11
-36.6191
 21
8.28516
  0
LINE
  8
0
 10
-36.6191
 20
8.28516
 11
-36.6484
 21
8.32324
  0
LINE
  8
0
 10
-36.6484
 20
8.32324
 11
-36.707
 21
8.40137
  0
LINE
  8
0
 10
-36.707
 20
8.40137
 11
-36.7354
 21
8.44043
  0
LINE
  8
0
 10
-36.7354
 20
8.44043
 11
-36.7646
 21
8.47949
  0
LINE
  8
0
 10
-36.7646
 20
8.47949
 11
-36.793
 21
8.51758
  0
LINE
  8
0
 10
-36.793
 20
8.51758
 11
-36.8779
 21
8.63477
  0
LINE
  8
0
 10
-36.8779
 20
8.63477
 11
-36.9062
 21
8.6748
  0
LINE
  8
0
 10
-36.9062
 20
8.6748
 11
-36.9629
 21
8.75293
  0
LINE
  8
0
 10
-36.9629
 20
8.75293
 11
-36.9902
 21
8.79199
  0
LINE
  8
0
 10
-36.9902
 20
8.79199
 11
-37.0176
 21
8.83203
  0
LINE
  8
0
 10
-37.0176
 20
8.83203
 11
-37.0459
 21
8.87109
  0
LINE
  8
0
 10
-37.0459
 20
8.87109
 11
-37.0732
 21
8.91113
  0
LINE
  8
0
 10
-37.0732
 20
8.91113
 11
-37.1006
 21
8.9502
  0
LINE
  8
0
 10
-37.1006
 20
8.9502
 11
-37.127
 21
8.99023
  0
LINE
  8
0
 10
-37.127
 20
8.99023
 11
-37.1816
 21
9.07031
  0
LINE
  8
0
 10
-37.1816
 20
9.07031
 11
-37.208
 21
9.10938
  0
LINE
  8
0
 10
-37.208
 20
9.10938
 11
-37.2607
 21
9.18945
  0
LINE
  8
0
 10
-37.2607
 20
9.18945
 11
-37.2871
 21
9.23047
  0
LINE
  8
0
 10
-37.2871
 20
9.23047
 11
-37.3135
 21
9.27051
  0
LINE
  8
0
 10
-37.3135
 20
9.27051
 11
-37.3389
 21
9.31055
  0
LINE
  8
0
 10
-37.3389
 20
9.31055
 11
-37.3652
 21
9.35059
  0
LINE
  8
0
 10
-37.3652
 20
9.35059
 11
-37.3906
 21
9.3916
  0
LINE
  8
0
 10
-37.3906
 20
9.3916
 11
-37.416
 21
9.43164
  0
LINE
  8
0
 10
-37.416
 20
9.43164
 11
-37.4668
 21
9.51367
  0
LINE
  8
0
 10
-37.4668
 20
9.51367
 11
-37.4922
 21
9.55371
  0
LINE
  8
0
 10
-37.4922
 20
9.55371
 11
-37.5898
 21
9.71777
  0
LINE
  8
0
 10
-37.5898
 20
9.71777
 11
-37.6143
 21
9.75977
  0
LINE
  8
0
 10
-37.6143
 20
9.75977
 11
-37.6387
 21
9.80078
  0
LINE
  8
0
 10
-37.6387
 20
9.80078
 11
-37.6621
 21
9.84277
  0
LINE
  8
0
 10
-37.6621
 20
9.84277
 11
-37.6855
 21
9.88379
  0
LINE
  8
0
 10
-37.6855
 20
9.88379
 11
-37.709
 21
9.92578
  0
LINE
  8
0
 10
-37.709
 20
9.92578
 11
-37.7324
 21
9.9668
  0
LINE
  8
0
 10
-37.7324
 20
9.9668
 11
-37.7559
 21
10.0088
  0
LINE
  8
0
 10
-37.7559
 20
10.0088
 11
-37.8232
 21
10.1348
  0
LINE
  8
0
 10
-37.8232
 20
10.1348
 11
-37.8457
 21
10.1777
  0
LINE
  8
0
 10
-37.8457
 20
10.1777
 11
-37.8682
 21
10.2197
  0
LINE
  8
0
 10
-37.8682
 20
10.2197
 11
-37.8896
 21
10.2627
  0
LINE
  8
0
 10
-37.8896
 20
10.2627
 11
-37.9111
 21
10.3047
  0
LINE
  8
0
 10
-37.9111
 20
10.3047
 11
-37.9756
 21
10.4336
  0
LINE
  8
0
 10
-37.9756
 20
10.4336
 11
-38.0576
 21
10.6055
  0
LINE
  8
0
 10
-38.0576
 20
10.6055
 11
-38.0771
 21
10.6494
  0
LINE
  8
0
 10
-38.0771
 20
10.6494
 11
-38.0977
 21
10.6934
  0
LINE
  8
0
 10
-38.0977
 20
10.6934
 11
-38.1172
 21
10.7363
  0
LINE
  8
0
 10
-38.1172
 20
10.7363
 11
-38.1367
 21
10.7803
  0
LINE
  8
0
 10
-38.1367
 20
10.7803
 11
-38.1553
 21
10.8242
  0
LINE
  8
0
 10
-38.1553
 20
10.8242
 11
-38.1748
 21
10.8691
  0
LINE
  8
0
 10
-38.1748
 20
10.8691
 11
-38.2119
 21
10.957
  0
LINE
  8
0
 10
-38.2119
 20
10.957
 11
-38.2295
 21
11.002
  0
LINE
  8
0
 10
-38.2295
 20
11.002
 11
-38.248
 21
11.0459
  0
LINE
  8
0
 10
-38.248
 20
11.0459
 11
-38.2832
 21
11.1357
  0
LINE
  8
0
 10
-38.2832
 20
11.1357
 11
-38.2998
 21
11.1807
  0
LINE
  8
0
 10
-38.2998
 20
11.1807
 11
-38.3174
 21
11.2256
  0
LINE
  8
0
 10
-38.3174
 20
11.2256
 11
-38.334
 21
11.2715
  0
LINE
  8
0
 10
-38.334
 20
11.2715
 11
-38.3506
 21
11.3164
  0
LINE
  8
0
 10
-38.3506
 20
11.3164
 11
-38.3672
 21
11.3623
  0
LINE
  8
0
 10
-38.3672
 20
11.3623
 11
-38.4297
 21
11.5459
  0
LINE
  8
0
 10
-38.4297
 20
11.5459
 11
-38.4443
 21
11.5918
  0
LINE
  8
0
 10
-38.4443
 20
11.5918
 11
-38.4736
 21
11.6855
  0
LINE
  8
0
 10
-38.4736
 20
11.6855
 11
-38.4873
 21
11.7314
  0
LINE
  8
0
 10
-38.4873
 20
11.7314
 11
-38.502
 21
11.7783
  0
LINE
  8
0
 10
-38.502
 20
11.7783
 11
-38.5156
 21
11.8252
  0
LINE
  8
0
 10
-38.5156
 20
11.8252
 11
-38.5283
 21
11.873
  0
LINE
  8
0
 10
-38.5283
 20
11.873
 11
-38.542
 21
11.9199
  0
LINE
  8
0
 10
-38.542
 20
11.9199
 11
-38.5674
 21
12.0156
  0
LINE
  8
0
 10
-38.5674
 20
12.0156
 11
-38.5801
 21
12.0625
  0
LINE
  8
0
 10
-38.5801
 20
12.0625
 11
-38.5918
 21
12.1113
  0
LINE
  8
0
 10
-38.5918
 20
12.1113
 11
-38.6152
 21
12.207
  0
LINE
  8
0
 10
-38.6152
 20
12.207
 11
-38.6367
 21
12.3047
  0
LINE
  8
0
 10
-38.6367
 20
12.3047
 11
-38.6475
 21
12.3525
  0
LINE
  8
0
 10
-38.6475
 20
12.3525
 11
-38.6572
 21
12.4023
  0
LINE
  8
0
 10
-38.6572
 20
12.4023
 11
-38.668
 21
12.4512
  0
LINE
  8
0
 10
-38.668
 20
12.4512
 11
-38.6777
 21
12.5
  0
LINE
  8
0
 10
-38.6777
 20
12.5
 11
-38.6865
 21
12.5498
  0
LINE
  8
0
 10
-38.6865
 20
12.5498
 11
-38.6963
 21
12.5996
  0
LINE
  8
0
 10
-38.6963
 20
12.5996
 11
-38.7051
 21
12.6494
  0
LINE
  8
0
 10
-38.7051
 20
12.6494
 11
-38.7129
 21
12.6992
  0
LINE
  8
0
 10
-38.7129
 20
12.6992
 11
-38.7217
 21
12.749
  0
LINE
  8
0
 10
-38.7217
 20
12.749
 11
-38.7295
 21
12.7988
  0
LINE
  8
0
 10
-38.7295
 20
12.7988
 11
-38.7363
 21
12.8496
  0
LINE
  8
0
 10
-38.7363
 20
12.8496
 11
-38.7441
 21
12.9004
  0
LINE
  8
0
 10
-38.7441
 20
12.9004
 11
-38.7578
 21
13.002
  0
LINE
  8
0
 10
-38.7578
 20
13.002
 11
-38.7637
 21
13.0537
  0
LINE
  8
0
 10
-38.7637
 20
13.0537
 11
-38.7695
 21
13.1045
  0
LINE
  8
0
 10
-38.7695
 20
13.1045
 11
-38.7812
 21
13.208
  0
LINE
  8
0
 10
-38.7812
 20
13.208
 11
-38.7861
 21
13.2598
  0
LINE
  8
0
 10
-38.7861
 20
13.2598
 11
-38.79
 21
13.3125
  0
LINE
  8
0
 10
-38.79
 20
13.3125
 11
-38.7949
 21
13.3643
  0
LINE
  8
0
 10
-38.7949
 20
13.3643
 11
-38.8027
 21
13.4697
  0
LINE
  8
0
 10
-38.8027
 20
13.4697
 11
-38.8057
 21
13.5186
  0
LINE
  8
0
 10
-38.8057
 20
13.5186
 11
-38.8086
 21
13.5684
  0
LINE
  8
0
 10
-38.8086
 20
13.5684
 11
-38.8125
 21
13.6182
  0
LINE
  8
0
 10
-38.8125
 20
13.6182
 11
-38.8154
 21
13.667
  0
LINE
  8
0
 10
-38.8154
 20
13.667
 11
-38.8184
 21
13.7168
  0
LINE
  8
0
 10
-38.8184
 20
13.7168
 11
-38.8223
 21
13.7656
  0
LINE
  8
0
 10
-38.8223
 20
13.7656
 11
-38.8281
 21
13.8652
  0
LINE
  8
0
 10
-38.8281
 20
13.8652
 11
-38.8311
 21
13.9141
  0
LINE
  8
0
 10
-38.8311
 20
13.9141
 11
-38.8369
 21
14.0137
  0
LINE
  8
0
 10
-38.8369
 20
14.0137
 11
-38.8408
 21
14.0625
  0
LINE
  8
0
 10
-38.8408
 20
14.0625
 11
-38.8467
 21
14.1621
  0
LINE
  8
0
 10
-38.8467
 20
14.1621
 11
-38.8496
 21
14.2109
  0
LINE
  8
0
 10
-38.8496
 20
14.2109
 11
-38.8555
 21
14.3105
  0
LINE
  8
0
 10
-38.8555
 20
14.3105
 11
-38.8584
 21
14.3594
  0
LINE
  8
0
 10
-38.8584
 20
14.3594
 11
-38.8643
 21
14.459
  0
LINE
  8
0
 10
-38.8643
 20
14.459
 11
-38.8672
 21
14.5078
  0
LINE
  8
0
 10
-38.8672
 20
14.5078
 11
-38.873
 21
14.6074
  0
LINE
  8
0
 10
-38.873
 20
14.6074
 11
-38.875
 21
14.6562
  0
LINE
  8
0
 10
-38.875
 20
14.6562
 11
-38.8838
 21
14.8057
  0
LINE
  8
0
 10
-38.8838
 20
14.8057
 11
-38.8867
 21
14.8545
  0
LINE
  8
0
 10
-38.8867
 20
14.8545
 11
-38.8887
 21
14.9043
  0
LINE
  8
0
 10
-38.8887
 20
14.9043
 11
-38.8916
 21
14.9541
  0
LINE
  8
0
 10
-38.8916
 20
14.9541
 11
-38.8945
 21
15.0029
  0
LINE
  8
0
 10
-38.8945
 20
15.0029
 11
-38.8975
 21
15.0527
  0
LINE
  8
0
 10
-38.8975
 20
15.0527
 11
-38.8994
 21
15.1025
  0
LINE
  8
0
 10
-38.8994
 20
15.1025
 11
-38.9023
 21
15.1523
  0
LINE
  8
0
 10
-38.9023
 20
15.1523
 11
-38.9053
 21
15.2012
  0
LINE
  8
0
 10
-38.9053
 20
15.2012
 11
-38.9072
 21
15.251
  0
LINE
  8
0
 10
-38.9072
 20
15.251
 11
-38.9102
 21
15.3008
  0
LINE
  8
0
 10
-38.9102
 20
15.3008
 11
-38.9121
 21
15.3506
  0
LINE
  8
0
 10
-38.9121
 20
15.3506
 11
-38.915
 21
15.3994
  0
LINE
  8
0
 10
-38.915
 20
15.3994
 11
-38.918
 21
15.4492
  0
LINE
  8
0
 10
-38.918
 20
15.4492
 11
-38.9199
 21
15.499
  0
LINE
  8
0
 10
-38.9199
 20
15.499
 11
-38.9229
 21
15.5488
  0
LINE
  8
0
 10
-38.9229
 20
15.5488
 11
-38.9268
 21
15.6475
  0
LINE
  8
0
 10
-38.9268
 20
15.6475
 11
-38.9297
 21
15.6973
  0
LINE
  8
0
 10
-38.9297
 20
15.6973
 11
-38.9316
 21
15.7471
  0
LINE
  8
0
 10
-38.9316
 20
15.7471
 11
-38.9346
 21
15.7959
  0
LINE
  8
0
 10
-38.9346
 20
15.7959
 11
-38.9365
 21
15.8457
  0
LINE
  8
0
 10
-38.9365
 20
15.8457
 11
-38.9395
 21
15.8955
  0
LINE
  8
0
 10
-38.9395
 20
15.8955
 11
-38.9453
 21
16.0439
  0
LINE
  8
0
 10
-38.9453
 20
16.0439
 11
-38.9482
 21
16.0938
  0
LINE
  8
0
 10
-38.9482
 20
16.0938
 11
-38.9521
 21
16.1934
  0
LINE
  8
0
 10
-38.9521
 20
16.1934
 11
-38.9551
 21
16.2422
  0
LINE
  8
0
 10
-38.9551
 20
16.2422
 11
-38.9629
 21
16.4414
  0
LINE
  8
0
 10
-38.9629
 20
16.4414
 11
-38.9668
 21
16.54
  0
LINE
  8
0
 10
-38.9668
 20
16.54
 11
-38.9697
 21
16.5898
  0
LINE
  8
0
 10
-38.9697
 20
16.5898
 11
-38.9756
 21
16.7393
  0
LINE
  8
0
 10
-38.9756
 20
16.7393
 11
-38.9775
 21
16.7881
  0
LINE
  8
0
 10
-38.9775
 20
16.7881
 11
-38.9854
 21
16.9873
  0
LINE
  8
0
 10
-38.9854
 20
16.9873
 11
-38.9863
 21
17.0371
  0
LINE
  8
0
 10
-38.9863
 20
17.0371
 11
-38.9883
 21
17.0859
  0
LINE
  8
0
 10
-38.9883
 20
17.0859
 11
-38.998
 21
17.335
  0
LINE
  8
0
 10
-38.998
 20
17.335
 11
-38.999
 21
17.3848
  0
LINE
  8
0
 10
-38.999
 20
17.3848
 11
-39.001
 21
17.4336
  0
LINE
  8
0
 10
-39.001
 20
17.4336
 11
-39.0049
 21
17.5332
  0
LINE
  8
0
 10
-39.0049
 20
17.5332
 11
-39.0059
 21
17.583
  0
LINE
  8
0
 10
-39.0059
 20
17.583
 11
-39.0098
 21
17.6826
  0
LINE
  8
0
 10
-39.0098
 20
17.6826
 11
-39.0107
 21
17.7324
  0
LINE
  8
0
 10
-39.0107
 20
17.7324
 11
-39.0146
 21
17.8311
  0
LINE
  8
0
 10
-39.0146
 20
17.8311
 11
-39.0156
 21
17.8809
  0
LINE
  8
0
 10
-39.0156
 20
17.8809
 11
-39.0176
 21
17.9307
  0
LINE
  8
0
 10
-39.0176
 20
17.9307
 11
-39.0186
 21
17.9805
  0
LINE
  8
0
 10
-39.0186
 20
17.9805
 11
-39.0205
 21
18.0303
  0
LINE
  8
0
 10
-39.0205
 20
18.0303
 11
-39.0215
 21
18.0801
  0
LINE
  8
0
 10
-39.0215
 20
18.0801
 11
-39.0234
 21
18.1299
  0
LINE
  8
0
 10
-39.0234
 20
18.1299
 11
-39.0244
 21
18.1797
  0
LINE
  8
0
 10
-39.0244
 20
18.1797
 11
-39.0264
 21
18.2295
  0
LINE
  8
0
 10
-39.0264
 20
18.2295
 11
-39.0273
 21
18.2793
  0
LINE
  8
0
 10
-39.0273
 20
18.2793
 11
-39.0293
 21
18.3291
  0
LINE
  8
0
 10
-39.0293
 20
18.3291
 11
-39.0312
 21
18.4277
  0
LINE
  8
0
 10
-39.0312
 20
18.4277
 11
-39.0332
 21
18.4775
  0
LINE
  8
0
 10
-39.0332
 20
18.4775
 11
-39.0352
 21
18.5771
  0
LINE
  8
0
 10
-39.0352
 20
18.5771
 11
-39.0371
 21
18.627
  0
LINE
  8
0
 10
-39.0371
 20
18.627
 11
-39.0391
 21
18.7266
  0
LINE
  8
0
 10
-39.0391
 20
18.7266
 11
-39.041
 21
18.7764
  0
LINE
  8
0
 10
-39.041
 20
18.7764
 11
-39.0449
 21
18.9756
  0
LINE
  8
0
 10
-39.0449
 20
18.9756
 11
-39.0469
 21
19.0254
  0
LINE
  8
0
 10
-39.0469
 20
19.0254
 11
-39.0645
 21
19.9209
  0
LINE
  8
0
 10
-39.0645
 20
19.9209
 11
-39.0645
 21
19.9707
  0
LINE
  8
0
 10
-39.0645
 20
19.9707
 11
-39.0684
 21
20.1699
  0
LINE
  8
0
 10
-39.0684
 20
20.1699
 11
-39.0684
 21
20.2197
  0
LINE
  8
0
 10
-39.0684
 20
20.2197
 11
-39.0703
 21
20.3193
  0
LINE
  8
0
 10
-39.0703
 20
20.3193
 11
-39.0703
 21
20.3701
  0
LINE
  8
0
 10
-39.0703
 20
20.3701
 11
-39.0723
 21
20.4697
  0
LINE
  8
0
 10
-39.0723
 20
20.4697
 11
-39.0723
 21
20.5195
  0
LINE
  8
0
 10
-39.0723
 20
20.5195
 11
-39.0742
 21
20.6191
  0
LINE
  8
0
 10
-39.0742
 20
20.6191
 11
-39.0742
 21
20.6689
  0
LINE
  8
0
 10
-39.0742
 20
20.6689
 11
-39.0752
 21
20.7188
  0
LINE
  8
0
 10
-39.0752
 20
20.7188
 11
-39.0752
 21
20.7686
  0
LINE
  8
0
 10
-39.0752
 20
20.7686
 11
-39.0762
 21
20.8184
  0
LINE
  8
0
 10
-39.0762
 20
20.8184
 11
-39.0762
 21
20.8682
  0
LINE
  8
0
 10
-39.0762
 20
20.8682
 11
-39.0771
 21
20.918
  0
LINE
  8
0
 10
-39.0771
 20
20.918
 11
-39.0771
 21
20.9678
  0
LINE
  8
0
 10
-39.0771
 20
20.9678
 11
-39.0781
 21
21.0176
  0
LINE
  8
0
 10
-39.0781
 20
21.0176
 11
-39.0781
 21
21.0674
  0
LINE
  8
0
 10
-39.0781
 20
21.0674
 11
-39.0791
 21
21.1172
  0
LINE
  8
0
 10
-39.0791
 20
21.1172
 11
-39.0791
 21
21.167
  0
LINE
  8
0
 10
-39.0791
 20
21.167
 11
-39.0801
 21
21.2168
  0
LINE
  8
0
 10
-39.0801
 20
21.2168
 11
-39.0801
 21
21.3164
  0
LINE
  8
0
 10
-39.0801
 20
21.3164
 11
-39.0811
 21
21.3672
  0
LINE
  8
0
 10
-39.0811
 20
21.3672
 11
-39.0811
 21
21.4668
  0
LINE
  8
0
 10
-39.0811
 20
21.4668
 11
-39.082
 21
21.5166
  0
LINE
  8
0
 10
-39.082
 20
21.5166
 11
-39.082
 21
21.666
  0
LINE
  8
0
 10
-39.082
 20
21.666
 11
-39.083
 21
21.7158
  0
LINE
  8
0
 10
-39.083
 20
21.7158
 11
-39.083
 21
21.9658
  0
LINE
  8
0
 10
-39.083
 20
21.9658
 11
-39.084
 21
22.0156
  0
LINE
  8
0
 10
-39.084
 20
22.0156
 11
-39.084
 21
22.7637
  0
LINE
  8
0
 10
-39.084
 20
22.7637
 11
-39.083
 21
22.8145
  0
LINE
  8
0
 10
-39.083
 20
22.8145
 11
-39.083
 21
23.0635
  0
LINE
  8
0
 10
-39.083
 20
23.0635
 11
-39.082
 21
23.1133
  0
LINE
  8
0
 10
-39.082
 20
23.1133
 11
-39.082
 21
23.2637
  0
LINE
  8
0
 10
-39.082
 20
23.2637
 11
-39.0811
 21
23.3135
  0
LINE
  8
0
 10
-39.0811
 20
23.3135
 11
-39.0811
 21
23.4131
  0
LINE
  8
0
 10
-39.0811
 20
23.4131
 11
-39.0801
 21
23.4629
  0
LINE
  8
0
 10
-39.0801
 20
23.4629
 11
-39.0801
 21
23.5635
  0
LINE
  8
0
 10
-39.0801
 20
23.5635
 11
-39.0791
 21
23.6133
  0
LINE
  8
0
 10
-39.0791
 20
23.6133
 11
-39.0791
 21
23.6631
  0
LINE
  8
0
 10
-39.0791
 20
23.6631
 11
-39.0781
 21
23.7129
  0
LINE
  8
0
 10
-39.0781
 20
23.7129
 11
-39.0781
 21
23.8135
  0
LINE
  8
0
 10
-39.0781
 20
23.8135
 11
-39.0771
 21
23.8633
  0
LINE
  8
0
 10
-39.0771
 20
23.8633
 11
-39.0771
 21
23.9131
  0
LINE
  8
0
 10
-39.0771
 20
23.9131
 11
-39.0762
 21
23.9629
  0
LINE
  8
0
 10
-39.0762
 20
23.9629
 11
-39.0762
 21
24.0127
  0
LINE
  8
0
 10
-39.0762
 20
24.0127
 11
-39.0752
 21
24.0635
  0
LINE
  8
0
 10
-39.0752
 20
24.0635
 11
-39.0752
 21
24.1133
  0
LINE
  8
0
 10
-39.0752
 20
24.1133
 11
-39.0732
 21
24.2129
  0
LINE
  8
0
 10
-39.0732
 20
24.2129
 11
-39.0732
 21
24.2627
  0
LINE
  8
0
 10
-39.0732
 20
24.2627
 11
-39.0723
 21
24.3135
  0
LINE
  8
0
 10
-39.0723
 20
24.3135
 11
-39.0723
 21
24.3633
  0
LINE
  8
0
 10
-39.0723
 20
24.3633
 11
-39.0703
 21
24.4629
  0
LINE
  8
0
 10
-39.0703
 20
24.4629
 11
-39.0703
 21
24.5127
  0
LINE
  8
0
 10
-39.0703
 20
24.5127
 11
-39.0684
 21
24.6133
  0
LINE
  8
0
 10
-39.0684
 20
24.6133
 11
-39.0684
 21
24.6631
  0
LINE
  8
0
 10
-39.0684
 20
24.6631
 11
-39.0654
 21
24.8135
  0
LINE
  8
0
 10
-39.0654
 20
24.8135
 11
-39.0654
 21
24.8633
  0
LINE
  8
0
 10
-39.0654
 20
24.8633
 11
-39.0615
 21
25.0635
  0
LINE
  8
0
 10
-39.0615
 20
25.0635
 11
-39.0615
 21
25.1133
  0
LINE
  8
0
 10
-39.0615
 20
25.1133
 11
-39.04
 21
26.2139
  0
LINE
  8
0
 10
-39.04
 20
26.2139
 11
-39.0381
 21
26.2637
  0
LINE
  8
0
 10
-39.0381
 20
26.2637
 11
-39.0342
 21
26.4639
  0
LINE
  8
0
 10
-39.0342
 20
26.4639
 11
-39.0322
 21
26.5146
  0
LINE
  8
0
 10
-39.0322
 20
26.5146
 11
-39.0303
 21
26.6143
  0
LINE
  8
0
 10
-39.0303
 20
26.6143
 11
-39.0283
 21
26.665
  0
LINE
  8
0
 10
-39.0283
 20
26.665
 11
-39.0254
 21
26.8145
  0
LINE
  8
0
 10
-39.0254
 20
26.8145
 11
-39.0234
 21
26.8652
  0
LINE
  8
0
 10
-39.0234
 20
26.8652
 11
-39.0225
 21
26.915
  0
LINE
  8
0
 10
-39.0225
 20
26.915
 11
-39.0205
 21
26.9648
  0
LINE
  8
0
 10
-39.0205
 20
26.9648
 11
-39.0186
 21
27.0654
  0
LINE
  8
0
 10
-39.0186
 20
27.0654
 11
-39.0166
 21
27.1152
  0
LINE
  8
0
 10
-39.0166
 20
27.1152
 11
-39.0156
 21
27.165
  0
LINE
  8
0
 10
-39.0156
 20
27.165
 11
-39.0137
 21
27.2158
  0
LINE
  8
0
 10
-39.0137
 20
27.2158
 11
-39.0117
 21
27.3154
  0
LINE
  8
0
 10
-39.0117
 20
27.3154
 11
-39.0098
 21
27.3652
  0
LINE
  8
0
 10
-39.0098
 20
27.3652
 11
-39.0088
 21
27.416
  0
LINE
  8
0
 10
-39.0088
 20
27.416
 11
-39.0068
 21
27.4658
  0
LINE
  8
0
 10
-39.0068
 20
27.4658
 11
-39.0059
 21
27.5156
  0
LINE
  8
0
 10
-39.0059
 20
27.5156
 11
-39.002
 21
27.6162
  0
LINE
  8
0
 10
-39.002
 20
27.6162
 11
-39.001
 21
27.666
  0
LINE
  8
0
 10
-39.001
 20
27.666
 11
-38.999
 21
27.7168
  0
LINE
  8
0
 10
-38.999
 20
27.7168
 11
-38.998
 21
27.7666
  0
LINE
  8
0
 10
-38.998
 20
27.7666
 11
-38.9961
 21
27.8164
  0
LINE
  8
0
 10
-38.9961
 20
27.8164
 11
-38.9951
 21
27.8662
  0
LINE
  8
0
 10
-38.9951
 20
27.8662
 11
-38.9912
 21
27.9668
  0
LINE
  8
0
 10
-38.9912
 20
27.9668
 11
-38.9902
 21
28.0166
  0
LINE
  8
0
 10
-38.9902
 20
28.0166
 11
-38.9863
 21
28.1172
  0
LINE
  8
0
 10
-38.9863
 20
28.1172
 11
-38.9854
 21
28.167
  0
LINE
  8
0
 10
-38.9854
 20
28.167
 11
-38.9834
 21
28.2178
  0
LINE
  8
0
 10
-38.9834
 20
28.2178
 11
-38.9795
 21
28.3174
  0
LINE
  8
0
 10
-38.9795
 20
28.3174
 11
-38.9785
 21
28.3682
  0
LINE
  8
0
 10
-38.9785
 20
28.3682
 11
-38.9727
 21
28.5176
  0
LINE
  8
0
 10
-38.9727
 20
28.5176
 11
-38.9717
 21
28.5684
  0
LINE
  8
0
 10
-38.9717
 20
28.5684
 11
-38.9678
 21
28.668
  0
LINE
  8
0
 10
-38.9678
 20
28.668
 11
-38.9658
 21
28.7188
  0
LINE
  8
0
 10
-38.9658
 20
28.7188
 11
-38.9619
 21
28.8184
  0
LINE
  8
0
 10
-38.9619
 20
28.8184
 11
-38.9609
 21
28.8691
  0
LINE
  8
0
 10
-38.9609
 20
28.8691
 11
-38.957
 21
28.9688
  0
LINE
  8
0
 10
-38.957
 20
28.9688
 11
-38.9551
 21
29.0195
  0
LINE
  8
0
 10
-38.9551
 20
29.0195
 11
-38.9512
 21
29.1191
  0
LINE
  8
0
 10
-38.9512
 20
29.1191
 11
-38.9492
 21
29.1699
  0
LINE
  8
0
 10
-38.9492
 20
29.1699
 11
-38.9453
 21
29.2695
  0
LINE
  8
0
 10
-38.9453
 20
29.2695
 11
-38.9434
 21
29.3203
  0
LINE
  8
0
 10
-38.9434
 20
29.3203
 11
-38.9395
 21
29.4199
  0
LINE
  8
0
 10
-38.9395
 20
29.4199
 11
-38.9375
 21
29.4707
  0
LINE
  8
0
 10
-38.9375
 20
29.4707
 11
-38.9336
 21
29.5703
  0
LINE
  8
0
 10
-38.9336
 20
29.5703
 11
-38.9316
 21
29.6211
  0
LINE
  8
0
 10
-38.9316
 20
29.6211
 11
-38.9277
 21
29.7207
  0
LINE
  8
0
 10
-38.9277
 20
29.7207
 11
-38.9258
 21
29.7715
  0
LINE
  8
0
 10
-38.9258
 20
29.7715
 11
-38.9219
 21
29.8711
  0
LINE
  8
0
 10
-38.9219
 20
29.8711
 11
-38.9189
 21
29.9219
  0
LINE
  8
0
 10
-38.9189
 20
29.9219
 11
-38.9111
 21
30.1221
  0
LINE
  8
0
 10
-38.9111
 20
30.1221
 11
-38.9092
 21
30.1729
  0
LINE
  8
0
 10
-38.9092
 20
30.1729
 11
-38.9062
 21
30.2227
  0
LINE
  8
0
 10
-38.9062
 20
30.2227
 11
-38.9004
 21
30.373
  0
LINE
  8
0
 10
-38.9004
 20
30.373
 11
-38.8975
 21
30.4229
  0
LINE
  8
0
 10
-38.8975
 20
30.4229
 11
-38.8955
 21
30.4736
  0
LINE
  8
0
 10
-38.8955
 20
30.4736
 11
-38.8916
 21
30.5732
  0
LINE
  8
0
 10
-38.8916
 20
30.5732
 11
-38.8887
 21
30.624
  0
LINE
  8
0
 10
-38.8887
 20
30.624
 11
-38.8848
 21
30.7246
  0
LINE
  8
0
 10
-38.8848
 20
30.7246
 11
-38.8818
 21
30.7744
  0
LINE
  8
0
 10
-38.8818
 20
30.7744
 11
-38.8779
 21
30.875
  0
LINE
  8
0
 10
-38.8779
 20
30.875
 11
-38.875
 21
30.9248
  0
LINE
  8
0
 10
-38.875
 20
30.9248
 11
-38.8711
 21
31.0254
  0
LINE
  8
0
 10
-38.8711
 20
31.0254
 11
-38.8682
 21
31.0752
  0
LINE
  8
0
 10
-38.8682
 20
31.0752
 11
-38.8662
 21
31.125
  0
LINE
  8
0
 10
-38.8662
 20
31.125
 11
-38.8633
 21
31.1758
  0
LINE
  8
0
 10
-38.8633
 20
31.1758
 11
-38.8613
 21
31.2256
  0
LINE
  8
0
 10
-38.8613
 20
31.2256
 11
-38.8584
 21
31.2764
  0
LINE
  8
0
 10
-38.8584
 20
31.2764
 11
-38.8564
 21
31.3262
  0
LINE
  8
0
 10
-38.8564
 20
31.3262
 11
-38.8535
 21
31.376
  0
LINE
  8
0
 10
-38.8535
 20
31.376
 11
-38.8516
 21
31.4268
  0
LINE
  8
0
 10
-38.8516
 20
31.4268
 11
-38.8486
 21
31.4766
  0
LINE
  8
0
 10
-38.8486
 20
31.4766
 11
-38.8467
 21
31.5264
  0
LINE
  8
0
 10
-38.8467
 20
31.5264
 11
-38.8438
 21
31.5771
  0
LINE
  8
0
 10
-38.8438
 20
31.5771
 11
-38.8418
 21
31.627
  0
LINE
  8
0
 10
-38.8418
 20
31.627
 11
-38.8389
 21
31.6777
  0
LINE
  8
0
 10
-38.8389
 20
31.6777
 11
-38.8369
 21
31.7275
  0
LINE
  8
0
 10
-38.8369
 20
31.7275
 11
-38.834
 21
31.7773
  0
LINE
  8
0
 10
-38.834
 20
31.7773
 11
-38.832
 21
31.8281
  0
LINE
  8
0
 10
-38.832
 20
31.8281
 11
-38.8291
 21
31.8779
  0
LINE
  8
0
 10
-38.8291
 20
31.8779
 11
-38.8271
 21
31.9277
  0
LINE
  8
0
 10
-38.8271
 20
31.9277
 11
-38.8242
 21
31.9785
  0
LINE
  8
0
 10
-38.8242
 20
31.9785
 11
-38.8213
 21
32.0283
  0
LINE
  8
0
 10
-38.8213
 20
32.0283
 11
-38.8193
 21
32.0791
  0
LINE
  8
0
 10
-38.8193
 20
32.0791
 11
-38.8135
 21
32.1787
  0
LINE
  8
0
 10
-38.8135
 20
32.1787
 11
-38.8115
 21
32.2295
  0
LINE
  8
0
 10
-38.8115
 20
32.2295
 11
-38.8086
 21
32.2793
  0
LINE
  8
0
 10
-38.8086
 20
32.2793
 11
-38.8057
 21
32.3301
  0
LINE
  8
0
 10
-38.8057
 20
32.3301
 11
-38.8037
 21
32.3799
  0
LINE
  8
0
 10
-38.8037
 20
32.3799
 11
-38.8008
 21
32.4297
  0
LINE
  8
0
 10
-38.8008
 20
32.4297
 11
-38.7979
 21
32.4805
  0
LINE
  8
0
 10
-38.7979
 20
32.4805
 11
-38.7959
 21
32.5303
  0
LINE
  8
0
 10
-38.7959
 20
32.5303
 11
-38.793
 21
32.5801
  0
LINE
  8
0
 10
-38.793
 20
32.5801
 11
-38.79
 21
32.6309
  0
LINE
  8
0
 10
-38.79
 20
32.6309
 11
-38.7871
 21
32.6807
  0
LINE
  8
0
 10
-38.7871
 20
32.6807
 11
-38.7852
 21
32.7314
  0
LINE
  8
0
 10
-38.7852
 20
32.7314
 11
-38.7793
 21
32.8311
  0
LINE
  8
0
 10
-38.7793
 20
32.8311
 11
-38.7764
 21
32.8818
  0
LINE
  8
0
 10
-38.7764
 20
32.8818
 11
-38.7734
 21
32.9316
  0
LINE
  8
0
 10
-38.7734
 20
32.9316
 11
-38.7715
 21
32.9824
  0
LINE
  8
0
 10
-38.7715
 20
32.9824
 11
-38.7656
 21
33.082
  0
LINE
  8
0
 10
-38.7656
 20
33.082
 11
-38.7627
 21
33.1328
  0
LINE
  8
0
 10
-38.7627
 20
33.1328
 11
-38.7598
 21
33.1826
  0
LINE
  8
0
 10
-38.7598
 20
33.1826
 11
-38.7568
 21
33.2334
  0
LINE
  8
0
 10
-38.7568
 20
33.2334
 11
-38.751
 21
33.333
  0
LINE
  8
0
 10
-38.751
 20
33.333
 11
-38.749
 21
33.3838
  0
LINE
  8
0
 10
-38.749
 20
33.3838
 11
-38.7461
 21
33.4336
  0
LINE
  8
0
 10
-38.7461
 20
33.4336
 11
-38.7432
 21
33.4844
  0
LINE
  8
0
 10
-38.7432
 20
33.4844
 11
-38.7373
 21
33.584
  0
LINE
  8
0
 10
-38.7373
 20
33.584
 11
-38.7344
 21
33.6348
  0
LINE
  8
0
 10
-38.7344
 20
33.6348
 11
-38.7314
 21
33.6846
  0
LINE
  8
0
 10
-38.7314
 20
33.6846
 11
-38.7285
 21
33.7354
  0
LINE
  8
0
 10
-38.7285
 20
33.7354
 11
-38.7227
 21
33.835
  0
LINE
  8
0
 10
-38.7227
 20
33.835
 11
-38.7197
 21
33.8857
  0
LINE
  8
0
 10
-38.7197
 20
33.8857
 11
-38.7168
 21
33.9355
  0
LINE
  8
0
 10
-38.7168
 20
33.9355
 11
-38.7139
 21
33.9863
  0
LINE
  8
0
 10
-38.7139
 20
33.9863
 11
-38.708
 21
34.0859
  0
LINE
  8
0
 10
-38.708
 20
34.0859
 11
-38.7051
 21
34.1367
  0
LINE
  8
0
 10
-38.7051
 20
34.1367
 11
-38.7021
 21
34.1865
  0
LINE
  8
0
 10
-38.7021
 20
34.1865
 11
-38.6992
 21
34.2373
  0
LINE
  8
0
 10
-38.6992
 20
34.2373
 11
-38.6963
 21
34.2871
  0
LINE
  8
0
 10
-38.6963
 20
34.2871
 11
-38.6924
 21
34.3369
  0
LINE
  8
0
 10
-38.6924
 20
34.3369
 11
-38.6895
 21
34.3877
  0
LINE
  8
0
 10
-38.6895
 20
34.3877
 11
-38.6865
 21
34.4375
  0
LINE
  8
0
 10
-38.6865
 20
34.4375
 11
-38.6836
 21
34.4883
  0
LINE
  8
0
 10
-38.6836
 20
34.4883
 11
-38.6777
 21
34.5879
  0
LINE
  8
0
 10
-38.6777
 20
34.5879
 11
-38.6748
 21
34.6387
  0
LINE
  8
0
 10
-38.6748
 20
34.6387
 11
-38.6719
 21
34.6885
  0
LINE
  8
0
 10
-38.6719
 20
34.6885
 11
-38.668
 21
34.7393
  0
LINE
  8
0
 10
-38.668
 20
34.7393
 11
-38.6621
 21
34.8389
  0
LINE
  8
0
 10
-38.6621
 20
34.8389
 11
-38.6592
 21
34.8896
  0
LINE
  8
0
 10
-38.6592
 20
34.8896
 11
-38.6562
 21
34.9395
  0
LINE
  8
0
 10
-38.6562
 20
34.9395
 11
-38.6523
 21
34.9902
  0
LINE
  8
0
 10
-38.6523
 20
34.9902
 11
-38.6465
 21
35.0898
  0
LINE
  8
0
 10
-38.6465
 20
35.0898
 11
-38.6436
 21
35.1406
  0
LINE
  8
0
 10
-38.6436
 20
35.1406
 11
-38.6396
 21
35.1904
  0
LINE
  8
0
 10
-38.6396
 20
35.1904
 11
-38.6367
 21
35.2412
  0
LINE
  8
0
 10
-38.6367
 20
35.2412
 11
-38.6309
 21
35.3408
  0
LINE
  8
0
 10
-38.6309
 20
35.3408
 11
-38.627
 21
35.3916
  0
LINE
  8
0
 10
-38.627
 20
35.3916
 11
-38.624
 21
35.4414
  0
LINE
  8
0
 10
-38.624
 20
35.4414
 11
-38.6211
 21
35.4922
  0
LINE
  8
0
 10
-38.6211
 20
35.4922
 11
-38.6172
 21
35.542
  0
LINE
  8
0
 10
-38.6172
 20
35.542
 11
-38.6143
 21
35.5928
  0
LINE
  8
0
 10
-38.6143
 20
35.5928
 11
-38.6113
 21
35.6426
  0
LINE
  8
0
 10
-38.6113
 20
35.6426
 11
-38.6074
 21
35.6924
  0
LINE
  8
0
 10
-38.6074
 20
35.6924
 11
-38.6045
 21
35.7432
  0
LINE
  8
0
 10
-38.6045
 20
35.7432
 11
-38.6016
 21
35.793
  0
LINE
  8
0
 10
-38.6016
 20
35.793
 11
-38.5977
 21
35.8438
  0
LINE
  8
0
 10
-38.5977
 20
35.8438
 11
-38.5947
 21
35.8936
  0
LINE
  8
0
 10
-38.5947
 20
35.8936
 11
-38.5908
 21
35.9434
  0
LINE
  8
0
 10
-38.5908
 20
35.9434
 11
-38.5879
 21
35.9941
  0
LINE
  8
0
 10
-38.5879
 20
35.9941
 11
-38.585
 21
36.0439
  0
LINE
  8
0
 10
-38.585
 20
36.0439
 11
-38.5811
 21
36.0947
  0
LINE
  8
0
 10
-38.5811
 20
36.0947
 11
-38.5781
 21
36.1445
  0
LINE
  8
0
 10
-38.5781
 20
36.1445
 11
-38.5742
 21
36.1943
  0
LINE
  8
0
 10
-38.5742
 20
36.1943
 11
-38.5713
 21
36.2451
  0
LINE
  8
0
 10
-38.5713
 20
36.2451
 11
-38.5684
 21
36.2949
  0
LINE
  8
0
 10
-38.5684
 20
36.2949
 11
-38.5645
 21
36.3457
  0
LINE
  8
0
 10
-38.5645
 20
36.3457
 11
-38.5615
 21
36.3955
  0
LINE
  8
0
 10
-38.5615
 20
36.3955
 11
-38.5576
 21
36.4453
  0
LINE
  8
0
 10
-38.5576
 20
36.4453
 11
-38.5547
 21
36.4961
  0
LINE
  8
0
 10
-38.5547
 20
36.4961
 11
-38.5508
 21
36.5459
  0
LINE
  8
0
 10
-38.5508
 20
36.5459
 11
-38.5479
 21
36.5967
  0
LINE
  8
0
 10
-38.5479
 20
36.5967
 11
-38.5439
 21
36.6465
  0
LINE
  8
0
 10
-38.5439
 20
36.6465
 11
-38.541
 21
36.6963
  0
LINE
  8
0
 10
-38.541
 20
36.6963
 11
-38.5371
 21
36.7471
  0
LINE
  8
0
 10
-38.5371
 20
36.7471
 11
-38.5342
 21
36.7969
  0
LINE
  8
0
 10
-38.5342
 20
36.7969
 11
-38.5303
 21
36.8477
  0
LINE
  8
0
 10
-38.5303
 20
36.8477
 11
-38.5264
 21
36.8975
  0
LINE
  8
0
 10
-38.5264
 20
36.8975
 11
-38.5234
 21
36.9482
  0
LINE
  8
0
 10
-38.5234
 20
36.9482
 11
-38.5195
 21
36.998
  0
LINE
  8
0
 10
-38.5195
 20
36.998
 11
-38.5166
 21
37.0479
  0
LINE
  8
0
 10
-38.5166
 20
37.0479
 11
-38.5127
 21
37.0986
  0
LINE
  8
0
 10
-38.5127
 20
37.0986
 11
-38.5098
 21
37.1484
  0
LINE
  8
0
 10
-38.5098
 20
37.1484
 11
-38.5059
 21
37.1992
  0
LINE
  8
0
 10
-38.5059
 20
37.1992
 11
-38.502
 21
37.249
  0
LINE
  8
0
 10
-38.502
 20
37.249
 11
-38.499
 21
37.2988
  0
LINE
  8
0
 10
-38.499
 20
37.2988
 11
-38.4951
 21
37.3496
  0
LINE
  8
0
 10
-38.4951
 20
37.3496
 11
-38.4912
 21
37.3994
  0
LINE
  8
0
 10
-38.4912
 20
37.3994
 11
-38.4883
 21
37.4502
  0
LINE
  8
0
 10
-38.4883
 20
37.4502
 11
-38.4805
 21
37.5498
  0
LINE
  8
0
 10
-38.4805
 20
37.5498
 11
-38.4775
 21
37.6006
  0
LINE
  8
0
 10
-38.4775
 20
37.6006
 11
-38.4736
 21
37.6504
  0
LINE
  8
0
 10
-38.4736
 20
37.6504
 11
-38.4697
 21
37.7012
  0
LINE
  8
0
 10
-38.4697
 20
37.7012
 11
-38.4668
 21
37.751
  0
LINE
  8
0
 10
-38.4668
 20
37.751
 11
-38.4629
 21
37.8008
  0
LINE
  8
0
 10
-38.4629
 20
37.8008
 11
-38.459
 21
37.8516
  0
LINE
  8
0
 10
-38.459
 20
37.8516
 11
-38.4561
 21
37.9014
  0
LINE
  8
0
 10
-38.4561
 20
37.9014
 11
-38.4521
 21
37.9521
  0
LINE
  8
0
 10
-38.4521
 20
37.9521
 11
-38.4443
 21
38.0518
  0
LINE
  8
0
 10
-38.4443
 20
38.0518
 11
-38.4414
 21
38.1025
  0
LINE
  8
0
 10
-38.4414
 20
38.1025
 11
-38.4375
 21
38.1523
  0
LINE
  8
0
 10
-38.4375
 20
38.1523
 11
-38.4336
 21
38.2031
  0
LINE
  8
0
 10
-38.4336
 20
38.2031
 11
-38.4297
 21
38.2529
  0
LINE
  8
0
 10
-38.4297
 20
38.2529
 11
-38.4268
 21
38.3027
  0
LINE
  8
0
 10
-38.4268
 20
38.3027
 11
-38.4229
 21
38.3535
  0
LINE
  8
0
 10
-38.4229
 20
38.3535
 11
-38.4189
 21
38.4033
  0
LINE
  8
0
 10
-38.4189
 20
38.4033
 11
-38.415
 21
38.4541
  0
LINE
  8
0
 10
-38.415
 20
38.4541
 11
-38.4111
 21
38.5039
  0
LINE
  8
0
 10
-38.4111
 20
38.5039
 11
-38.4082
 21
38.5537
  0
LINE
  8
0
 10
-38.4082
 20
38.5537
 11
-38.4043
 21
38.6045
  0
LINE
  8
0
 10
-38.4043
 20
38.6045
 11
-38.4004
 21
38.6543
  0
LINE
  8
0
 10
-38.4004
 20
38.6543
 11
-38.3965
 21
38.7051
  0
LINE
  8
0
 10
-38.3965
 20
38.7051
 11
-38.3887
 21
38.8047
  0
LINE
  8
0
 10
-38.3887
 20
38.8047
 11
-38.3857
 21
38.8555
  0
LINE
  8
0
 10
-38.3857
 20
38.8555
 11
-38.3818
 21
38.9053
  0
LINE
  8
0
 10
-38.3818
 20
38.9053
 11
-38.3779
 21
38.9561
  0
LINE
  8
0
 10
-38.3779
 20
38.9561
 11
-38.3701
 21
39.0557
  0
LINE
  8
0
 10
-38.3701
 20
39.0557
 11
-38.3662
 21
39.1064
  0
LINE
  8
0
 10
-38.3662
 20
39.1064
 11
-38.3623
 21
39.1562
  0
LINE
  8
0
 10
-38.3623
 20
39.1562
 11
-38.3584
 21
39.207
  0
LINE
  8
0
 10
-38.3584
 20
39.207
 11
-38.3506
 21
39.3066
  0
LINE
  8
0
 10
-38.3506
 20
39.3066
 11
-38.3477
 21
39.3574
  0
LINE
  8
0
 10
-38.3477
 20
39.3574
 11
-38.3438
 21
39.4072
  0
LINE
  8
0
 10
-38.3438
 20
39.4072
 11
-38.3398
 21
39.458
  0
LINE
  8
0
 10
-38.3398
 20
39.458
 11
-38.332
 21
39.5576
  0
LINE
  8
0
 10
-38.332
 20
39.5576
 11
-38.3281
 21
39.6084
  0
LINE
  8
0
 10
-38.3281
 20
39.6084
 11
-38.3203
 21
39.708
  0
LINE
  8
0
 10
-38.3203
 20
39.708
 11
-38.3164
 21
39.7588
  0
LINE
  8
0
 10
-38.3164
 20
39.7588
 11
-38.3125
 21
39.8086
  0
LINE
  8
0
 10
-38.3125
 20
39.8086
 11
-38.3086
 21
39.8594
  0
LINE
  8
0
 10
-38.3086
 20
39.8594
 11
-38.3008
 21
39.959
  0
LINE
  8
0
 10
-38.3008
 20
39.959
 11
-38.2969
 21
40.0098
  0
LINE
  8
0
 10
-38.2969
 20
40.0098
 11
-38.293
 21
40.0596
  0
LINE
  8
0
 10
-38.293
 20
40.0596
 11
-38.2891
 21
40.1104
  0
LINE
  8
0
 10
-38.2891
 20
40.1104
 11
-38.2812
 21
40.21
  0
LINE
  8
0
 10
-38.2812
 20
40.21
 11
-38.2773
 21
40.2607
  0
LINE
  8
0
 10
-38.2773
 20
40.2607
 11
-38.2695
 21
40.3604
  0
LINE
  8
0
 10
-38.2695
 20
40.3604
 11
-38.2646
 21
40.4111
  0
LINE
  8
0
 10
-38.2646
 20
40.4111
 11
-38.2607
 21
40.4609
  0
LINE
  8
0
 10
-38.2607
 20
40.4609
 11
-38.2568
 21
40.5117
  0
LINE
  8
0
 10
-38.2568
 20
40.5117
 11
-38.249
 21
40.6113
  0
LINE
  8
0
 10
-38.249
 20
40.6113
 11
-38.2451
 21
40.6621
  0
LINE
  8
0
 10
-38.2451
 20
40.6621
 11
-38.2412
 21
40.7119
  0
LINE
  8
0
 10
-38.2412
 20
40.7119
 11
-38.2373
 21
40.7627
  0
LINE
  8
0
 10
-38.2373
 20
40.7627
 11
-38.2295
 21
40.8623
  0
LINE
  8
0
 10
-38.2295
 20
40.8623
 11
-38.2246
 21
40.9131
  0
LINE
  8
0
 10
-38.2246
 20
40.9131
 11
-38.2168
 21
41.0127
  0
LINE
  8
0
 10
-38.2168
 20
41.0127
 11
-38.2129
 21
41.0635
  0
LINE
  8
0
 10
-38.2129
 20
41.0635
 11
-38.2051
 21
41.1631
  0
LINE
  8
0
 10
-38.2051
 20
41.1631
 11
-38.2002
 21
41.2139
  0
LINE
  8
0
 10
-38.2002
 20
41.2139
 11
-38.1963
 21
41.2637
  0
LINE
  8
0
 10
-38.1963
 20
41.2637
 11
-38.1924
 21
41.3145
  0
LINE
  8
0
 10
-38.1924
 20
41.3145
 11
-38.1846
 21
41.4141
  0
LINE
  8
0
 10
-38.1846
 20
41.4141
 11
-38.1807
 21
41.4648
  0
LINE
  8
0
 10
-38.1807
 20
41.4648
 11
-38.1758
 21
41.5146
  0
LINE
  8
0
 10
-38.1758
 20
41.5146
 11
-38.1719
 21
41.5645
  0
LINE
  8
0
 10
-38.1719
 20
41.5645
 11
-38.168
 21
41.6152
  0
LINE
  8
0
 10
-38.168
 20
41.6152
 11
-38.1641
 21
41.665
  0
LINE
  8
0
 10
-38.1641
 20
41.665
 11
-38.1592
 21
41.7148
  0
LINE
  8
0
 10
-38.1592
 20
41.7148
 11
-38.1553
 21
41.7656
  0
LINE
  8
0
 10
-38.1553
 20
41.7656
 11
-38.1514
 21
41.8154
  0
LINE
  8
0
 10
-38.1514
 20
41.8154
 11
-38.1475
 21
41.8662
  0
LINE
  8
0
 10
-38.1475
 20
41.8662
 11
-38.1426
 21
41.916
  0
LINE
  8
0
 10
-38.1426
 20
41.916
 11
-38.1387
 21
41.9658
  0
LINE
  8
0
 10
-38.1387
 20
41.9658
 11
-38.1348
 21
42.0166
  0
LINE
  8
0
 10
-38.1348
 20
42.0166
 11
-38.1309
 21
42.0664
  0
LINE
  8
0
 10
-38.1309
 20
42.0664
 11
-38.126
 21
42.1162
  0
LINE
  8
0
 10
-38.126
 20
42.1162
 11
-38.1221
 21
42.167
  0
LINE
  8
0
 10
-38.1221
 20
42.167
 11
-38.1143
 21
42.2666
  0
LINE
  8
0
 10
-38.1143
 20
42.2666
 11
-38.1094
 21
42.3174
  0
LINE
  8
0
 10
-38.1094
 20
42.3174
 11
-38.1016
 21
42.417
  0
LINE
  8
0
 10
-38.1016
 20
42.417
 11
-38.0967
 21
42.4678
  0
LINE
  8
0
 10
-38.0967
 20
42.4678
 11
-38.0889
 21
42.5674
  0
LINE
  8
0
 10
-38.0889
 20
42.5674
 11
-38.084
 21
42.6182
  0
LINE
  8
0
 10
-38.084
 20
42.6182
 11
-38.0801
 21
42.668
  0
LINE
  8
0
 10
-38.0801
 20
42.668
 11
-38.0762
 21
42.7188
  0
LINE
  8
0
 10
-38.0762
 20
42.7188
 11
-38.0713
 21
42.7686
  0
LINE
  8
0
 10
-38.0713
 20
42.7686
 11
-38.0674
 21
42.8184
  0
LINE
  8
0
 10
-38.0674
 20
42.8184
 11
-38.0635
 21
42.8691
  0
LINE
  8
0
 10
-38.0635
 20
42.8691
 11
-38.0586
 21
42.9189
  0
LINE
  8
0
 10
-38.0586
 20
42.9189
 11
-38.0547
 21
42.9688
  0
LINE
  8
0
 10
-38.0547
 20
42.9688
 11
-38.0508
 21
43.0195
  0
LINE
  8
0
 10
-38.0508
 20
43.0195
 11
-38.0459
 21
43.0693
  0
LINE
  8
0
 10
-38.0459
 20
43.0693
 11
-38.042
 21
43.1191
  0
LINE
  8
0
 10
-38.042
 20
43.1191
 11
-38.0371
 21
43.1699
  0
LINE
  8
0
 10
-38.0371
 20
43.1699
 11
-38.0293
 21
43.2695
  0
LINE
  8
0
 10
-38.0293
 20
43.2695
 11
-38.0244
 21
43.3203
  0
LINE
  8
0
 10
-38.0244
 20
43.3203
 11
-38.0205
 21
43.3701
  0
LINE
  8
0
 10
-38.0205
 20
43.3701
 11
-38.0156
 21
43.4199
  0
LINE
  8
0
 10
-38.0156
 20
43.4199
 11
-38.0117
 21
43.4707
  0
LINE
  8
0
 10
-38.0117
 20
43.4707
 11
-38.0078
 21
43.5205
  0
LINE
  8
0
 10
-38.0078
 20
43.5205
 11
-38.0029
 21
43.5703
  0
LINE
  8
0
 10
-38.0029
 20
43.5703
 11
-37.999
 21
43.6201
  0
LINE
  8
0
 10
-37.999
 20
43.6201
 11
-37.9941
 21
43.6709
  0
LINE
  8
0
 10
-37.9941
 20
43.6709
 11
-37.9902
 21
43.7207
  0
LINE
  8
0
 10
-37.9902
 20
43.7207
 11
-37.9854
 21
43.7705
  0
LINE
  8
0
 10
-37.9854
 20
43.7705
 11
-37.9814
 21
43.8213
  0
LINE
  8
0
 10
-37.9814
 20
43.8213
 11
-37.9775
 21
43.8711
  0
LINE
  8
0
 10
-37.9775
 20
43.8711
 11
-37.9727
 21
43.9209
  0
LINE
  8
0
 10
-37.9727
 20
43.9209
 11
-37.9688
 21
43.9717
  0
LINE
  8
0
 10
-37.9688
 20
43.9717
 11
-37.9639
 21
44.0215
  0
LINE
  8
0
 10
-37.9639
 20
44.0215
 11
-37.96
 21
44.0713
  0
LINE
  8
0
 10
-37.96
 20
44.0713
 11
-37.9551
 21
44.1221
  0
LINE
  8
0
 10
-37.9551
 20
44.1221
 11
-37.9512
 21
44.1719
  0
LINE
  8
0
 10
-37.9512
 20
44.1719
 11
-37.9463
 21
44.2217
  0
LINE
  8
0
 10
-37.9463
 20
44.2217
 11
-37.9424
 21
44.2725
  0
LINE
  8
0
 10
-37.9424
 20
44.2725
 11
-37.9375
 21
44.3223
  0
LINE
  8
0
 10
-37.9375
 20
44.3223
 11
-37.9336
 21
44.3721
  0
LINE
  8
0
 10
-37.9336
 20
44.3721
 11
-37.9287
 21
44.4219
  0
LINE
  8
0
 10
-37.9287
 20
44.4219
 11
-37.9248
 21
44.4727
  0
LINE
  8
0
 10
-37.9248
 20
44.4727
 11
-37.9199
 21
44.5225
  0
LINE
  8
0
 10
-37.9199
 20
44.5225
 11
-37.916
 21
44.5723
  0
LINE
  8
0
 10
-37.916
 20
44.5723
 11
-37.9111
 21
44.623
  0
LINE
  8
0
 10
-37.9111
 20
44.623
 11
-37.9072
 21
44.6729
  0
LINE
  8
0
 10
-37.9072
 20
44.6729
 11
-37.9023
 21
44.7227
  0
LINE
  8
0
 10
-37.9023
 20
44.7227
 11
-37.8984
 21
44.7734
  0
LINE
  8
0
 10
-37.8984
 20
44.7734
 11
-37.8936
 21
44.8232
  0
LINE
  8
0
 10
-37.8936
 20
44.8232
 11
-37.8896
 21
44.873
  0
LINE
  8
0
 10
-37.8896
 20
44.873
 11
-37.8848
 21
44.9229
  0
LINE
  8
0
 10
-37.8848
 20
44.9229
 11
-37.8809
 21
44.9736
  0
LINE
  8
0
 10
-37.8809
 20
44.9736
 11
-37.876
 21
45.0234
  0
LINE
  8
0
 10
-37.876
 20
45.0234
 11
-37.8721
 21
45.0732
  0
LINE
  8
0
 10
-37.8721
 20
45.0732
 11
-37.8672
 21
45.124
  0
LINE
  8
0
 10
-37.8672
 20
45.124
 11
-37.8623
 21
45.1738
  0
LINE
  8
0
 10
-37.8623
 20
45.1738
 11
-37.8584
 21
45.2236
  0
LINE
  8
0
 10
-37.8584
 20
45.2236
 11
-37.8535
 21
45.2734
  0
LINE
  8
0
 10
-37.8535
 20
45.2734
 11
-37.8496
 21
45.3242
  0
LINE
  8
0
 10
-37.8496
 20
45.3242
 11
-37.8447
 21
45.374
  0
LINE
  8
0
 10
-37.8447
 20
45.374
 11
-37.8408
 21
45.4238
  0
LINE
  8
0
 10
-37.8408
 20
45.4238
 11
-37.8359
 21
45.4746
  0
LINE
  8
0
 10
-37.8359
 20
45.4746
 11
-37.8311
 21
45.5244
  0
LINE
  8
0
 10
-37.8311
 20
45.5244
 11
-37.8271
 21
45.5742
  0
LINE
  8
0
 10
-37.8271
 20
45.5742
 11
-37.8223
 21
45.624
  0
LINE
  8
0
 10
-37.8223
 20
45.624
 11
-37.8184
 21
45.6748
  0
LINE
  8
0
 10
-37.8184
 20
45.6748
 11
-37.8086
 21
45.7744
  0
LINE
  8
0
 10
-37.8086
 20
45.7744
 11
-37.8047
 21
45.8242
  0
LINE
  8
0
 10
-37.8047
 20
45.8242
 11
-37.7998
 21
45.875
  0
LINE
  8
0
 10
-37.7998
 20
45.875
 11
-37.7959
 21
45.9248
  0
LINE
  8
0
 10
-37.7959
 20
45.9248
 11
-37.7861
 21
46.0244
  0
LINE
  8
0
 10
-37.7861
 20
46.0244
 11
-37.7822
 21
46.0752
  0
LINE
  8
0
 10
-37.7822
 20
46.0752
 11
-37.7725
 21
46.1748
  0
LINE
  8
0
 10
-37.7725
 20
46.1748
 11
-37.7686
 21
46.2246
  0
LINE
  8
0
 10
-37.7686
 20
46.2246
 11
-37.7637
 21
46.2754
  0
LINE
  8
0
 10
-37.7637
 20
46.2754
 11
-37.7598
 21
46.3252
  0
LINE
  8
0
 10
-37.7598
 20
46.3252
 11
-37.75
 21
46.4248
  0
LINE
  8
0
 10
-37.75
 20
46.4248
 11
-37.7461
 21
46.4756
  0
LINE
  8
0
 10
-37.7461
 20
46.4756
 11
-37.7363
 21
46.5752
  0
LINE
  8
0
 10
-37.7363
 20
46.5752
 11
-37.7324
 21
46.625
  0
LINE
  8
0
 10
-37.7324
 20
46.625
 11
-37.7275
 21
46.6758
  0
LINE
  8
0
 10
-37.7275
 20
46.6758
 11
-37.7227
 21
46.7256
  0
LINE
  8
0
 10
-37.7227
 20
46.7256
 11
-37.7188
 21
46.7754
  0
LINE
  8
0
 10
-37.7188
 20
46.7754
 11
-37.7139
 21
46.8252
  0
LINE
  8
0
 10
-37.7139
 20
46.8252
 11
-37.709
 21
46.876
  0
LINE
  8
0
 10
-37.709
 20
46.876
 11
-37.7051
 21
46.9258
  0
LINE
  8
0
 10
-37.7051
 20
46.9258
 11
-37.6953
 21
47.0254
  0
LINE
  8
0
 10
-37.6953
 20
47.0254
 11
-37.6914
 21
47.0762
  0
LINE
  8
0
 10
-37.6914
 20
47.0762
 11
-37.6816
 21
47.1758
  0
LINE
  8
0
 10
-37.6816
 20
47.1758
 11
-37.6777
 21
47.2256
  0
LINE
  8
0
 10
-37.6777
 20
47.2256
 11
-37.6729
 21
47.2754
  0
LINE
  8
0
 10
-37.6729
 20
47.2754
 11
-37.668
 21
47.3262
  0
LINE
  8
0
 10
-37.668
 20
47.3262
 11
-37.6641
 21
47.376
  0
LINE
  8
0
 10
-37.6641
 20
47.376
 11
-37.6494
 21
47.5254
  0
LINE
  8
0
 10
-37.6494
 20
47.5254
 11
-37.6455
 21
47.5762
  0
LINE
  8
0
 10
-37.6455
 20
47.5762
 11
-37.6357
 21
47.6758
  0
LINE
  8
0
 10
-37.6357
 20
47.6758
 11
-37.6318
 21
47.7256
  0
LINE
  8
0
 10
-37.6318
 20
47.7256
 11
-37.627
 21
47.7754
  0
LINE
  8
0
 10
-37.627
 20
47.7754
 11
-37.6221
 21
47.8262
  0
LINE
  8
0
 10
-37.6221
 20
47.8262
 11
-37.6172
 21
47.876
  0
LINE
  8
0
 10
-37.6172
 20
47.876
 11
-37.6133
 21
47.9258
  0
LINE
  8
0
 10
-37.6133
 20
47.9258
 11
-37.6035
 21
48.0254
  0
LINE
  8
0
 10
-37.6035
 20
48.0254
 11
-37.5986
 21
48.0762
  0
LINE
  8
0
 10
-37.5986
 20
48.0762
 11
-37.5947
 21
48.126
  0
LINE
  8
0
 10
-37.5947
 20
48.126
 11
-37.585
 21
48.2256
  0
LINE
  8
0
 10
-37.585
 20
48.2256
 11
-37.5811
 21
48.2754
  0
LINE
  8
0
 10
-37.5811
 20
48.2754
 11
-37.5762
 21
48.3262
  0
LINE
  8
0
 10
-37.5762
 20
48.3262
 11
-37.5664
 21
48.4258
  0
LINE
  8
0
 10
-37.5664
 20
48.4258
 11
-37.5625
 21
48.4756
  0
LINE
  8
0
 10
-37.5625
 20
48.4756
 11
-37.5527
 21
48.5752
  0
LINE
  8
0
 10
-37.5527
 20
48.5752
 11
-37.5479
 21
48.626
  0
LINE
  8
0
 10
-37.5479
 20
48.626
 11
-37.5439
 21
48.6758
  0
LINE
  8
0
 10
-37.5439
 20
48.6758
 11
-37.5244
 21
48.875
  0
LINE
  8
0
 10
-37.5244
 20
48.875
 11
-37.5205
 21
48.9258
  0
LINE
  8
0
 10
-37.5205
 20
48.9258
 11
-37.5059
 21
49.0752
  0
LINE
  8
0
 10
-37.5059
 20
49.0752
 11
-37.502
 21
49.125
  0
LINE
  8
0
 10
-37.502
 20
49.125
 11
-37.4922
 21
49.2246
  0
LINE
  8
0
 10
-37.4922
 20
49.2246
 11
-37.4873
 21
49.2754
  0
LINE
  8
0
 10
-37.4873
 20
49.2754
 11
-37.4834
 21
49.3252
  0
LINE
  8
0
 10
-37.4834
 20
49.3252
 11
-37.4639
 21
49.5244
  0
LINE
  8
0
 10
-37.4639
 20
49.5244
 11
-37.46
 21
49.5742
  0
LINE
  8
0
 10
-37.46
 20
49.5742
 11
-37.4551
 21
49.625
  0
LINE
  8
0
 10
-37.4551
 20
49.625
 11
-37.4404
 21
49.7744
  0
LINE
  8
0
 10
-37.4404
 20
49.7744
 11
-37.4365
 21
49.8242
  0
LINE
  8
0
 10
-37.4365
 20
49.8242
 11
-37.4219
 21
49.9736
  0
LINE
  8
0
 10
-37.4219
 20
49.9736
 11
-37.417
 21
50.0244
  0
LINE
  8
0
 10
-37.417
 20
50.0244
 11
-37.4131
 21
50.0742
  0
LINE
  8
0
 10
-37.4131
 20
50.0742
 11
-37.3936
 21
50.2734
  0
LINE
  8
0
 10
-37.3936
 20
50.2734
 11
-37.3896
 21
50.3232
  0
LINE
  8
0
 10
-37.3896
 20
50.3232
 11
-37.375
 21
50.4727
  0
LINE
  8
0
 10
-37.375
 20
50.4727
 11
-37.3701
 21
50.5234
  0
LINE
  8
0
 10
-37.3701
 20
50.5234
 11
-37.3662
 21
50.5732
  0
LINE
  8
0
 10
-37.3662
 20
50.5732
 11
-37.3467
 21
50.7725
  0
LINE
  8
0
 10
-37.3467
 20
50.7725
 11
-37.3428
 21
50.8223
  0
LINE
  8
0
 10
-37.3428
 20
50.8223
 11
-37.3184
 21
51.0713
  0
LINE
  8
0
 10
-37.3184
 20
51.0713
 11
-37.3145
 21
51.1211
  0
LINE
  8
0
 10
-37.3145
 20
51.1211
 11
-37.3096
 21
51.1719
  0
LINE
  8
0
 10
-37.3096
 20
51.1719
 11
-37.2949
 21
51.3213
  0
LINE
  8
0
 10
-37.2949
 20
51.3213
 11
-37.291
 21
51.3711
  0
LINE
  8
0
 10
-37.291
 20
51.3711
 11
-37.2666
 21
51.6201
  0
LINE
  8
0
 10
-37.2666
 20
51.6201
 11
-37.2627
 21
51.6699
  0
LINE
  8
0
 10
-37.2627
 20
51.6699
 11
-37.2432
 21
51.8691
  0
LINE
  8
0
 10
-37.2432
 20
51.8691
 11
-37.2393
 21
51.9189
  0
LINE
  8
0
 10
-37.2393
 20
51.9189
 11
-37.2148
 21
52.168
  0
LINE
  8
0
 10
-37.2148
 20
52.168
 11
-37.2109
 21
52.2178
  0
LINE
  8
0
 10
-37.2109
 20
52.2178
 11
-37.1865
 21
52.4668
  0
LINE
  8
0
 10
-37.1865
 20
52.4668
 11
-37.1826
 21
52.5166
  0
LINE
  8
0
 10
-37.1826
 20
52.5166
 11
-37.1631
 21
52.7158
  0
LINE
  8
0
 10
-37.1631
 20
52.7158
 11
-37.1592
 21
52.7656
  0
LINE
  8
0
 10
-37.1592
 20
52.7656
 11
-37.1348
 21
53.0146
  0
LINE
  8
0
 10
-37.1348
 20
53.0146
 11
-37.1309
 21
53.0645
  0
LINE
  8
0
 10
-37.1309
 20
53.0645
 11
-37.1113
 21
53.2637
  0
LINE
  8
0
 10
-37.1113
 20
53.2637
 11
-37.1074
 21
53.3135
  0
LINE
  8
0
 10
-37.1074
 20
53.3135
 11
-37.0879
 21
53.5127
  0
LINE
  8
0
 10
-37.0879
 20
53.5127
 11
-37.084
 21
53.5625
  0
LINE
  8
0
 10
-37.084
 20
53.5625
 11
-37.0791
 21
53.6123
  0
LINE
  8
0
 10
-37.0791
 20
53.6123
 11
-37.0742
 21
53.6611
  0
LINE
  8
0
 10
-37.0742
 20
53.6611
 11
-37.0596
 21
53.8105
  0
LINE
  8
0
 10
-37.0596
 20
53.8105
 11
-37.0557
 21
53.8604
  0
LINE
  8
0
 10
-37.0557
 20
53.8604
 11
-37.0361
 21
54.0596
  0
LINE
  8
0
 10
-37.0361
 20
54.0596
 11
-37.0322
 21
54.1094
  0
LINE
  8
0
 10
-37.0322
 20
54.1094
 11
-37.0225
 21
54.209
  0
LINE
  8
0
 10
-37.0225
 20
54.209
 11
-37.0176
 21
54.2578
  0
LINE
  8
0
 10
-37.0176
 20
54.2578
 11
-37.0127
 21
54.3076
  0
LINE
  8
0
 10
-37.0127
 20
54.3076
 11
-37.0088
 21
54.3574
  0
LINE
  8
0
 10
-37.0088
 20
54.3574
 11
-36.9941
 21
54.5068
  0
LINE
  8
0
 10
-36.9941
 20
54.5068
 11
-36.9902
 21
54.5566
  0
LINE
  8
0
 10
-36.9902
 20
54.5566
 11
-36.9805
 21
54.6562
  0
LINE
  8
0
 10
-36.9805
 20
54.6562
 11
-36.9756
 21
54.7051
  0
LINE
  8
0
 10
-36.9756
 20
54.7051
 11
-36.9707
 21
54.7549
  0
LINE
  8
0
 10
-36.9707
 20
54.7549
 11
-36.9668
 21
54.8047
  0
LINE
  8
0
 10
-36.9668
 20
54.8047
 11
-36.9473
 21
55.0039
  0
LINE
  8
0
 10
-36.9473
 20
55.0039
 11
-36.9434
 21
55.0537
  0
LINE
  8
0
 10
-36.9434
 20
55.0537
 11
-36.9385
 21
55.1025
  0
LINE
  8
0
 10
-36.9385
 20
55.1025
 11
-36.9287
 21
55.2021
  0
LINE
  8
0
 10
-36.9287
 20
55.2021
 11
-36.9248
 21
55.252
  0
LINE
  8
0
 10
-36.9248
 20
55.252
 11
-36.915
 21
55.3516
  0
LINE
  8
0
 10
-36.915
 20
55.3516
 11
-36.9102
 21
55.4004
  0
LINE
  8
0
 10
-36.9102
 20
55.4004
 11
-36.9062
 21
55.4502
  0
LINE
  8
0
 10
-36.9062
 20
55.4502
 11
-36.8916
 21
55.5996
  0
LINE
  8
0
 10
-36.8916
 20
55.5996
 11
-36.8877
 21
55.6494
  0
LINE
  8
0
 10
-36.8877
 20
55.6494
 11
-36.8828
 21
55.6982
  0
LINE
  8
0
 10
-36.8828
 20
55.6982
 11
-36.873
 21
55.7979
  0
LINE
  8
0
 10
-36.873
 20
55.7979
 11
-36.8691
 21
55.8477
  0
LINE
  8
0
 10
-36.8691
 20
55.8477
 11
-36.8643
 21
55.8975
  0
LINE
  8
0
 10
-36.8643
 20
55.8975
 11
-36.8594
 21
55.9463
  0
LINE
  8
0
 10
-36.8594
 20
55.9463
 11
-36.8545
 21
55.9961
  0
LINE
  8
0
 10
-36.8545
 20
55.9961
 11
-36.8506
 21
56.0459
  0
LINE
  8
0
 10
-36.8506
 20
56.0459
 11
-36.8408
 21
56.1455
  0
LINE
  8
0
 10
-36.8408
 20
56.1455
 11
-36.8359
 21
56.1943
  0
LINE
  8
0
 10
-36.8359
 20
56.1943
 11
-36.832
 21
56.2441
  0
LINE
  8
0
 10
-36.832
 20
56.2441
 11
-36.8174
 21
56.3936
  0
LINE
  8
0
 10
-36.8174
 20
56.3936
 11
-36.8135
 21
56.4424
  0
LINE
  8
0
 10
-36.8135
 20
56.4424
 11
-36.8037
 21
56.542
  0
LINE
  8
0
 10
-36.8037
 20
56.542
 11
-36.7998
 21
56.5918
  0
LINE
  8
0
 10
-36.7998
 20
56.5918
 11
-36.7949
 21
56.6406
  0
LINE
  8
0
 10
-36.7949
 20
56.6406
 11
-36.7852
 21
56.7402
  0
LINE
  8
0
 10
-36.7852
 20
56.7402
 11
-36.7812
 21
56.79
  0
LINE
  8
0
 10
-36.7812
 20
56.79
 11
-36.7764
 21
56.8389
  0
LINE
  8
0
 10
-36.7764
 20
56.8389
 11
-36.7715
 21
56.8887
  0
LINE
  8
0
 10
-36.7715
 20
56.8887
 11
-36.7676
 21
56.9385
  0
LINE
  8
0
 10
-36.7676
 20
56.9385
 11
-36.7627
 21
56.9883
  0
LINE
  8
0
 10
-36.7627
 20
56.9883
 11
-36.7578
 21
57.0371
  0
LINE
  8
0
 10
-36.7578
 20
57.0371
 11
-36.7539
 21
57.0869
  0
LINE
  8
0
 10
-36.7539
 20
57.0869
 11
-36.7441
 21
57.1865
  0
LINE
  8
0
 10
-36.7441
 20
57.1865
 11
-36.7402
 21
57.2354
  0
LINE
  8
0
 10
-36.7402
 20
57.2354
 11
-36.7305
 21
57.335
  0
LINE
  8
0
 10
-36.7305
 20
57.335
 11
-36.7266
 21
57.3838
  0
LINE
  8
0
 10
-36.7266
 20
57.3838
 11
-36.7168
 21
57.4834
  0
LINE
  8
0
 10
-36.7168
 20
57.4834
 11
-36.7129
 21
57.5332
  0
LINE
  8
0
 10
-36.7129
 20
57.5332
 11
-36.708
 21
57.582
  0
LINE
  8
0
 10
-36.708
 20
57.582
 11
-36.7031
 21
57.6318
  0
LINE
  8
0
 10
-36.7031
 20
57.6318
 11
-36.6992
 21
57.6816
  0
LINE
  8
0
 10
-36.6992
 20
57.6816
 11
-36.6943
 21
57.7305
  0
LINE
  8
0
 10
-36.6943
 20
57.7305
 11
-36.6895
 21
57.7803
  0
LINE
  8
0
 10
-36.6895
 20
57.7803
 11
-36.6855
 21
57.8301
  0
LINE
  8
0
 10
-36.6855
 20
57.8301
 11
-36.6807
 21
57.8789
  0
LINE
  8
0
 10
-36.6807
 20
57.8789
 11
-36.6758
 21
57.9287
  0
LINE
  8
0
 10
-36.6758
 20
57.9287
 11
-36.6719
 21
57.9785
  0
LINE
  8
0
 10
-36.6719
 20
57.9785
 11
-36.667
 21
58.0273
  0
LINE
  8
0
 10
-36.667
 20
58.0273
 11
-36.6631
 21
58.0771
  0
LINE
  8
0
 10
-36.6631
 20
58.0771
 11
-36.6582
 21
58.127
  0
LINE
  8
0
 10
-36.6582
 20
58.127
 11
-36.6533
 21
58.1758
  0
LINE
  8
0
 10
-36.6533
 20
58.1758
 11
-36.6494
 21
58.2256
  0
LINE
  8
0
 10
-36.6494
 20
58.2256
 11
-36.6445
 21
58.2754
  0
LINE
  8
0
 10
-36.6445
 20
58.2754
 11
-36.6396
 21
58.3242
  0
LINE
  8
0
 10
-36.6396
 20
58.3242
 11
-36.6357
 21
58.374
  0
LINE
  8
0
 10
-36.6357
 20
58.374
 11
-36.6309
 21
58.4238
  0
LINE
  8
0
 10
-36.6309
 20
58.4238
 11
-36.627
 21
58.4727
  0
LINE
  8
0
 10
-36.627
 20
58.4727
 11
-36.6221
 21
58.5225
  0
LINE
  8
0
 10
-36.6221
 20
58.5225
 11
-36.6172
 21
58.5713
  0
LINE
  8
0
 10
-36.6172
 20
58.5713
 11
-36.6133
 21
58.6211
  0
LINE
  8
0
 10
-36.6133
 20
58.6211
 11
-36.6084
 21
58.6709
  0
LINE
  8
0
 10
-36.6084
 20
58.6709
 11
-36.6045
 21
58.7197
  0
LINE
  8
0
 10
-36.6045
 20
58.7197
 11
-36.5996
 21
58.7695
  0
LINE
  8
0
 10
-36.5996
 20
58.7695
 11
-36.5957
 21
58.8193
  0
LINE
  8
0
 10
-36.5957
 20
58.8193
 11
-36.5908
 21
58.8682
  0
LINE
  8
0
 10
-36.5908
 20
58.8682
 11
-36.5859
 21
58.918
  0
LINE
  8
0
 10
-36.5859
 20
58.918
 11
-36.582
 21
58.9668
  0
LINE
  8
0
 10
-36.582
 20
58.9668
 11
-36.5771
 21
59.0166
  0
LINE
  8
0
 10
-36.5771
 20
59.0166
 11
-36.5732
 21
59.0664
  0
LINE
  8
0
 10
-36.5732
 20
59.0664
 11
-36.5684
 21
59.1152
  0
LINE
  8
0
 10
-36.5684
 20
59.1152
 11
-36.5645
 21
59.165
  0
LINE
  8
0
 10
-36.5645
 20
59.165
 11
-36.5596
 21
59.2139
  0
LINE
  8
0
 10
-36.5596
 20
59.2139
 11
-36.5557
 21
59.2637
  0
LINE
  8
0
 10
-36.5557
 20
59.2637
 11
-36.5508
 21
59.3135
  0
LINE
  8
0
 10
-36.5508
 20
59.3135
 11
-36.5469
 21
59.3623
  0
LINE
  8
0
 10
-36.5469
 20
59.3623
 11
-36.542
 21
59.4121
  0
LINE
  8
0
 10
-36.542
 20
59.4121
 11
-36.5371
 21
59.4609
  0
LINE
  8
0
 10
-36.5371
 20
59.4609
 11
-36.5332
 21
59.5107
  0
LINE
  8
0
 10
-36.5332
 20
59.5107
 11
-36.5283
 21
59.5596
  0
LINE
  8
0
 10
-36.5283
 20
59.5596
 11
-36.5244
 21
59.6094
  0
LINE
  8
0
 10
-36.5244
 20
59.6094
 11
-36.5195
 21
59.6582
  0
LINE
  8
0
 10
-36.5195
 20
59.6582
 11
-36.5156
 21
59.708
  0
LINE
  8
0
 10
-36.5156
 20
59.708
 11
-36.5107
 21
59.7578
  0
LINE
  8
0
 10
-36.5107
 20
59.7578
 11
-36.5068
 21
59.8066
  0
LINE
  8
0
 10
-36.5068
 20
59.8066
 11
-36.502
 21
59.8564
  0
LINE
  8
0
 10
-36.502
 20
59.8564
 11
-36.498
 21
59.9053
  0
LINE
  8
0
 10
-36.498
 20
59.9053
 11
-36.4932
 21
59.9551
  0
LINE
  8
0
 10
-36.4932
 20
59.9551
 11
-36.4893
 21
60.0039
  0
LINE
  8
0
 10
-36.4893
 20
60.0039
 11
-36.4854
 21
60.0537
  0
LINE
  8
0
 10
-36.4854
 20
60.0537
 11
-36.4805
 21
60.1025
  0
LINE
  8
0
 10
-36.4805
 20
60.1025
 11
-36.4766
 21
60.1523
  0
LINE
  8
0
 10
-36.4766
 20
60.1523
 11
-36.4717
 21
60.2012
  0
LINE
  8
0
 10
-36.4717
 20
60.2012
 11
-36.4678
 21
60.251
  0
LINE
  8
0
 10
-36.4678
 20
60.251
 11
-36.4629
 21
60.2998
  0
LINE
  8
0
 10
-36.4629
 20
60.2998
 11
-36.459
 21
60.3496
  0
LINE
  8
0
 10
-36.459
 20
60.3496
 11
-36.4541
 21
60.3984
  0
LINE
  8
0
 10
-36.4541
 20
60.3984
 11
-36.4502
 21
60.4482
  0
LINE
  8
0
 10
-36.4502
 20
60.4482
 11
-36.4463
 21
60.4971
  0
LINE
  8
0
 10
-36.4463
 20
60.4971
 11
-36.4414
 21
60.5469
  0
LINE
  8
0
 10
-36.4414
 20
60.5469
 11
-36.4375
 21
60.5957
  0
LINE
  8
0
 10
-36.4375
 20
60.5957
 11
-36.4326
 21
60.6455
  0
LINE
  8
0
 10
-36.4326
 20
60.6455
 11
-36.4287
 21
60.6943
  0
LINE
  8
0
 10
-36.4287
 20
60.6943
 11
-36.4238
 21
60.7441
  0
LINE
  8
0
 10
-36.4238
 20
60.7441
 11
-36.4199
 21
60.793
  0
LINE
  8
0
 10
-36.4199
 20
60.793
 11
-36.416
 21
60.8428
  0
LINE
  8
0
 10
-36.416
 20
60.8428
 11
-36.4111
 21
60.8916
  0
LINE
  8
0
 10
-36.4111
 20
60.8916
 11
-36.4072
 21
60.9414
  0
LINE
  8
0
 10
-36.4072
 20
60.9414
 11
-36.4023
 21
60.9902
  0
LINE
  8
0
 10
-36.4023
 20
60.9902
 11
-36.3984
 21
61.0391
  0
LINE
  8
0
 10
-36.3984
 20
61.0391
 11
-36.3945
 21
61.0889
  0
LINE
  8
0
 10
-36.3945
 20
61.0889
 11
-36.3896
 21
61.1377
  0
LINE
  8
0
 10
-36.3896
 20
61.1377
 11
-36.3857
 21
61.1875
  0
LINE
  8
0
 10
-36.3857
 20
61.1875
 11
-36.3818
 21
61.2363
  0
LINE
  8
0
 10
-36.3818
 20
61.2363
 11
-36.377
 21
61.2861
  0
LINE
  8
0
 10
-36.377
 20
61.2861
 11
-36.3691
 21
61.3838
  0
LINE
  8
0
 10
-36.3691
 20
61.3838
 11
-36.3643
 21
61.4336
  0
LINE
  8
0
 10
-36.3643
 20
61.4336
 11
-36.3604
 21
61.4824
  0
LINE
  8
0
 10
-36.3604
 20
61.4824
 11
-36.3564
 21
61.5322
  0
LINE
  8
0
 10
-36.3564
 20
61.5322
 11
-36.3516
 21
61.5811
  0
LINE
  8
0
 10
-36.3516
 20
61.5811
 11
-36.3477
 21
61.6309
  0
LINE
  8
0
 10
-36.3477
 20
61.6309
 11
-36.3438
 21
61.6797
  0
LINE
  8
0
 10
-36.3438
 20
61.6797
 11
-36.3389
 21
61.7285
  0
LINE
  8
0
 10
-36.3389
 20
61.7285
 11
-36.335
 21
61.7783
  0
LINE
  8
0
 10
-36.335
 20
61.7783
 11
-36.3311
 21
61.8271
  0
LINE
  8
0
 10
-36.3311
 20
61.8271
 11
-36.3262
 21
61.876
  0
LINE
  8
0
 10
-36.3262
 20
61.876
 11
-36.3223
 21
61.9258
  0
LINE
  8
0
 10
-36.3223
 20
61.9258
 11
-36.3184
 21
61.9746
  0
LINE
  8
0
 10
-36.3184
 20
61.9746
 11
-36.3145
 21
62.0244
  0
LINE
  8
0
 10
-36.3145
 20
62.0244
 11
-36.3096
 21
62.0732
  0
LINE
  8
0
 10
-36.3096
 20
62.0732
 11
-36.3057
 21
62.1221
  0
LINE
  8
0
 10
-36.3057
 20
62.1221
 11
-36.3018
 21
62.1719
  0
LINE
  8
0
 10
-36.3018
 20
62.1719
 11
-36.2979
 21
62.2207
  0
LINE
  8
0
 10
-36.2979
 20
62.2207
 11
-36.293
 21
62.2695
  0
LINE
  8
0
 10
-36.293
 20
62.2695
 11
-36.2891
 21
62.3193
  0
LINE
  8
0
 10
-36.2891
 20
62.3193
 11
-36.2812
 21
62.417
  0
LINE
  8
0
 10
-36.2812
 20
62.417
 11
-36.2764
 21
62.4668
  0
LINE
  8
0
 10
-36.2764
 20
62.4668
 11
-36.2686
 21
62.5645
  0
LINE
  8
0
 10
-36.2686
 20
62.5645
 11
-36.2646
 21
62.6143
  0
LINE
  8
0
 10
-36.2646
 20
62.6143
 11
-36.2607
 21
62.6631
  0
LINE
  8
0
 10
-36.2607
 20
62.6631
 11
-36.2559
 21
62.7119
  0
LINE
  8
0
 10
-36.2559
 20
62.7119
 11
-36.252
 21
62.7617
  0
LINE
  8
0
 10
-36.252
 20
62.7617
 11
-36.2441
 21
62.8594
  0
LINE
  8
0
 10
-36.2441
 20
62.8594
 11
-36.2402
 21
62.9092
  0
LINE
  8
0
 10
-36.2402
 20
62.9092
 11
-36.2354
 21
62.958
  0
LINE
  8
0
 10
-36.2354
 20
62.958
 11
-36.2275
 21
63.0557
  0
LINE
  8
0
 10
-36.2275
 20
63.0557
 11
-36.2236
 21
63.1055
  0
LINE
  8
0
 10
-36.2236
 20
63.1055
 11
-36.2158
 21
63.2031
  0
LINE
  8
0
 10
-36.2158
 20
63.2031
 11
-36.2119
 21
63.2529
  0
LINE
  8
0
 10
-36.2119
 20
63.2529
 11
-36.2109
 21
63.2588
  0
LINE
  8
0
 10
-36.2109
 20
63.2588
 11
-36.2109
 21
63.2646
  0
LINE
  8
0
 10
-36.2109
 20
63.2646
 11
-36.21
 21
63.2725
  0
LINE
  8
0
 10
-36.21
 20
63.2725
 11
-36.21
 21
63.2803
  0
LINE
  8
0
 10
-36.21
 20
63.2803
 11
-36.208
 21
63.2979
  0
LINE
  8
0
 10
-36.208
 20
63.2979
 11
-36.208
 21
63.3076
  0
LINE
  8
0
 10
-36.208
 20
63.3076
 11
-36.207
 21
63.3184
  0
LINE
  8
0
 10
-36.207
 20
63.3184
 11
-36.207
 21
63.3301
  0
LINE
  8
0
 10
-36.207
 20
63.3301
 11
-36.2051
 21
63.3535
  0
LINE
  8
0
 10
-36.2051
 20
63.3535
 11
-36.2051
 21
63.3662
  0
LINE
  8
0
 10
-36.2051
 20
63.3662
 11
-36.2041
 21
63.3799
  0
LINE
  8
0
 10
-36.2041
 20
63.3799
 11
-36.2021
 21
63.4092
  0
LINE
  8
0
 10
-36.2021
 20
63.4092
 11
-36.2021
 21
63.4248
  0
LINE
  8
0
 10
-36.2021
 20
63.4248
 11
-36.2012
 21
63.4404
  0
LINE
  8
0
 10
-36.2012
 20
63.4404
 11
-36.2002
 21
63.457
  0
LINE
  8
0
 10
-36.2002
 20
63.457
 11
-36.1982
 21
63.4922
  0
LINE
  8
0
 10
-36.1982
 20
63.4922
 11
-36.1973
 21
63.5107
  0
LINE
  8
0
 10
-36.1973
 20
63.5107
 11
-36.1973
 21
63.5293
  0
LINE
  8
0
 10
-36.1973
 20
63.5293
 11
-36.1963
 21
63.5488
  0
LINE
  8
0
 10
-36.1963
 20
63.5488
 11
-36.1943
 21
63.5898
  0
LINE
  8
0
 10
-36.1943
 20
63.5898
 11
-36.1924
 21
63.6328
  0
LINE
  8
0
 10
-36.1924
 20
63.6328
 11
-36.1914
 21
63.6553
  0
LINE
  8
0
 10
-36.1914
 20
63.6553
 11
-36.1885
 21
63.7256
  0
LINE
  8
0
 10
-36.1885
 20
63.7256
 11
-36.1865
 21
63.75
  0
LINE
  8
0
 10
-36.1865
 20
63.75
 11
-36.1846
 21
63.8008
  0
LINE
  8
0
 10
-36.1846
 20
63.8008
 11
-36.1826
 21
63.8545
  0
LINE
  8
0
 10
-36.1826
 20
63.8545
 11
-36.1807
 21
63.8818
  0
LINE
  8
0
 10
-36.1807
 20
63.8818
 11
-36.1787
 21
63.9375
  0
LINE
  8
0
 10
-36.1787
 20
63.9375
 11
-36.1777
 21
63.9668
  0
LINE
  8
0
 10
-36.1777
 20
63.9668
 11
-36.1758
 21
63.9961
  0
LINE
  8
0
 10
-36.1758
 20
63.9961
 11
-36.1738
 21
64.0557
  0
LINE
  8
0
 10
-36.1738
 20
64.0557
 11
-36.1719
 21
64.0869
  0
LINE
  8
0
 10
-36.1719
 20
64.0869
 11
-36.1709
 21
64.1182
  0
LINE
  8
0
 10
-36.1709
 20
64.1182
 11
-36.1689
 21
64.1504
  0
LINE
  8
0
 10
-36.1689
 20
64.1504
 11
-36.168
 21
64.1826
  0
LINE
  8
0
 10
-36.168
 20
64.1826
 11
-36.166
 21
64.2158
  0
LINE
  8
0
 10
-36.166
 20
64.2158
 11
-36.165
 21
64.249
  0
LINE
  8
0
 10
-36.165
 20
64.249
 11
-36.1631
 21
64.2832
  0
LINE
  8
0
 10
-36.1631
 20
64.2832
 11
-36.1621
 21
64.3174
  0
LINE
  8
0
 10
-36.1621
 20
64.3174
 11
-36.1602
 21
64.3516
  0
LINE
  8
0
 10
-36.1602
 20
64.3516
 11
-36.1582
 21
64.3877
  0
LINE
  8
0
 10
-36.1582
 20
64.3877
 11
-36.1572
 21
64.4229
  0
LINE
  8
0
 10
-36.1572
 20
64.4229
 11
-36.1553
 21
64.459
  0
LINE
  8
0
 10
-36.1553
 20
64.459
 11
-36.1514
 21
64.5332
  0
LINE
  8
0
 10
-36.1514
 20
64.5332
 11
-36.1504
 21
64.5713
  0
LINE
  8
0
 10
-36.1504
 20
64.5713
 11
-36.1465
 21
64.6475
  0
LINE
  8
0
 10
-36.1465
 20
64.6475
 11
-36.1445
 21
64.6865
  0
LINE
  8
0
 10
-36.1445
 20
64.6865
 11
-36.1426
 21
64.7266
  0
LINE
  8
0
 10
-36.1426
 20
64.7266
 11
-36.1406
 21
64.7656
  0
LINE
  8
0
 10
-36.1406
 20
64.7656
 11
-36.1387
 21
64.8066
  0
LINE
  8
0
 10
-36.1387
 20
64.8066
 11
-36.1367
 21
64.8467
  0
LINE
  8
0
 10
-36.1367
 20
64.8467
 11
-36.1348
 21
64.8887
  0
LINE
  8
0
 10
-36.1348
 20
64.8887
 11
-36.1328
 21
64.9297
  0
LINE
  8
0
 10
-36.1328
 20
64.9297
 11
-36.1309
 21
64.9717
  0
LINE
  8
0
 10
-36.1309
 20
64.9717
 11
-36.125
 21
65.1006
  0
LINE
  8
0
 10
-36.125
 20
65.1006
 11
-36.123
 21
65.1445
  0
LINE
  8
0
 10
-36.123
 20
65.1445
 11
-36.1201
 21
65.1885
  0
LINE
  8
0
 10
-36.1201
 20
65.1885
 11
-36.1162
 21
65.2783
  0
LINE
  8
0
 10
-36.1162
 20
65.2783
 11
-36.1133
 21
65.3232
  0
LINE
  8
0
 10
-36.1133
 20
65.3232
 11
-36.1094
 21
65.415
  0
LINE
  8
0
 10
-36.1094
 20
65.415
 11
-36.1064
 21
65.4619
  0
LINE
  8
0
 10
-36.1064
 20
65.4619
 11
-36.1045
 21
65.5088
  0
LINE
  8
0
 10
-36.1045
 20
65.5088
 11
-36.1016
 21
65.5557
  0
LINE
  8
0
 10
-36.1016
 20
65.5557
 11
-36.0996
 21
65.6035
  0
LINE
  8
0
 10
-36.0996
 20
65.6035
 11
-36.0967
 21
65.6514
  0
LINE
  8
0
 10
-36.0967
 20
65.6514
 11
-36.0947
 21
65.7002
  0
LINE
  8
0
 10
-36.0947
 20
65.7002
 11
-36.0889
 21
65.7979
  0
LINE
  8
0
 10
-36.0889
 20
65.7979
 11
-36.0869
 21
65.8477
  0
LINE
  8
0
 10
-36.0869
 20
65.8477
 11
-36.0811
 21
65.9473
  0
LINE
  8
0
 10
-36.0811
 20
65.9473
 11
-36.0791
 21
65.998
  0
LINE
  8
0
 10
-36.0791
 20
65.998
 11
-36.0762
 21
66.0488
  0
LINE
  8
0
 10
-36.0762
 20
66.0488
 11
-36.0732
 21
66.1006
  0
LINE
  8
0
 10
-36.0732
 20
66.1006
 11
-36.0703
 21
66.1514
  0
LINE
  8
0
 10
-36.0703
 20
66.1514
 11
-36.0674
 21
66.2041
  0
LINE
  8
0
 10
-36.0674
 20
66.2041
 11
-36.0645
 21
66.2559
  0
LINE
  8
0
 10
-36.0645
 20
66.2559
 11
-36.0586
 21
66.3613
  0
LINE
  8
0
 10
-36.0586
 20
66.3613
 11
-36.0469
 21
66.5762
  0
LINE
  8
0
 10
-36.0469
 20
66.5762
 11
-36.043
 21
66.6309
  0
LINE
  8
0
 10
-36.043
 20
66.6309
 11
-36.04
 21
66.6855
  0
LINE
  8
0
 10
-36.04
 20
66.6855
 11
-36.0371
 21
66.7412
  0
LINE
  8
0
 10
-36.0371
 20
66.7412
 11
-36.0342
 21
66.7959
  0
LINE
  8
0
 10
-36.0342
 20
66.7959
 11
-36.0303
 21
66.8516
  0
LINE
  8
0
 10
-36.0303
 20
66.8516
 11
-36.0273
 21
66.9082
  0
LINE
  8
0
 10
-36.0273
 20
66.9082
 11
-36.0234
 21
66.9639
  0
LINE
  8
0
 10
-36.0234
 20
66.9639
 11
-36.0205
 21
67.0205
  0
LINE
  8
0
 10
-36.0205
 20
67.0205
 11
-36.0166
 21
67.0771
  0
LINE
  8
0
 10
-36.0166
 20
67.0771
 11
-36.0137
 21
67.1348
  0
LINE
  8
0
 10
-36.0137
 20
67.1348
 11
-36.0098
 21
67.1924
  0
LINE
  8
0
 10
-36.0098
 20
67.1924
 11
-36.0068
 21
67.25
  0
LINE
  8
0
 10
-36.0068
 20
67.25
 11
-36.0029
 21
67.3076
  0
LINE
  8
0
 10
-36.0029
 20
67.3076
 11
-35.9951
 21
67.4248
  0
LINE
  8
0
 10
-35.9951
 20
67.4248
 11
-35.9922
 21
67.4834
  0
LINE
  8
0
 10
-35.9922
 20
67.4834
 11
-35.9883
 21
67.542
  0
LINE
  8
0
 10
-35.9883
 20
67.542
 11
-35.9727
 21
67.7803
  0
LINE
  8
0
 10
-35.9727
 20
67.7803
 11
-35.957
 21
68.0225
  0
LINE
  8
0
 10
-35.957
 20
68.0225
 11
-35.9492
 21
68.1455
  0
LINE
  8
0
 10
-35.9492
 20
68.1455
 11
-35.9443
 21
68.207
  0
LINE
  8
0
 10
-35.9443
 20
68.207
 11
-35.9404
 21
68.2686
  0
LINE
  8
0
 10
-35.9404
 20
68.2686
 11
-35.9365
 21
68.3311
  0
LINE
  8
0
 10
-35.9365
 20
68.3311
 11
-35.9316
 21
68.3926
  0
LINE
  8
0
 10
-35.9316
 20
68.3926
 11
-35.9277
 21
68.4551
  0
LINE
  8
0
 10
-35.9277
 20
68.4551
 11
-35.9229
 21
68.5176
  0
LINE
  8
0
 10
-35.9229
 20
68.5176
 11
-35.9189
 21
68.5811
  0
LINE
  8
0
 10
-35.9189
 20
68.5811
 11
-35.9141
 21
68.6436
  0
LINE
  8
0
 10
-35.9141
 20
68.6436
 11
-35.9102
 21
68.707
  0
LINE
  8
0
 10
-35.9102
 20
68.707
 11
-35.9004
 21
68.834
  0
LINE
  8
0
 10
-35.9004
 20
68.834
 11
-35.8965
 21
68.8975
  0
LINE
  8
0
 10
-35.8965
 20
68.8975
 11
-35.8916
 21
68.9609
  0
LINE
  8
0
 10
-35.8916
 20
68.9609
 11
-35.8672
 21
69.2832
  0
LINE
  8
0
 10
-35.8672
 20
69.2832
 11
-35.8623
 21
69.3486
  0
LINE
  8
0
 10
-35.8623
 20
69.3486
 11
-35.8574
 21
69.4131
  0
LINE
  8
0
 10
-35.8574
 20
69.4131
 11
-35.8428
 21
69.6094
  0
LINE
  8
0
 10
-35.8428
 20
69.6094
 11
-35.8369
 21
69.6748
  0
LINE
  8
0
 10
-35.8369
 20
69.6748
 11
-35.832
 21
69.7412
  0
LINE
  8
0
 10
-35.832
 20
69.7412
 11
-35.8271
 21
69.8066
  0
LINE
  8
0
 10
-35.8271
 20
69.8066
 11
-35.8213
 21
69.873
  0
LINE
  8
0
 10
-35.8213
 20
69.873
 11
-35.8164
 21
69.9385
  0
LINE
  8
0
 10
-35.8164
 20
69.9385
 11
-35.8105
 21
70.0049
  0
LINE
  8
0
 10
-35.8105
 20
70.0049
 11
-35.8057
 21
70.0713
  0
LINE
  8
0
 10
-35.8057
 20
70.0713
 11
-35.7998
 21
70.1377
  0
LINE
  8
0
 10
-35.7998
 20
70.1377
 11
-35.7939
 21
70.2051
  0
LINE
  8
0
 10
-35.7939
 20
70.2051
 11
-35.7891
 21
70.2715
  0
LINE
  8
0
 10
-35.7891
 20
70.2715
 11
-35.7832
 21
70.3379
  0
LINE
  8
0
 10
-35.7832
 20
70.3379
 11
-35.7715
 21
70.4727
  0
LINE
  8
0
 10
-35.7715
 20
70.4727
 11
-35.7656
 21
70.5391
  0
LINE
  8
0
 10
-35.7656
 20
70.5391
 11
-35.7607
 21
70.6064
  0
LINE
  8
0
 10
-35.7607
 20
70.6064
 11
-35.749
 21
70.7412
  0
LINE
  8
0
 10
-35.749
 20
70.7412
 11
-35.7422
 21
70.8086
  0
LINE
  8
0
 10
-35.7422
 20
70.8086
 11
-35.7363
 21
70.876
  0
LINE
  8
0
 10
-35.7363
 20
70.876
 11
-35.7305
 21
70.9443
  0
LINE
  8
0
 10
-35.7305
 20
70.9443
 11
-35.7188
 21
71.0791
  0
LINE
  8
0
 10
-35.7188
 20
71.0791
 11
-35.7119
 21
71.1475
  0
LINE
  8
0
 10
-35.7119
 20
71.1475
 11
-35.7061
 21
71.2148
  0
LINE
  8
0
 10
-35.7061
 20
71.2148
 11
-35.7002
 21
71.2832
  0
LINE
  8
0
 10
-35.7002
 20
71.2832
 11
-35.6934
 21
71.3506
  0
LINE
  8
0
 10
-35.6934
 20
71.3506
 11
-35.6865
 21
71.4189
  0
LINE
  8
0
 10
-35.6865
 20
71.4189
 11
-35.6807
 21
71.4873
  0
LINE
  8
0
 10
-35.6807
 20
71.4873
 11
-35.6738
 21
71.5557
  0
LINE
  8
0
 10
-35.6738
 20
71.5557
 11
-35.668
 21
71.623
  0
LINE
  8
0
 10
-35.668
 20
71.623
 11
-35.5928
 21
72.375
  0
LINE
  8
0
 10
-35.5928
 20
72.375
 11
-35.585
 21
72.4434
  0
LINE
  8
0
 10
-35.585
 20
72.4434
 11
-35.5713
 21
72.5801
  0
LINE
  8
0
 10
-35.5713
 20
72.5801
 11
-35.5635
 21
72.6484
  0
LINE
  8
0
 10
-35.5635
 20
72.6484
 11
-35.5566
 21
72.7168
  0
LINE
  8
0
 10
-35.5566
 20
72.7168
 11
-35.541
 21
72.8535
  0
LINE
  8
0
 10
-35.541
 20
72.8535
 11
-35.5342
 21
72.9219
  0
LINE
  8
0
 10
-35.5342
 20
72.9219
 11
-35.5186
 21
73.0586
  0
LINE
  8
0
 10
-35.5186
 20
73.0586
 11
-35.5107
 21
73.126
  0
LINE
  8
0
 10
-35.5107
 20
73.126
 11
-35.4873
 21
73.3311
  0
LINE
  8
0
 10
-35.4873
 20
73.3311
 11
-35.4795
 21
73.3984
  0
LINE
  8
0
 10
-35.4795
 20
73.3984
 11
-35.4639
 21
73.5352
  0
LINE
  8
0
 10
-35.4639
 20
73.5352
 11
-35.4561
 21
73.6025
  0
LINE
  8
0
 10
-35.4561
 20
73.6025
 11
-35.4473
 21
73.6699
  0
LINE
  8
0
 10
-35.4473
 20
73.6699
 11
-35.4395
 21
73.7383
  0
LINE
  8
0
 10
-35.4395
 20
73.7383
 11
-35.4307
 21
73.8057
  0
LINE
  8
0
 10
-35.4307
 20
73.8057
 11
-35.4229
 21
73.873
  0
LINE
  8
0
 10
-35.4229
 20
73.873
 11
-35.4141
 21
73.9404
  0
LINE
  8
0
 10
-35.4141
 20
73.9404
 11
-35.4062
 21
74.0078
  0
LINE
  8
0
 10
-35.4062
 20
74.0078
 11
-35.3887
 21
74.1426
  0
LINE
  8
0
 10
-35.3887
 20
74.1426
 11
-35.3809
 21
74.21
  0
LINE
  8
0
 10
-35.3809
 20
74.21
 11
-35.3721
 21
74.2773
  0
LINE
  8
0
 10
-35.3721
 20
74.2773
 11
-35.3633
 21
74.3438
  0
LINE
  8
0
 10
-35.3633
 20
74.3438
 11
-35.3545
 21
74.4111
  0
LINE
  8
0
 10
-35.3545
 20
74.4111
 11
-35.3369
 21
74.5439
  0
LINE
  8
0
 10
-35.3369
 20
74.5439
 11
-35.3281
 21
74.6113
  0
LINE
  8
0
 10
-35.3281
 20
74.6113
 11
-35.3193
 21
74.6777
  0
LINE
  8
0
 10
-35.3193
 20
74.6777
 11
-35.3096
 21
74.7441
  0
LINE
  8
0
 10
-35.3096
 20
74.7441
 11
-35.3008
 21
74.8096
  0
LINE
  8
0
 10
-35.3008
 20
74.8096
 11
-35.292
 21
74.876
  0
LINE
  8
0
 10
-35.292
 20
74.876
 11
-35.2822
 21
74.9424
  0
LINE
  8
0
 10
-35.2822
 20
74.9424
 11
-35.2734
 21
75.0078
  0
LINE
  8
0
 10
-35.2734
 20
75.0078
 11
-35.2637
 21
75.0732
  0
LINE
  8
0
 10
-35.2637
 20
75.0732
 11
-35.2549
 21
75.1387
  0
LINE
  8
0
 10
-35.2549
 20
75.1387
 11
-35.2256
 21
75.335
  0
LINE
  8
0
 10
-35.2256
 20
75.335
 11
-35.2168
 21
75.3994
  0
LINE
  8
0
 10
-35.2168
 20
75.3994
 11
-35.207
 21
75.4648
  0
LINE
  8
0
 10
-35.207
 20
75.4648
 11
-35.1875
 21
75.5938
  0
LINE
  8
0
 10
-35.1875
 20
75.5938
 11
-35.1768
 21
75.6582
  0
LINE
  8
0
 10
-35.1768
 20
75.6582
 11
-35.167
 21
75.7227
  0
LINE
  8
0
 10
-35.167
 20
75.7227
 11
-35.1475
 21
75.8496
  0
LINE
  8
0
 10
-35.1475
 20
75.8496
 11
-35.1367
 21
75.9141
  0
LINE
  8
0
 10
-35.1367
 20
75.9141
 11
-35.127
 21
75.9775
  0
LINE
  8
0
 10
-35.127
 20
75.9775
 11
-35.1162
 21
76.04
  0
LINE
  8
0
 10
-35.1162
 20
76.04
 11
-35.1064
 21
76.1035
  0
LINE
  8
0
 10
-35.1064
 20
76.1035
 11
-35.0957
 21
76.166
  0
LINE
  8
0
 10
-35.0957
 20
76.166
 11
-35.0859
 21
76.2295
  0
LINE
  8
0
 10
-35.0859
 20
76.2295
 11
-35.0752
 21
76.292
  0
LINE
  8
0
 10
-35.0752
 20
76.292
 11
-35.0645
 21
76.3535
  0
LINE
  8
0
 10
-35.0645
 20
76.3535
 11
-35.0537
 21
76.416
  0
LINE
  8
0
 10
-35.0537
 20
76.416
 11
-35
 21
76.7236
  0
LINE
  8
0
 10
-35
 20
76.7236
 11
-34.9893
 21
76.7842
  0
LINE
  8
0
 10
-34.9893
 20
76.7842
 11
-34.9775
 21
76.8447
  0
LINE
  8
0
 10
-34.9775
 20
76.8447
 11
-34.9668
 21
76.9053
  0
LINE
  8
0
 10
-34.9668
 20
76.9053
 11
-34.9551
 21
76.9648
  0
LINE
  8
0
 10
-34.9551
 20
76.9648
 11
-34.9443
 21
77.0244
  0
LINE
  8
0
 10
-34.9443
 20
77.0244
 11
-34.9209
 21
77.1436
  0
LINE
  8
0
 10
-34.9209
 20
77.1436
 11
-34.9102
 21
77.2031
  0
LINE
  8
0
 10
-34.9102
 20
77.2031
 11
-34.875
 21
77.3789
  0
LINE
  8
0
 10
-34.875
 20
77.3789
 11
-34.8281
 21
77.6094
  0
LINE
  8
0
 10
-34.8281
 20
77.6094
 11
-34.8154
 21
77.666
  0
LINE
  8
0
 10
-34.8154
 20
77.666
 11
-34.792
 21
77.7793
  0
LINE
  8
0
 10
-34.792
 20
77.7793
 11
-34.7793
 21
77.8359
  0
LINE
  8
0
 10
-34.7793
 20
77.8359
 11
-34.7676
 21
77.8916
  0
LINE
  8
0
 10
-34.7676
 20
77.8916
 11
-34.7549
 21
77.9473
  0
LINE
  8
0
 10
-34.7549
 20
77.9473
 11
-34.7295
 21
78.0566
  0
LINE
  8
0
 10
-34.7295
 20
78.0566
 11
-34.7178
 21
78.1113
  0
LINE
  8
0
 10
-34.7178
 20
78.1113
 11
-34.7051
 21
78.166
  0
LINE
  8
0
 10
-34.7051
 20
78.166
 11
-34.6797
 21
78.2734
  0
LINE
  8
0
 10
-34.6797
 20
78.2734
 11
-34.666
 21
78.3271
  0
LINE
  8
0
 10
-34.666
 20
78.3271
 11
-34.6279
 21
78.4854
  0
LINE
  8
0
 10
-34.6279
 20
78.4854
 11
-34.6143
 21
78.5371
  0
LINE
  8
0
 10
-34.6143
 20
78.5371
 11
-34.6016
 21
78.5889
  0
LINE
  8
0
 10
-34.6016
 20
78.5889
 11
-34.5879
 21
78.6406
  0
LINE
  8
0
 10
-34.5879
 20
78.6406
 11
-34.5752
 21
78.6914
  0
LINE
  8
0
 10
-34.5752
 20
78.6914
 11
-34.5479
 21
78.793
  0
LINE
  8
0
 10
-34.5479
 20
78.793
 11
-34.5205
 21
78.8926
  0
LINE
  8
0
 10
-34.5205
 20
78.8926
 11
-34.4658
 21
79.0879
  0
LINE
  8
0
 10
-34.4658
 20
79.0879
 11
-34.4521
 21
79.1357
  0
LINE
  8
0
 10
-34.4521
 20
79.1357
 11
-34.4375
 21
79.1826
  0
LINE
  8
0
 10
-34.4375
 20
79.1826
 11
-34.4238
 21
79.2295
  0
LINE
  8
0
 10
-34.4238
 20
79.2295
 11
-34.4092
 21
79.2764
  0
LINE
  8
0
 10
-34.4092
 20
79.2764
 11
-34.3955
 21
79.3232
  0
LINE
  8
0
 10
-34.3955
 20
79.3232
 11
-34.3809
 21
79.3691
  0
LINE
  8
0
 10
-34.3809
 20
79.3691
 11
-34.3516
 21
79.459
  0
LINE
  8
0
 10
-34.3516
 20
79.459
 11
-34.3379
 21
79.5039
  0
LINE
  8
0
 10
-34.3379
 20
79.5039
 11
-34.3232
 21
79.5488
  0
LINE
  8
0
 10
-34.3232
 20
79.5488
 11
-34.3086
 21
79.5928
  0
LINE
  8
0
 10
-34.3086
 20
79.5928
 11
-34.293
 21
79.6357
  0
LINE
  8
0
 10
-34.293
 20
79.6357
 11
-34.2637
 21
79.7217
  0
LINE
  8
0
 10
-34.2637
 20
79.7217
 11
-34.249
 21
79.7637
  0
LINE
  8
0
 10
-34.249
 20
79.7637
 11
-34.2334
 21
79.8057
  0
LINE
  8
0
 10
-34.2334
 20
79.8057
 11
-34.2188
 21
79.8467
  0
LINE
  8
0
 10
-34.2188
 20
79.8467
 11
-34.1875
 21
79.9287
  0
LINE
  8
0
 10
-34.1875
 20
79.9287
 11
-34.1729
 21
79.9688
  0
LINE
  8
0
 10
-34.1729
 20
79.9688
 11
-34.1572
 21
80.0088
  0
LINE
  8
0
 10
-34.1572
 20
80.0088
 11
-34.1416
 21
80.0479
  0
LINE
  8
0
 10
-34.1416
 20
80.0479
 11
-34.126
 21
80.0859
  0
LINE
  8
0
 10
-34.126
 20
80.0859
 11
-34.1104
 21
80.125
  0
LINE
  8
0
 10
-34.1104
 20
80.125
 11
-34.0947
 21
80.1621
  0
LINE
  8
0
 10
-34.0947
 20
80.1621
 11
-34.0791
 21
80.2002
  0
LINE
  8
0
 10
-34.0791
 20
80.2002
 11
-34.0625
 21
80.2373
  0
LINE
  8
0
 10
-34.0625
 20
80.2373
 11
-34.0312
 21
80.3096
  0
LINE
  8
0
 10
-34.0312
 20
80.3096
 11
-33.998
 21
80.3799
  0
LINE
  8
0
 10
-33.998
 20
80.3799
 11
-33.9824
 21
80.415
  0
LINE
  8
0
 10
-33.9824
 20
80.415
 11
-33.9658
 21
80.4482
  0
LINE
  8
0
 10
-33.9658
 20
80.4482
 11
-33.9492
 21
80.4824
  0
LINE
  8
0
 10
-33.9492
 20
80.4824
 11
-33.9326
 21
80.5156
  0
LINE
  8
0
 10
-33.9326
 20
80.5156
 11
-33.8828
 21
80.6123
  0
LINE
  8
0
 10
-33.8828
 20
80.6123
 11
-33.8662
 21
80.6426
  0
LINE
  8
0
 10
-33.8662
 20
80.6426
 11
-33.8486
 21
80.6738
  0
LINE
  8
0
 10
-33.8486
 20
80.6738
 11
-33.832
 21
80.7041
  0
LINE
  8
0
 10
-33.832
 20
80.7041
 11
-33.8145
 21
80.7334
  0
LINE
  8
0
 10
-33.8145
 20
80.7334
 11
-33.7979
 21
80.7627
  0
LINE
  8
0
 10
-33.7979
 20
80.7627
 11
-33.7627
 21
80.8193
  0
LINE
  8
0
 10
-33.7627
 20
80.8193
 11
-33.7461
 21
80.8467
  0
LINE
  8
0
 10
-33.7461
 20
80.8467
 11
-33.7285
 21
80.874
  0
LINE
  8
0
 10
-33.7285
 20
80.874
 11
-33.7109
 21
80.9004
  0
LINE
  8
0
 10
-33.7109
 20
80.9004
 11
-33.6934
 21
80.9258
  0
LINE
  8
0
 10
-33.6934
 20
80.9258
 11
-33.6748
 21
80.9512
  0
LINE
  8
0
 10
-33.6748
 20
80.9512
 11
-33.6572
 21
80.9766
  0
LINE
  8
0
 10
-33.6572
 20
80.9766
 11
-33.6396
 21
81
  0
LINE
  8
0
 10
-33.6396
 20
81
 11
-33.6211
 21
81.0244
  0
LINE
  8
0
 10
-33.6211
 20
81.0244
 11
-33.6035
 21
81.0479
  0
LINE
  8
0
 10
-33.6035
 20
81.0479
 11
-33.585
 21
81.0703
  0
LINE
  8
0
 10
-33.585
 20
81.0703
 11
-33.5674
 21
81.0918
  0
LINE
  8
0
 10
-33.5674
 20
81.0918
 11
-33.5303
 21
81.1348
  0
LINE
  8
0
 10
-33.5303
 20
81.1348
 11
-33.5117
 21
81.1553
  0
LINE
  8
0
 10
-33.5117
 20
81.1553
 11
-33.4746
 21
81.1943
  0
LINE
  8
0
 10
-33.4746
 20
81.1943
 11
-33.4561
 21
81.2129
  0
LINE
  8
0
 10
-33.4561
 20
81.2129
 11
-33.4375
 21
81.2305
  0
LINE
  8
0
 10
-33.4375
 20
81.2305
 11
-33.418
 21
81.248
  0
LINE
  8
0
 10
-33.418
 20
81.248
 11
-33.3994
 21
81.2646
  0
LINE
  8
0
 10
-33.3994
 20
81.2646
 11
-33.3799
 21
81.2812
  0
LINE
  8
0
 10
-33.3799
 20
81.2812
 11
-33.3613
 21
81.2969
  0
LINE
  8
0
 10
-33.3613
 20
81.2969
 11
-33.3223
 21
81.3262
  0
LINE
  8
0
 10
-33.3223
 20
81.3262
 11
-33.2461
 21
81.3818
  0
LINE
  8
0
 10
-33.2461
 20
81.3818
 11
-33.1709
 21
81.4375
  0
LINE
  8
0
 10
-33.1709
 20
81.4375
 11
-33.0967
 21
81.4922
  0
LINE
  8
0
 10
-33.0967
 20
81.4922
 11
-33.0234
 21
81.5459
  0
LINE
  8
0
 10
-33.0234
 20
81.5459
 11
-32.9502
 21
81.5986
  0
LINE
  8
0
 10
-32.9502
 20
81.5986
 11
-32.8789
 21
81.6504
  0
LINE
  8
0
 10
-32.8789
 20
81.6504
 11
-32.8086
 21
81.7021
  0
LINE
  8
0
 10
-32.8086
 20
81.7021
 11
-32.7383
 21
81.7529
  0
LINE
  8
0
 10
-32.7383
 20
81.7529
 11
-32.6699
 21
81.8037
  0
LINE
  8
0
 10
-32.6699
 20
81.8037
 11
-32.6016
 21
81.8535
  0
LINE
  8
0
 10
-32.6016
 20
81.8535
 11
-32.5342
 21
81.9023
  0
LINE
  8
0
 10
-32.5342
 20
81.9023
 11
-32.4033
 21
81.998
  0
LINE
  8
0
 10
-32.4033
 20
81.998
 11
-32.3389
 21
82.0449
  0
LINE
  8
0
 10
-32.3389
 20
82.0449
 11
-32.2744
 21
82.0908
  0
LINE
  8
0
 10
-32.2744
 20
82.0908
 11
-32.2119
 21
82.1367
  0
LINE
  8
0
 10
-32.2119
 20
82.1367
 11
-32.0889
 21
82.2266
  0
LINE
  8
0
 10
-32.0889
 20
82.2266
 11
-32.0283
 21
82.2695
  0
LINE
  8
0
 10
-32.0283
 20
82.2695
 11
-31.9688
 21
82.3135
  0
LINE
  8
0
 10
-31.9688
 20
82.3135
 11
-31.8516
 21
82.3975
  0
LINE
  8
0
 10
-31.8516
 20
82.3975
 11
-31.7383
 21
82.4795
  0
LINE
  8
0
 10
-31.7383
 20
82.4795
 11
-31.6826
 21
82.5195
  0
LINE
  8
0
 10
-31.6826
 20
82.5195
 11
-31.5732
 21
82.5977
  0
LINE
  8
0
 10
-31.5732
 20
82.5977
 11
-31.5195
 21
82.6357
  0
LINE
  8
0
 10
-31.5195
 20
82.6357
 11
-31.4668
 21
82.6729
  0
LINE
  8
0
 10
-31.4668
 20
82.6729
 11
-31.415
 21
82.71
  0
LINE
  8
0
 10
-31.415
 20
82.71
 11
-31.3135
 21
82.7822
  0
LINE
  8
0
 10
-31.3135
 20
82.7822
 11
-31.2139
 21
82.8525
  0
LINE
  8
0
 10
-31.2139
 20
82.8525
 11
-31.166
 21
82.8867
  0
LINE
  8
0
 10
-31.166
 20
82.8867
 11
-31.0703
 21
82.9531
  0
LINE
  8
0
 10
-31.0703
 20
82.9531
 11
-31.0234
 21
82.9854
  0
LINE
  8
0
 10
-31.0234
 20
82.9854
 11
-30.9775
 21
83.0176
  0
LINE
  8
0
 10
-30.9775
 20
83.0176
 11
-30.9326
 21
83.0488
  0
LINE
  8
0
 10
-30.9326
 20
83.0488
 11
-30.8877
 21
83.0791
  0
LINE
  8
0
 10
-30.8877
 20
83.0791
 11
-30.8438
 21
83.1094
  0
LINE
  8
0
 10
-30.8438
 20
83.1094
 11
-30.8008
 21
83.1396
  0
LINE
  8
0
 10
-30.8008
 20
83.1396
 11
-30.7578
 21
83.1689
  0
LINE
  8
0
 10
-30.7578
 20
83.1689
 11
-30.7148
 21
83.1973
  0
LINE
  8
0
 10
-30.7148
 20
83.1973
 11
-30.6738
 21
83.2256
  0
LINE
  8
0
 10
-30.6738
 20
83.2256
 11
-30.5918
 21
83.2803
  0
LINE
  8
0
 10
-30.5918
 20
83.2803
 11
-30.5518
 21
83.3076
  0
LINE
  8
0
 10
-30.5518
 20
83.3076
 11
-30.5127
 21
83.333
  0
LINE
  8
0
 10
-30.5127
 20
83.333
 11
-30.4736
 21
83.3594
  0
LINE
  8
0
 10
-30.4736
 20
83.3594
 11
-30.4355
 21
83.3838
  0
LINE
  8
0
 10
-30.4355
 20
83.3838
 11
-30.3975
 21
83.4092
  0
LINE
  8
0
 10
-30.3975
 20
83.4092
 11
-30.3604
 21
83.4326
  0
LINE
  8
0
 10
-30.3604
 20
83.4326
 11
-30.3232
 21
83.457
  0
LINE
  8
0
 10
-30.3232
 20
83.457
 11
-30.2871
 21
83.4805
  0
LINE
  8
0
 10
-30.2871
 20
83.4805
 11
-30.251
 21
83.5029
  0
LINE
  8
0
 10
-30.251
 20
83.5029
 11
-30.2158
 21
83.5254
  0
LINE
  8
0
 10
-30.2158
 20
83.5254
 11
-30.1807
 21
83.5469
  0
LINE
  8
0
 10
-30.1807
 20
83.5469
 11
-30.1465
 21
83.5684
  0
LINE
  8
0
 10
-30.1465
 20
83.5684
 11
-30.1123
 21
83.5889
  0
LINE
  8
0
 10
-30.1123
 20
83.5889
 11
-30.0459
 21
83.6299
  0
LINE
  8
0
 10
-30.0459
 20
83.6299
 11
-29.9814
 21
83.6689
  0
LINE
  8
0
 10
-29.9814
 20
83.6689
 11
-29.9492
 21
83.6875
  0
LINE
  8
0
 10
-29.9492
 20
83.6875
 11
-29.918
 21
83.7061
  0
LINE
  8
0
 10
-29.918
 20
83.7061
 11
-29.8867
 21
83.7236
  0
LINE
  8
0
 10
-29.8867
 20
83.7236
 11
-29.8564
 21
83.7412
  0
LINE
  8
0
 10
-29.8564
 20
83.7412
 11
-29.8262
 21
83.7578
  0
LINE
  8
0
 10
-29.8262
 20
83.7578
 11
-29.7969
 21
83.7744
  0
LINE
  8
0
 10
-29.7969
 20
83.7744
 11
-29.7666
 21
83.791
  0
LINE
  8
0
 10
-29.7666
 20
83.791
 11
-29.7383
 21
83.8066
  0
LINE
  8
0
 10
-29.7383
 20
83.8066
 11
-29.709
 21
83.8223
  0
LINE
  8
0
 10
-29.709
 20
83.8223
 11
-29.6523
 21
83.8516
  0
LINE
  8
0
 10
-29.6523
 20
83.8516
 11
-29.625
 21
83.8662
  0
LINE
  8
0
 10
-29.625
 20
83.8662
 11
-29.5703
 21
83.8936
  0
LINE
  8
0
 10
-29.5703
 20
83.8936
 11
-29.543
 21
83.9062
  0
LINE
  8
0
 10
-29.543
 20
83.9062
 11
-29.5166
 21
83.9199
  0
LINE
  8
0
 10
-29.5166
 20
83.9199
 11
-29.4902
 21
83.9316
  0
LINE
  8
0
 10
-29.4902
 20
83.9316
 11
-29.4639
 21
83.9443
  0
LINE
  8
0
 10
-29.4639
 20
83.9443
 11
-29.4385
 21
83.9561
  0
LINE
  8
0
 10
-29.4385
 20
83.9561
 11
-29.4131
 21
83.9668
  0
LINE
  8
0
 10
-29.4131
 20
83.9668
 11
-29.3877
 21
83.9785
  0
LINE
  8
0
 10
-29.3877
 20
83.9785
 11
-29.3623
 21
83.9883
  0
LINE
  8
0
 10
-29.3623
 20
83.9883
 11
-29.3379
 21
83.999
  0
LINE
  8
0
 10
-29.3379
 20
83.999
 11
-29.2646
 21
84.0283
  0
LINE
  8
0
 10
-29.2646
 20
84.0283
 11
-29.2412
 21
84.0371
  0
LINE
  8
0
 10
-29.2412
 20
84.0371
 11
-29.2168
 21
84.0459
  0
LINE
  8
0
 10
-29.2168
 20
84.0459
 11
-29.1934
 21
84.0547
  0
LINE
  8
0
 10
-29.1934
 20
84.0547
 11
-29.1465
 21
84.0703
  0
LINE
  8
0
 10
-29.1465
 20
84.0703
 11
-29.124
 21
84.0781
  0
LINE
  8
0
 10
-29.124
 20
84.0781
 11
-29.1006
 21
84.085
  0
LINE
  8
0
 10
-29.1006
 20
84.085
 11
-29.0781
 21
84.0918
  0
LINE
  8
0
 10
-29.0781
 20
84.0918
 11
-29.0547
 21
84.0986
  0
LINE
  8
0
 10
-29.0547
 20
84.0986
 11
-29.0322
 21
84.1045
  0
LINE
  8
0
 10
-29.0322
 20
84.1045
 11
-29.0098
 21
84.1113
  0
LINE
  8
0
 10
-29.0098
 20
84.1113
 11
-28.9873
 21
84.1172
  0
LINE
  8
0
 10
-28.9873
 20
84.1172
 11
-28.9648
 21
84.1221
  0
LINE
  8
0
 10
-28.9648
 20
84.1221
 11
-28.9434
 21
84.1279
  0
LINE
  8
0
 10
-28.9434
 20
84.1279
 11
-28.8984
 21
84.1377
  0
LINE
  8
0
 10
-28.8984
 20
84.1377
 11
-28.877
 21
84.1416
  0
LINE
  8
0
 10
-28.877
 20
84.1416
 11
-28.8545
 21
84.1465
  0
LINE
  8
0
 10
-28.8545
 20
84.1465
 11
-28.8115
 21
84.1543
  0
LINE
  8
0
 10
-28.8115
 20
84.1543
 11
-28.7891
 21
84.1582
  0
LINE
  8
0
 10
-28.7891
 20
84.1582
 11
-28.7461
 21
84.1641
  0
LINE
  8
0
 10
-28.7461
 20
84.1641
 11
-28.7236
 21
84.167
  0
LINE
  8
0
 10
-28.7236
 20
84.167
 11
-28.7021
 21
84.1699
  0
LINE
  8
0
 10
-28.7021
 20
84.1699
 11
-28.6797
 21
84.1719
  0
LINE
  8
0
 10
-28.6797
 20
84.1719
 11
-28.6582
 21
84.1748
  0
LINE
  8
0
 10
-28.6582
 20
84.1748
 11
-28.6367
 21
84.1768
  0
LINE
  8
0
 10
-28.6367
 20
84.1768
 11
-28.6143
 21
84.1787
  0
LINE
  8
0
 10
-28.6143
 20
84.1787
 11
-28.5928
 21
84.1807
  0
LINE
  8
0
 10
-28.5928
 20
84.1807
 11
-28.5479
 21
84.1826
  0
LINE
  8
0
 10
-28.5479
 20
84.1826
 11
-28.5264
 21
84.1846
  0
LINE
  8
0
 10
-28.5264
 20
84.1846
 11
-28.5039
 21
84.1855
  0
LINE
  8
0
 10
-28.5039
 20
84.1855
 11
-28.4814
 21
84.1855
  0
LINE
  8
0
 10
-28.4814
 20
84.1855
 11
-28.4365
 21
84.1875
  0
LINE
  8
0
 10
-28.4365
 20
84.1875
 11
-28.3213
 21
84.1875
  0
LINE
  8
0
 10
-28.3213
 20
84.1875
 11
-28.2979
 21
84.1865
  0
LINE
  8
0
 10
-28.2979
 20
84.1865
 11
-28.2744
 21
84.1865
  0
LINE
  8
0
 10
-28.2744
 20
84.1865
 11
-28.2031
 21
84.1836
  0
LINE
  8
0
 10
-28.2031
 20
84.1836
 11
-28.1543
 21
84.1816
  0
LINE
  8
0
 10
-28.1543
 20
84.1816
 11
-28.1289
 21
84.1807
  0
LINE
  8
0
 10
-28.1289
 20
84.1807
 11
-28.1045
 21
84.1787
  0
LINE
  8
0
 10
-28.1045
 20
84.1787
 11
-28.0791
 21
84.1777
  0
LINE
  8
0
 10
-28.0791
 20
84.1777
 11
-28.0537
 21
84.1758
  0
LINE
  8
0
 10
-28.0537
 20
84.1758
 11
-28.0283
 21
84.1748
  0
LINE
  8
0
 10
-28.0283
 20
84.1748
 11
-27.9229
 21
84.167
  0
LINE
  8
0
 10
-27.9229
 20
84.167
 11
-27.8682
 21
84.1631
  0
LINE
  8
0
 10
-27.8682
 20
84.1631
 11
-27.8398
 21
84.1611
  0
LINE
  8
0
 10
-27.8398
 20
84.1611
 11
-27.8125
 21
84.1592
  0
LINE
  8
0
 10
-27.8125
 20
84.1592
 11
-27.7842
 21
84.1562
  0
LINE
  8
0
 10
-27.7842
 20
84.1562
 11
-27.7256
 21
84.1523
  0
LINE
  8
0
 10
-27.7256
 20
84.1523
 11
-27.6963
 21
84.1494
  0
LINE
  8
0
 10
-27.6963
 20
84.1494
 11
-27.667
 21
84.1475
  0
LINE
  8
0
 10
-27.667
 20
84.1475
 11
-27.6367
 21
84.1445
  0
LINE
  8
0
 10
-27.6367
 20
84.1445
 11
-27.6064
 21
84.1426
  0
LINE
  8
0
 10
-27.6064
 20
84.1426
 11
-27.5752
 21
84.1396
  0
LINE
  8
0
 10
-27.5752
 20
84.1396
 11
-27.5439
 21
84.1377
  0
LINE
  8
0
 10
-27.5439
 20
84.1377
 11
-27.5127
 21
84.1348
  0
LINE
  8
0
 10
-27.5127
 20
84.1348
 11
-27.4805
 21
84.1328
  0
LINE
  8
0
 10
-27.4805
 20
84.1328
 11
-27.4482
 21
84.1299
  0
LINE
  8
0
 10
-27.4482
 20
84.1299
 11
-27.415
 21
84.1279
  0
LINE
  8
0
 10
-27.415
 20
84.1279
 11
-27.3818
 21
84.125
  0
LINE
  8
0
 10
-27.3818
 20
84.125
 11
-27.3477
 21
84.123
  0
LINE
  8
0
 10
-27.3477
 20
84.123
 11
-27.3135
 21
84.1201
  0
LINE
  8
0
 10
-27.3135
 20
84.1201
 11
-27.2783
 21
84.1182
  0
LINE
  8
0
 10
-27.2783
 20
84.1182
 11
-27.2432
 21
84.1152
  0
LINE
  8
0
 10
-27.2432
 20
84.1152
 11
-27.208
 21
84.1133
  0
LINE
  8
0
 10
-27.208
 20
84.1133
 11
-27.1719
 21
84.1104
  0
LINE
  8
0
 10
-27.1719
 20
84.1104
 11
-27.0977
 21
84.1064
  0
LINE
  8
0
 10
-27.0977
 20
84.1064
 11
-27.0596
 21
84.1035
  0
LINE
  8
0
 10
-27.0596
 20
84.1035
 11
-27.0215
 21
84.1016
  0
LINE
  8
0
 10
-27.0215
 20
84.1016
 11
-26.9434
 21
84.0977
  0
LINE
  8
0
 10
-26.9434
 20
84.0977
 11
-26.8633
 21
84.0938
  0
LINE
  8
0
 10
-26.8633
 20
84.0938
 11
-26.7812
 21
84.0898
  0
LINE
  8
0
 10
-26.7812
 20
84.0898
 11
-26.7383
 21
84.0889
  0
LINE
  8
0
 10
-26.7383
 20
84.0889
 11
-26.6963
 21
84.0869
  0
LINE
  8
0
 10
-26.6963
 20
84.0869
 11
-26.6523
 21
84.085
  0
LINE
  8
0
 10
-26.6523
 20
84.085
 11
-26.5645
 21
84.083
  0
LINE
  8
0
 10
-26.5645
 20
84.083
 11
-26.5195
 21
84.0811
  0
LINE
  8
0
 10
-26.5195
 20
84.0811
 11
-26.3799
 21
84.0781
  0
LINE
  8
0
 10
-26.3799
 20
84.0781
 11
-26.332
 21
84.0781
  0
LINE
  8
0
 10
-26.332
 20
84.0781
 11
-26.2832
 21
84.0771
  0
LINE
  8
0
 10
-26.2832
 20
84.0771
 11
-26.2344
 21
84.0771
  0
LINE
  8
0
 10
-26.2344
 20
84.0771
 11
-26.1846
 21
84.0762
  0
LINE
  8
0
 10
-26.1846
 20
84.0762
 11
-25.9258
 21
84.0762
  0
LINE
  8
0
 10
-25.9258
 20
84.0762
 11
-25.7617
 21
84.0791
  0
LINE
  8
0
 10
-25.7617
 20
84.0791
 11
-25.6484
 21
84.0811
  0
LINE
  8
0
 10
-25.6484
 20
84.0811
 11
-25.5898
 21
84.082
  0
LINE
  8
0
 10
-25.5898
 20
84.082
 11
-25.4121
 21
84.0879
  0
LINE
  8
0
 10
-25.4121
 20
84.0879
 11
-25.2891
 21
84.0918
  0
LINE
  8
0
 10
-25.2891
 20
84.0918
 11
-25.2266
 21
84.0947
  0
LINE
  8
0
 10
-25.2266
 20
84.0947
 11
-25.1631
 21
84.0977
  0
LINE
  8
0
 10
-25.1631
 20
84.0977
 11
-25.0986
 21
84.1006
  0
LINE
  8
0
 10
-25.0986
 20
84.1006
 11
-25.0332
 21
84.1035
  0
LINE
  8
0
 10
-25.0332
 20
84.1035
 11
-24.9678
 21
84.1074
  0
LINE
  8
0
 10
-24.9678
 20
84.1074
 11
-24.833
 21
84.1152
  0
LINE
  8
0
 10
-24.833
 20
84.1152
 11
-24.7646
 21
84.1191
  0
LINE
  8
0
 10
-24.7646
 20
84.1191
 11
-24.6943
 21
84.123
  0
LINE
  8
0
 10
-24.6943
 20
84.123
 11
-24.624
 21
84.1279
  0
LINE
  8
0
 10
-24.624
 20
84.1279
 11
-24.5527
 21
84.1328
  0
LINE
  8
0
 10
-24.5527
 20
84.1328
 11
-24.4805
 21
84.1377
  0
LINE
  8
0
 10
-24.4805
 20
84.1377
 11
-24.4072
 21
84.1436
  0
LINE
  8
0
 10
-24.4072
 20
84.1436
 11
-24.333
 21
84.1494
  0
LINE
  8
0
 10
-24.333
 20
84.1494
 11
-24.2578
 21
84.1553
  0
LINE
  8
0
 10
-24.2578
 20
84.1553
 11
-24.1816
 21
84.1611
  0
LINE
  8
0
 10
-24.1816
 20
84.1611
 11
-24.1055
 21
84.168
  0
LINE
  8
0
 10
-24.1055
 20
84.168
 11
-24.0273
 21
84.1748
  0
LINE
  8
0
 10
-24.0273
 20
84.1748
 11
-23.9482
 21
84.1816
  0
LINE
  8
0
 10
-23.9482
 20
84.1816
 11
-23.8682
 21
84.1885
  0
LINE
  8
0
 10
-23.8682
 20
84.1885
 11
-23.7871
 21
84.1963
  0
LINE
  8
0
 10
-23.7871
 20
84.1963
 11
-23.7051
 21
84.2041
  0
LINE
  8
0
 10
-23.7051
 20
84.2041
 11
-23.6221
 21
84.2129
  0
LINE
  8
0
 10
-23.6221
 20
84.2129
 11
-23.5381
 21
84.2207
  0
LINE
  8
0
 10
-23.5381
 20
84.2207
 11
-23.4531
 21
84.2295
  0
LINE
  8
0
 10
-23.4531
 20
84.2295
 11
-23.3672
 21
84.2393
  0
LINE
  8
0
 10
-23.3672
 20
84.2393
 11
-23.2803
 21
84.249
  0
LINE
  8
0
 10
-23.2803
 20
84.249
 11
-23.1924
 21
84.2588
  0
LINE
  8
0
 10
-23.1924
 20
84.2588
 11
-23.1035
 21
84.2686
  0
LINE
  8
0
 10
-23.1035
 20
84.2686
 11
-22.9219
 21
84.29
  0
LINE
  8
0
 10
-22.9219
 20
84.29
 11
-22.8291
 21
84.3008
  0
LINE
  8
0
 10
-22.8291
 20
84.3008
 11
-22.7354
 21
84.3125
  0
LINE
  8
0
 10
-22.7354
 20
84.3125
 11
-22.6406
 21
84.3242
  0
LINE
  8
0
 10
-22.6406
 20
84.3242
 11
-22.5449
 21
84.3369
  0
LINE
  8
0
 10
-22.5449
 20
84.3369
 11
-22.4482
 21
84.3486
  0
LINE
  8
0
 10
-22.4482
 20
84.3486
 11
-22.3506
 21
84.3623
  0
LINE
  8
0
 10
-22.3506
 20
84.3623
 11
-22.251
 21
84.375
  0
LINE
  8
0
 10
-22.251
 20
84.375
 11
-22.1514
 21
84.3887
  0
LINE
  8
0
 10
-22.1514
 20
84.3887
 11
-22.0498
 21
84.4033
  0
LINE
  8
0
 10
-22.0498
 20
84.4033
 11
-21.9473
 21
84.417
  0
LINE
  8
0
 10
-21.9473
 20
84.417
 11
-21.8428
 21
84.4326
  0
LINE
  8
0
 10
-21.8428
 20
84.4326
 11
-21.7383
 21
84.4473
  0
LINE
  8
0
 10
-21.7383
 20
84.4473
 11
-21.6318
 21
84.4629
  0
LINE
  8
0
 10
-21.6318
 20
84.4629
 11
-21.5244
 21
84.4795
  0
LINE
  8
0
 10
-21.5244
 20
84.4795
 11
-21.416
 21
84.4951
  0
LINE
  8
0
 10
-21.416
 20
84.4951
 11
-21.3066
 21
84.5127
  0
LINE
  8
0
 10
-21.3066
 20
84.5127
 11
-21.1953
 21
84.5293
  0
LINE
  8
0
 10
-21.1953
 20
84.5293
 11
-21.0283
 21
84.5557
  0
LINE
  8
0
 10
-21.0283
 20
84.5557
 11
-20.8633
 21
84.5811
  0
LINE
  8
0
 10
-20.8633
 20
84.5811
 11
-20.6992
 21
84.6074
  0
LINE
  8
0
 10
-20.6992
 20
84.6074
 11
-20.5371
 21
84.6328
  0
LINE
  8
0
 10
-20.5371
 20
84.6328
 11
-20.376
 21
84.6582
  0
LINE
  8
0
 10
-20.376
 20
84.6582
 11
-20.2168
 21
84.6836
  0
LINE
  8
0
 10
-20.2168
 20
84.6836
 11
-20.0586
 21
84.709
  0
LINE
  8
0
 10
-20.0586
 20
84.709
 11
-19.9023
 21
84.7334
  0
LINE
  8
0
 10
-19.9023
 20
84.7334
 11
-19.7471
 21
84.7578
  0
LINE
  8
0
 10
-19.7471
 20
84.7578
 11
-19.5938
 21
84.7832
  0
LINE
  8
0
 10
-19.5938
 20
84.7832
 11
-19.4414
 21
84.8076
  0
LINE
  8
0
 10
-19.4414
 20
84.8076
 11
-19.29
 21
84.832
  0
LINE
  8
0
 10
-19.29
 20
84.832
 11
-19.1406
 21
84.8555
  0
LINE
  8
0
 10
-19.1406
 20
84.8555
 11
-18.9922
 21
84.8799
  0
LINE
  8
0
 10
-18.9922
 20
84.8799
 11
-18.8457
 21
84.9033
  0
LINE
  8
0
 10
-18.8457
 20
84.9033
 11
-18.7002
 21
84.9277
  0
LINE
  8
0
 10
-18.7002
 20
84.9277
 11
-18.5557
 21
84.9512
  0
LINE
  8
0
 10
-18.5557
 20
84.9512
 11
-18.4131
 21
84.9746
  0
LINE
  8
0
 10
-18.4131
 20
84.9746
 11
-18.2715
 21
84.9971
  0
LINE
  8
0
 10
-18.2715
 20
84.9971
 11
-18.1318
 21
85.0205
  0
LINE
  8
0
 10
-18.1318
 20
85.0205
 11
-17.9932
 21
85.043
  0
LINE
  8
0
 10
-17.9932
 20
85.043
 11
-17.8564
 21
85.0664
  0
LINE
  8
0
 10
-17.8564
 20
85.0664
 11
-17.7197
 21
85.0889
  0
LINE
  8
0
 10
-17.7197
 20
85.0889
 11
-17.585
 21
85.1113
  0
LINE
  8
0
 10
-17.585
 20
85.1113
 11
-17.4521
 21
85.1338
  0
LINE
  8
0
 10
-17.4521
 20
85.1338
 11
-17.3203
 21
85.1553
  0
LINE
  8
0
 10
-17.3203
 20
85.1553
 11
-17.1895
 21
85.1777
  0
LINE
  8
0
 10
-17.1895
 20
85.1777
 11
-17.0596
 21
85.1992
  0
LINE
  8
0
 10
-17.0596
 20
85.1992
 11
-16.9316
 21
85.2217
  0
LINE
  8
0
 10
-16.9316
 20
85.2217
 11
-16.8047
 21
85.2432
  0
LINE
  8
0
 10
-16.8047
 20
85.2432
 11
-16.6797
 21
85.2646
  0
LINE
  8
0
 10
-16.6797
 20
85.2646
 11
-16.5547
 21
85.2852
  0
LINE
  8
0
 10
-16.5547
 20
85.2852
 11
-16.4316
 21
85.3066
  0
LINE
  8
0
 10
-16.4316
 20
85.3066
 11
-16.3105
 21
85.3271
  0
LINE
  8
0
 10
-16.3105
 20
85.3271
 11
-16.1895
 21
85.3486
  0
LINE
  8
0
 10
-16.1895
 20
85.3486
 11
-16.0703
 21
85.3691
  0
LINE
  8
0
 10
-16.0703
 20
85.3691
 11
-15.9521
 21
85.3896
  0
LINE
  8
0
 10
-15.9521
 20
85.3896
 11
-15.7197
 21
85.4307
  0
LINE
  8
0
 10
-15.7197
 20
85.4307
 11
-15.6055
 21
85.4502
  0
LINE
  8
0
 10
-15.6055
 20
85.4502
 11
-15.4922
 21
85.4707
  0
LINE
  8
0
 10
-15.4922
 20
85.4707
 11
-15.2695
 21
85.5098
  0
LINE
  8
0
 10
-15.2695
 20
85.5098
 11
-15.1602
 21
85.5293
  0
LINE
  8
0
 10
-15.1602
 20
85.5293
 11
-15.0518
 21
85.5488
  0
LINE
  8
0
 10
-15.0518
 20
85.5488
 11
-14.9453
 21
85.5684
  0
LINE
  8
0
 10
-14.9453
 20
85.5684
 11
-14.8389
 21
85.5869
  0
LINE
  8
0
 10
-14.8389
 20
85.5869
 11
-14.7344
 21
85.6064
  0
LINE
  8
0
 10
-14.7344
 20
85.6064
 11
-14.6309
 21
85.625
  0
LINE
  8
0
 10
-14.6309
 20
85.625
 11
-14.5283
 21
85.6436
  0
LINE
  8
0
 10
-14.5283
 20
85.6436
 11
-14.4268
 21
85.6621
  0
LINE
  8
0
 10
-14.4268
 20
85.6621
 11
-14.2275
 21
85.6992
  0
LINE
  8
0
 10
-14.2275
 20
85.6992
 11
-14.1299
 21
85.7168
  0
LINE
  8
0
 10
-14.1299
 20
85.7168
 11
-14.0332
 21
85.7354
  0
LINE
  8
0
 10
-14.0332
 20
85.7354
 11
-13.9375
 21
85.7529
  0
LINE
  8
0
 10
-13.9375
 20
85.7529
 11
-13.8428
 21
85.7705
  0
LINE
  8
0
 10
-13.8428
 20
85.7705
 11
-13.749
 21
85.7881
  0
LINE
  8
0
 10
-13.749
 20
85.7881
 11
-13.5654
 21
85.8232
  0
LINE
  8
0
 10
-13.5654
 20
85.8232
 11
-13.4756
 21
85.8408
  0
LINE
  8
0
 10
-13.4756
 20
85.8408
 11
-13.3867
 21
85.8574
  0
LINE
  8
0
 10
-13.3867
 20
85.8574
 11
-13.2988
 21
85.875
  0
LINE
  8
0
 10
-13.2988
 20
85.875
 11
-13.2119
 21
85.8916
  0
LINE
  8
0
 10
-13.2119
 20
85.8916
 11
-13.126
 21
85.9082
  0
LINE
  8
0
 10
-13.126
 20
85.9082
 11
-13.041
 21
85.9248
  0
LINE
  8
0
 10
-13.041
 20
85.9248
 11
-12.957
 21
85.9414
  0
LINE
  8
0
 10
-12.957
 20
85.9414
 11
-12.874
 21
85.958
  0
LINE
  8
0
 10
-12.874
 20
85.958
 11
-12.793
 21
85.9736
  0
LINE
  8
0
 10
-12.793
 20
85.9736
 11
-12.7119
 21
85.9902
  0
LINE
  8
0
 10
-12.7119
 20
85.9902
 11
-12.5537
 21
86.0215
  0
LINE
  8
0
 10
-12.5537
 20
86.0215
 11
-12.3994
 21
86.0527
  0
LINE
  8
0
 10
-12.3994
 20
86.0527
 11
-12.249
 21
86.084
  0
LINE
  8
0
 10
-12.249
 20
86.084
 11
-12.1758
 21
86.0986
  0
LINE
  8
0
 10
-12.1758
 20
86.0986
 11
-12.1035
 21
86.1143
  0
LINE
  8
0
 10
-12.1035
 20
86.1143
 11
-12.0312
 21
86.1289
  0
LINE
  8
0
 10
-12.0312
 20
86.1289
 11
-11.8906
 21
86.1582
  0
LINE
  8
0
 10
-11.8906
 20
86.1582
 11
-11.8223
 21
86.1729
  0
LINE
  8
0
 10
-11.8223
 20
86.1729
 11
-11.6875
 21
86.2021
  0
LINE
  8
0
 10
-11.6875
 20
86.2021
 11
-11.6221
 21
86.2158
  0
LINE
  8
0
 10
-11.6221
 20
86.2158
 11
-11.5566
 21
86.2305
  0
LINE
  8
0
 10
-11.5566
 20
86.2305
 11
-11.4922
 21
86.2441
  0
LINE
  8
0
 10
-11.4922
 20
86.2441
 11
-11.3672
 21
86.2715
  0
LINE
  8
0
 10
-11.3672
 20
86.2715
 11
-11.3057
 21
86.2852
  0
LINE
  8
0
 10
-11.3057
 20
86.2852
 11
-11.2451
 21
86.2988
  0
LINE
  8
0
 10
-11.2451
 20
86.2988
 11
-11.1855
 21
86.3125
  0
LINE
  8
0
 10
-11.1855
 20
86.3125
 11
-11.127
 21
86.3252
  0
LINE
  8
0
 10
-11.127
 20
86.3252
 11
-11.0693
 21
86.3389
  0
LINE
  8
0
 10
-11.0693
 20
86.3389
 11
-11.0117
 21
86.3516
  0
LINE
  8
0
 10
-11.0117
 20
86.3516
 11
-10.9561
 21
86.3652
  0
LINE
  8
0
 10
-10.9561
 20
86.3652
 11
-10.9004
 21
86.3779
  0
LINE
  8
0
 10
-10.9004
 20
86.3779
 11
-10.8457
 21
86.3906
  0
LINE
  8
0
 10
-10.8457
 20
86.3906
 11
-10.793
 21
86.4033
  0
LINE
  8
0
 10
-10.793
 20
86.4033
 11
-10.7402
 21
86.415
  0
LINE
  8
0
 10
-10.7402
 20
86.415
 11
-10.6367
 21
86.4404
  0
LINE
  8
0
 10
-10.6367
 20
86.4404
 11
-10.5869
 21
86.4521
  0
LINE
  8
0
 10
-10.5869
 20
86.4521
 11
-10.5371
 21
86.4648
  0
LINE
  8
0
 10
-10.5371
 20
86.4648
 11
-10.4883
 21
86.4766
  0
LINE
  8
0
 10
-10.4883
 20
86.4766
 11
-10.4404
 21
86.4883
  0
LINE
  8
0
 10
-10.4404
 20
86.4883
 11
-10.3936
 21
86.5
  0
LINE
  8
0
 10
-10.3936
 20
86.5
 11
-10.3018
 21
86.5234
  0
LINE
  8
0
 10
-10.3018
 20
86.5234
 11
-10.2578
 21
86.5342
  0
LINE
  8
0
 10
-10.2578
 20
86.5342
 11
-10.2139
 21
86.5459
  0
LINE
  8
0
 10
-10.2139
 20
86.5459
 11
-10.1699
 21
86.5566
  0
LINE
  8
0
 10
-10.1699
 20
86.5566
 11
-10.1279
 21
86.5684
  0
LINE
  8
0
 10
-10.1279
 20
86.5684
 11
-10.0859
 21
86.5791
  0
LINE
  8
0
 10
-10.0859
 20
86.5791
 11
-10.0449
 21
86.5898
  0
LINE
  8
0
 10
-10.0449
 20
86.5898
 11
-10.0049
 21
86.6006
  0
LINE
  8
0
 10
-10.0049
 20
86.6006
 11
-9.92676
 21
86.6221
  0
LINE
  8
0
 10
-9.92676
 20
86.6221
 11
-9.88867
 21
86.6328
  0
LINE
  8
0
 10
-9.88867
 20
86.6328
 11
-9.85156
 21
86.6426
  0
LINE
  8
0
 10
-9.85156
 20
86.6426
 11
-9.81543
 21
86.6533
  0
LINE
  8
0
 10
-9.81543
 20
86.6533
 11
-9.7793
 21
86.6631
  0
LINE
  8
0
 10
-9.7793
 20
86.6631
 11
-9.74414
 21
86.6738
  0
LINE
  8
0
 10
-9.74414
 20
86.6738
 11
-9.67578
 21
86.6934
  0
LINE
  8
0
 10
-9.67578
 20
86.6934
 11
-9.64258
 21
86.7031
  0
LINE
  8
0
 10
-9.64258
 20
86.7031
 11
-9.57812
 21
86.7227
  0
LINE
  8
0
 10
-9.57812
 20
86.7227
 11
-9.54688
 21
86.7324
  0
LINE
  8
0
 10
-9.54688
 20
86.7324
 11
-9.5166
 21
86.7412
  0
LINE
  8
0
 10
-9.5166
 20
86.7412
 11
-9.48633
 21
86.751
  0
LINE
  8
0
 10
-9.48633
 20
86.751
 11
-9.45703
 21
86.7598
  0
LINE
  8
0
 10
-9.45703
 20
86.7598
 11
-9.42871
 21
86.7695
  0
LINE
  8
0
 10
-9.42871
 20
86.7695
 11
-9.40039
 21
86.7783
  0
LINE
  8
0
 10
-9.40039
 20
86.7783
 11
-9.37305
 21
86.7871
  0
LINE
  8
0
 10
-9.37305
 20
86.7871
 11
-9.32031
 21
86.8047
  0
LINE
  8
0
 10
-9.32031
 20
86.8047
 11
-9.26953
 21
86.8223
  0
LINE
  8
0
 10
-9.26953
 20
86.8223
 11
-9.24512
 21
86.8301
  0
LINE
  8
0
 10
-9.24512
 20
86.8301
 11
-9.19824
 21
86.8477
  0
LINE
  8
0
 10
-9.19824
 20
86.8477
 11
-9.15332
 21
86.8633
  0
LINE
  8
0
 10
-9.15332
 20
86.8633
 11
-9.13184
 21
86.8721
  0
LINE
  8
0
 10
-9.13184
 20
86.8721
 11
-9.11035
 21
86.8799
  0
LINE
  8
0
 10
-9.11035
 20
86.8799
 11
-9.08984
 21
86.8877
  0
LINE
  8
0
 10
-9.08984
 20
86.8877
 11
-9.05078
 21
86.9033
  0
LINE
  8
0
 10
-9.05078
 20
86.9033
 11
-9.03125
 21
86.9102
  0
LINE
  8
0
 10
-9.03125
 20
86.9102
 11
-9.01367
 21
86.918
  0
LINE
  8
0
 10
-9.01367
 20
86.918
 11
-8.99512
 21
86.9258
  0
LINE
  8
0
 10
-8.99512
 20
86.9258
 11
-8.97754
 21
86.9326
  0
LINE
  8
0
 10
-8.97754
 20
86.9326
 11
-8.96094
 21
86.9404
  0
LINE
  8
0
 10
-8.96094
 20
86.9404
 11
-8.94434
 21
86.9473
  0
LINE
  8
0
 10
-8.94434
 20
86.9473
 11
-8.92871
 21
86.9541
  0
LINE
  8
0
 10
-8.92871
 20
86.9541
 11
-8.91309
 21
86.9619
  0
LINE
  8
0
 10
-8.91309
 20
86.9619
 11
-8.86914
 21
86.9824
  0
LINE
  8
0
 10
-8.86914
 20
86.9824
 11
-8.85547
 21
86.9893
  0
LINE
  8
0
 10
-8.85547
 20
86.9893
 11
-8.84277
 21
86.9951
  0
LINE
  8
0
 10
-8.84277
 20
86.9951
 11
-8.81738
 21
87.0088
  0
LINE
  8
0
 10
-8.81738
 20
87.0088
 11
-8.80566
 21
87.0146
  0
LINE
  8
0
 10
-8.80566
 20
87.0146
 11
-8.79395
 21
87.0215
  0
LINE
  8
0
 10
-8.79395
 20
87.0215
 11
-8.7832
 21
87.0273
  0
LINE
  8
0
 10
-8.7832
 20
87.0273
 11
-8.77246
 21
87.0342
  0
LINE
  8
0
 10
-8.77246
 20
87.0342
 11
-8.76172
 21
87.04
  0
LINE
  8
0
 10
-8.76172
 20
87.04
 11
-8.74219
 21
87.0518
  0
LINE
  8
0
 10
-8.74219
 20
87.0518
 11
-8.71582
 21
87.0693
  0
LINE
  8
0
 10
-8.71582
 20
87.0693
 11
-8.7002
 21
87.0811
  0
LINE
  8
0
 10
-8.7002
 20
87.0811
 11
-8.69238
 21
87.0859
  0
LINE
  8
0
 10
-8.69238
 20
87.0859
 11
-8.68555
 21
87.0918
  0
LINE
  8
0
 10
-8.68555
 20
87.0918
 11
-8.67871
 21
87.0967
  0
LINE
  8
0
 10
-8.67871
 20
87.0967
 11
-8.67285
 21
87.1025
  0
LINE
  8
0
 10
-8.67285
 20
87.1025
 11
-8.66113
 21
87.1123
  0
LINE
  8
0
 10
-8.66113
 20
87.1123
 11
-8.64062
 21
87.1328
  0
LINE
  8
0
 10
-8.64062
 20
87.1328
 11
-8.62891
 21
87.1475
  0
LINE
  8
0
 10
-8.62891
 20
87.1475
 11
-8.62598
 21
87.1514
  0
LINE
  8
0
 10
-8.62598
 20
87.1514
 11
-8.62012
 21
87.1611
  0
LINE
  8
0
 10
-8.62012
 20
87.1611
 11
-8.61719
 21
87.165
  0
LINE
  8
0
 10
-8.61719
 20
87.165
 11
-8.61426
 21
87.1699
  0
LINE
  8
0
 10
-8.61426
 20
87.1699
 11
-8.6123
 21
87.1738
  0
LINE
  8
0
 10
-8.6123
 20
87.1738
 11
-8.61035
 21
87.1787
  0
LINE
  8
0
 10
-8.61035
 20
87.1787
 11
-8.6084
 21
87.1826
  0
LINE
  8
0
 10
-8.6084
 20
87.1826
 11
-8.60742
 21
87.1865
  0
LINE
  8
0
 10
-8.60742
 20
87.1865
 11
-8.60547
 21
87.1904
  0
LINE
  8
0
 10
-8.60547
 20
87.1904
 11
-8.60449
 21
87.1953
  0
LINE
  8
0
 10
-8.60449
 20
87.1953
 11
-8.60254
 21
87.2031
  0
LINE
  8
0
 10
-8.60254
 20
87.2031
 11
-8.60254
 21
87.207
  0
LINE
  8
0
 10
-8.60254
 20
87.207
 11
-8.60156
 21
87.2109
  0
LINE
  8
0
 10
-8.60156
 20
87.2109
 11
-8.60156
 21
87.2285
  0
LINE
  8
0
 10
-8.60156
 20
87.2285
 11
-8.60254
 21
87.2324
  0
LINE
  8
0
 10
-8.60254
 20
87.2324
 11
-8.60254
 21
87.2354
  0
LINE
  8
0
 10
-8.60254
 20
87.2354
 11
-8.60352
 21
87.2393
  0
LINE
  8
0
 10
-8.60352
 20
87.2393
 11
-8.60449
 21
87.2422
  0
LINE
  8
0
 10
-8.60449
 20
87.2422
 11
-8.60547
 21
87.2461
  0
LINE
  8
0
 10
-8.60547
 20
87.2461
 11
-8.60742
 21
87.252
  0
LINE
  8
0
 10
-8.60742
 20
87.252
 11
-8.60938
 21
87.2549
  0
LINE
  8
0
 10
-8.60938
 20
87.2549
 11
-8.61035
 21
87.2588
  0
LINE
  8
0
 10
-8.61035
 20
87.2588
 11
-8.61133
 21
87.2617
  0
LINE
  8
0
 10
-8.61133
 20
87.2617
 11
-8.61328
 21
87.2646
  0
LINE
  8
0
 10
-8.61328
 20
87.2646
 11
-8.61426
 21
87.2676
  0
LINE
  8
0
 10
-8.61426
 20
87.2676
 11
-8.61816
 21
87.2734
  0
LINE
  8
0
 10
-8.61816
 20
87.2734
 11
-8.62012
 21
87.2754
  0
LINE
  8
0
 10
-8.62012
 20
87.2754
 11
-8.62109
 21
87.2783
  0
LINE
  8
0
 10
-8.62109
 20
87.2783
 11
-8.625
 21
87.2842
  0
LINE
  8
0
 10
-8.625
 20
87.2842
 11
-8.62695
 21
87.2861
  0
LINE
  8
0
 10
-8.62695
 20
87.2861
 11
-8.63086
 21
87.292
  0
LINE
  8
0
 10
-8.63086
 20
87.292
 11
-8.63281
 21
87.2939
  0
LINE
  8
0
 10
-8.63281
 20
87.2939
 11
-8.63379
 21
87.2969
  0
LINE
  8
0
 10
-8.63379
 20
87.2969
 11
-8.63574
 21
87.2988
  0
LINE
  8
0
 10
-8.63574
 20
87.2988
 11
-8.6377
 21
87.3018
  0
LINE
  8
0
 10
-8.6377
 20
87.3018
 11
-8.6416
 21
87.3057
  0
LINE
  8
0
 10
-8.6416
 20
87.3057
 11
-8.64355
 21
87.3086
  0
LINE
  8
0
 10
-8.64355
 20
87.3086
 11
-8.64453
 21
87.3105
  0
LINE
  8
0
 10
-8.64453
 20
87.3105
 11
-8.64648
 21
87.3125
  0
LINE
  8
0
 10
-8.64648
 20
87.3125
 11
-8.64746
 21
87.3145
  0
LINE
  8
0
 10
-8.64746
 20
87.3145
 11
-8.64941
 21
87.3174
  0
LINE
  8
0
 10
-8.64941
 20
87.3174
 11
-8.65039
 21
87.3193
  0
LINE
  8
0
 10
-8.65039
 20
87.3193
 11
-8.65234
 21
87.3213
  0
LINE
  8
0
 10
-8.65234
 20
87.3213
 11
-8.6543
 21
87.3252
  0
LINE
  8
0
 10
-8.6543
 20
87.3252
 11
-8.65625
 21
87.3271
  0
LINE
  8
0
 10
-8.65625
 20
87.3271
 11
-8.65723
 21
87.3291
  0
LINE
  8
0
 10
-8.65723
 20
87.3291
 11
-8.65723
 21
87.3311
  0
LINE
  8
0
 10
-8.65723
 20
87.3311
 11
-8.65918
 21
87.334
  0
LINE
  8
0
 10
-8.65918
 20
87.334
 11
-8.65918
 21
87.3359
  0
LINE
  8
0
 10
-8.65918
 20
87.3359
 11
-8.66016
 21
87.3379
  0
LINE
  8
0
 10
-8.66016
 20
87.3379
 11
-8.66016
 21
87.3447
  0
LINE
  8
0
 10
-8.66016
 20
87.3447
 11
-8.65918
 21
87.3477
  0
LINE
  8
0
 10
-8.65918
 20
87.3477
 11
-8.65527
 21
87.3535
  0
LINE
  8
0
 10
-8.65527
 20
87.3535
 11
-8.65332
 21
87.3545
  0
LINE
  8
0
 10
-8.65332
 20
87.3545
 11
-8.65234
 21
87.3564
  0
LINE
  8
0
 10
-8.65234
 20
87.3564
 11
-8.65039
 21
87.3574
  0
LINE
  8
0
 10
-8.65039
 20
87.3574
 11
-8.64746
 21
87.3594
  0
LINE
  8
0
 10
-8.64746
 20
87.3594
 11
-8.64551
 21
87.3604
  0
LINE
  8
0
 10
-8.64551
 20
87.3604
 11
-8.64258
 21
87.3613
  0
LINE
  8
0
 10
-8.64258
 20
87.3613
 11
-8.63965
 21
87.3633
  0
LINE
  8
0
 10
-8.63965
 20
87.3633
 11
-8.63379
 21
87.3652
  0
LINE
  8
0
 10
-8.63379
 20
87.3652
 11
-8.62988
 21
87.3662
  0
LINE
  8
0
 10
-8.62988
 20
87.3662
 11
-8.62598
 21
87.3682
  0
LINE
  8
0
 10
-8.62598
 20
87.3682
 11
-8.62207
 21
87.3691
  0
LINE
  8
0
 10
-8.62207
 20
87.3691
 11
-8.60254
 21
87.373
  0
LINE
  8
0
 10
-8.60254
 20
87.373
 11
-8.59668
 21
87.374
  0
LINE
  8
0
 10
-8.59668
 20
87.374
 11
-8.59082
 21
87.376
  0
LINE
  8
0
 10
-8.59082
 20
87.376
 11
-8.58496
 21
87.377
  0
LINE
  8
0
 10
-8.58496
 20
87.377
 11
-8.57129
 21
87.3789
  0
LINE
  8
0
 10
-8.57129
 20
87.3789
 11
-8.56348
 21
87.3799
  0
LINE
  8
0
 10
-8.56348
 20
87.3799
 11
-8.55664
 21
87.3809
  0
LINE
  8
0
 10
-8.55664
 20
87.3809
 11
-8.54785
 21
87.3818
  0
LINE
  8
0
 10
-8.54785
 20
87.3818
 11
-8.54004
 21
87.3828
  0
LINE
  8
0
 10
-8.54004
 20
87.3828
 11
-8.52246
 21
87.3848
  0
LINE
  8
0
 10
-8.52246
 20
87.3848
 11
-8.49316
 21
87.3877
  0
LINE
  8
0
 10
-8.49316
 20
87.3877
 11
-8.48242
 21
87.3887
  0
LINE
  8
0
 10
-8.48242
 20
87.3887
 11
-8.47168
 21
87.3887
  0
LINE
  8
0
 10
-8.47168
 20
87.3887
 11
-8.44824
 21
87.3906
  0
LINE
  8
0
 10
-8.44824
 20
87.3906
 11
-8.41016
 21
87.3936
  0
LINE
  8
0
 10
-8.41016
 20
87.3936
 11
-8.38281
 21
87.3955
  0
LINE
  8
0
 10
-8.38281
 20
87.3955
 11
-8.36816
 21
87.3965
  0
LINE
  8
0
 10
-8.36816
 20
87.3965
 11
-8.35352
 21
87.3965
  0
LINE
  8
0
 10
-8.35352
 20
87.3965
 11
-8.32227
 21
87.3984
  0
LINE
  8
0
 10
-8.32227
 20
87.3984
 11
-8.28906
 21
87.4004
  0
LINE
  8
0
 10
-8.28906
 20
87.4004
 11
-8.27148
 21
87.4014
  0
LINE
  8
0
 10
-8.27148
 20
87.4014
 11
-8.25391
 21
87.4014
  0
LINE
  8
0
 10
-8.25391
 20
87.4014
 11
-8.2168
 21
87.4033
  0
LINE
  8
0
 10
-8.2168
 20
87.4033
 11
-8.17773
 21
87.4053
  0
LINE
  8
0
 10
-8.17773
 20
87.4053
 11
-8.13672
 21
87.4072
  0
LINE
  8
0
 10
-8.13672
 20
87.4072
 11
-8.11523
 21
87.4072
  0
LINE
  8
0
 10
-8.11523
 20
87.4072
 11
-8.04785
 21
87.4102
  0
LINE
  8
0
 10
-8.04785
 20
87.4102
 11
-8
 21
87.4121
  0
LINE
  8
0
 10
-8
 20
87.4121
 11
-7.97461
 21
87.4131
  0
LINE
  8
0
 10
-7.97461
 20
87.4131
 11
-7.94922
 21
87.4131
  0
LINE
  8
0
 10
-7.94922
 20
87.4131
 11
-7.89648
 21
87.415
  0
LINE
  8
0
 10
-7.89648
 20
87.415
 11
-7.8418
 21
87.417
  0
LINE
  8
0
 10
-7.8418
 20
87.417
 11
-7.81348
 21
87.418
  0
LINE
  8
0
 10
-7.81348
 20
87.418
 11
-7.75488
 21
87.4199
  0
LINE
  8
0
 10
-7.75488
 20
87.4199
 11
-7.69336
 21
87.4219
  0
LINE
  8
0
 10
-7.69336
 20
87.4219
 11
-7.59668
 21
87.4248
  0
LINE
  8
0
 10
-7.59668
 20
87.4248
 11
-7.52832
 21
87.4268
  0
LINE
  8
0
 10
-7.52832
 20
87.4268
 11
-7.45801
 21
87.4287
  0
LINE
  8
0
 10
-7.45801
 20
87.4287
 11
-7.34668
 21
87.4316
  0
LINE
  8
0
 10
-7.34668
 20
87.4316
 11
-7.26855
 21
87.4336
  0
LINE
  8
0
 10
-7.26855
 20
87.4336
 11
-7.22852
 21
87.4355
  0
LINE
  8
0
 10
-7.22852
 20
87.4355
 11
-7.18848
 21
87.4365
  0
LINE
  8
0
 10
-7.18848
 20
87.4365
 11
-7.06152
 21
87.4395
  0
LINE
  8
0
 10
-7.06152
 20
87.4395
 11
-7.01758
 21
87.4414
  0
LINE
  8
0
 10
-7.01758
 20
87.4414
 11
-6.92773
 21
87.4434
  0
LINE
  8
0
 10
-6.92773
 20
87.4434
 11
-6.88184
 21
87.4453
  0
LINE
  8
0
 10
-6.88184
 20
87.4453
 11
-6.78809
 21
87.4473
  0
LINE
  8
0
 10
-6.78809
 20
87.4473
 11
-6.73926
 21
87.4492
  0
LINE
  8
0
 10
-6.73926
 20
87.4492
 11
-6.69043
 21
87.4502
  0
LINE
  8
0
 10
-6.69043
 20
87.4502
 11
-6.64062
 21
87.4521
  0
LINE
  8
0
 10
-6.64062
 20
87.4521
 11
-6.58984
 21
87.4531
  0
LINE
  8
0
 10
-6.58984
 20
87.4531
 11
-6.53809
 21
87.4551
  0
LINE
  8
0
 10
-6.53809
 20
87.4551
 11
-6.48535
 21
87.4561
  0
LINE
  8
0
 10
-6.48535
 20
87.4561
 11
-6.43164
 21
87.458
  0
LINE
  8
0
 10
-6.43164
 20
87.458
 11
-6.37793
 21
87.459
  0
LINE
  8
0
 10
-6.37793
 20
87.459
 11
-6.32324
 21
87.4609
  0
LINE
  8
0
 10
-6.32324
 20
87.4609
 11
-6.26758
 21
87.4619
  0
LINE
  8
0
 10
-6.26758
 20
87.4619
 11
-6.09473
 21
87.4678
  0
LINE
  8
0
 10
-6.09473
 20
87.4678
 11
-6.03516
 21
87.4688
  0
LINE
  8
0
 10
-6.03516
 20
87.4688
 11
-5.91406
 21
87.4727
  0
LINE
  8
0
 10
-5.91406
 20
87.4727
 11
-5.78906
 21
87.4766
  0
LINE
  8
0
 10
-5.78906
 20
87.4766
 11
-5.59473
 21
87.4824
  0
LINE
  8
0
 10
-5.59473
 20
87.4824
 11
-5.52832
 21
87.4844
  0
LINE
  8
0
 10
-5.52832
 20
87.4844
 11
-5.32227
 21
87.4902
  0
LINE
  8
0
 10
-5.32227
 20
87.4902
 11
-5.18066
 21
87.4941
  0
LINE
  8
0
 10
-5.18066
 20
87.4941
 11
-5.1084
 21
87.4971
  0
LINE
  8
0
 10
-5.1084
 20
87.4971
 11
-4.96094
 21
87.501
  0
LINE
  8
0
 10
-4.96094
 20
87.501
 11
-4.88574
 21
87.5039
  0
LINE
  8
0
 10
-4.88574
 20
87.5039
 11
-4.80957
 21
87.5059
  0
LINE
  8
0
 10
-4.80957
 20
87.5059
 11
-4.73145
 21
87.5078
  0
LINE
  8
0
 10
-4.73145
 20
87.5078
 11
-4.65332
 21
87.5107
  0
LINE
  8
0
 10
-4.65332
 20
87.5107
 11
-4.57422
 21
87.5127
  0
LINE
  8
0
 10
-4.57422
 20
87.5127
 11
-4.49414
 21
87.5156
  0
LINE
  8
0
 10
-4.49414
 20
87.5156
 11
-4.41211
 21
87.5186
  0
LINE
  8
0
 10
-4.41211
 20
87.5186
 11
-4.33008
 21
87.5205
  0
LINE
  8
0
 10
-4.33008
 20
87.5205
 11
-4.24707
 21
87.5234
  0
LINE
  8
0
 10
-4.24707
 20
87.5234
 11
-4.07715
 21
87.5293
  0
LINE
  8
0
 10
-4.07715
 20
87.5293
 11
-3.99023
 21
87.5312
  0
LINE
  8
0
 10
-3.99023
 20
87.5312
 11
-3.81348
 21
87.5371
  0
LINE
  8
0
 10
-3.81348
 20
87.5371
 11
-3.63281
 21
87.543
  0
LINE
  8
0
 10
-3.63281
 20
87.543
 11
-3.54102
 21
87.5459
  0
LINE
  8
0
 10
-3.54102
 20
87.5459
 11
-3.44824
 21
87.5498
  0
LINE
  8
0
 10
-3.44824
 20
87.5498
 11
-3.25879
 21
87.5557
  0
LINE
  8
0
 10
-3.25879
 20
87.5557
 11
-3.16211
 21
87.5586
  0
LINE
  8
0
 10
-3.16211
 20
87.5586
 11
-3.06445
 21
87.5625
  0
LINE
  8
0
 10
-3.06445
 20
87.5625
 11
-2.86621
 21
87.5684
  0
LINE
  8
0
 10
-2.86621
 20
87.5684
 11
-2.66309
 21
87.5762
  0
LINE
  8
0
 10
-2.66309
 20
87.5762
 11
-2.55957
 21
87.5791
  0
LINE
  8
0
 10
-2.55957
 20
87.5791
 11
-2.34961
 21
87.5869
  0
LINE
  8
0
 10
-2.34961
 20
87.5869
 11
-2.24316
 21
87.5898
  0
LINE
  8
0
 10
-2.24316
 20
87.5898
 11
-2.02539
 21
87.5977
  0
LINE
  8
0
 10
-2.02539
 20
87.5977
 11
-1.80371
 21
87.6055
  0
LINE
  8
0
 10
-1.80371
 20
87.6055
 11
-1.69141
 21
87.6094
  0
LINE
  8
0
 10
-1.69141
 20
87.6094
 11
-1.46191
 21
87.6172
  0
LINE
  8
0
 10
-1.46191
 20
87.6172
 11
-1.3457
 21
87.6221
  0
LINE
  8
0
 10
-1.3457
 20
87.6221
 11
-1.10938
 21
87.6299
  0
LINE
  8
0
 10
-1.10938
 20
87.6299
 11
-0.989258
 21
87.6348
  0
LINE
  8
0
 10
-0.989258
 20
87.6348
 11
-0.867188
 21
87.6387
  0
LINE
  8
0
 10
-0.867188
 20
87.6387
 11
-0.745117
 21
87.6436
  0
LINE
  8
0
 10
-0.745117
 20
87.6436
 11
-0.621094
 21
87.6475
  0
LINE
  8
0
 10
-0.621094
 20
87.6475
 11
-0.496094
 21
87.6523
  0
LINE
  8
0
 10
-0.496094
 20
87.6523
 11
-0.241211
 21
87.6621
  0
LINE
  8
0
 10
-0.241211
 20
87.6621
 11
-0.112305
 21
87.666
  0
LINE
  8
0
 10
-0.112305
 20
87.666
 11
0.112305
 21
87.666
  0
LINE
  8
0
 10
0.112305
 20
87.666
 11
0.241211
 21
87.6621
  0
LINE
  8
0
 10
0.241211
 20
87.6621
 11
0.496094
 21
87.6523
  0
LINE
  8
0
 10
0.496094
 20
87.6523
 11
0.621094
 21
87.6475
  0
LINE
  8
0
 10
0.621094
 20
87.6475
 11
0.745117
 21
87.6436
  0
LINE
  8
0
 10
0.745117
 20
87.6436
 11
0.867188
 21
87.6387
  0
LINE
  8
0
 10
0.867188
 20
87.6387
 11
0.989258
 21
87.6348
  0
LINE
  8
0
 10
0.989258
 20
87.6348
 11
1.10938
 21
87.6299
  0
LINE
  8
0
 10
1.10938
 20
87.6299
 11
1.3457
 21
87.6221
  0
LINE
  8
0
 10
1.3457
 20
87.6221
 11
1.46191
 21
87.6172
  0
LINE
  8
0
 10
1.46191
 20
87.6172
 11
1.69141
 21
87.6094
  0
LINE
  8
0
 10
1.69141
 20
87.6094
 11
1.91504
 21
87.6016
  0
LINE
  8
0
 10
1.91504
 20
87.6016
 11
2.13477
 21
87.5938
  0
LINE
  8
0
 10
2.13477
 20
87.5938
 11
2.24316
 21
87.5898
  0
LINE
  8
0
 10
2.24316
 20
87.5898
 11
2.34961
 21
87.5869
  0
LINE
  8
0
 10
2.34961
 20
87.5869
 11
2.55957
 21
87.5791
  0
LINE
  8
0
 10
2.55957
 20
87.5791
 11
2.66309
 21
87.5762
  0
LINE
  8
0
 10
2.66309
 20
87.5762
 11
2.86621
 21
87.5684
  0
LINE
  8
0
 10
2.86621
 20
87.5684
 11
3.06445
 21
87.5625
  0
LINE
  8
0
 10
3.06445
 20
87.5625
 11
3.16211
 21
87.5586
  0
LINE
  8
0
 10
3.16211
 20
87.5586
 11
3.25879
 21
87.5557
  0
LINE
  8
0
 10
3.25879
 20
87.5557
 11
3.44824
 21
87.5498
  0
LINE
  8
0
 10
3.44824
 20
87.5498
 11
3.54102
 21
87.5459
  0
LINE
  8
0
 10
3.54102
 20
87.5459
 11
3.72363
 21
87.54
  0
LINE
  8
0
 10
3.72363
 20
87.54
 11
3.90234
 21
87.5342
  0
LINE
  8
0
 10
3.90234
 20
87.5342
 11
3.99023
 21
87.5312
  0
LINE
  8
0
 10
3.99023
 20
87.5312
 11
4.07715
 21
87.5293
  0
LINE
  8
0
 10
4.07715
 20
87.5293
 11
4.24707
 21
87.5234
  0
LINE
  8
0
 10
4.24707
 20
87.5234
 11
4.33008
 21
87.5205
  0
LINE
  8
0
 10
4.33008
 20
87.5205
 11
4.41211
 21
87.5186
  0
LINE
  8
0
 10
4.41211
 20
87.5186
 11
4.49414
 21
87.5156
  0
LINE
  8
0
 10
4.49414
 20
87.5156
 11
4.57422
 21
87.5127
  0
LINE
  8
0
 10
4.57422
 20
87.5127
 11
4.65332
 21
87.5107
  0
LINE
  8
0
 10
4.65332
 20
87.5107
 11
4.73145
 21
87.5078
  0
LINE
  8
0
 10
4.73145
 20
87.5078
 11
4.80957
 21
87.5059
  0
LINE
  8
0
 10
4.80957
 20
87.5059
 11
4.88574
 21
87.5039
  0
LINE
  8
0
 10
4.88574
 20
87.5039
 11
4.96094
 21
87.501
  0
LINE
  8
0
 10
4.96094
 20
87.501
 11
5.1084
 21
87.4971
  0
LINE
  8
0
 10
5.1084
 20
87.4971
 11
5.18066
 21
87.4941
  0
LINE
  8
0
 10
5.18066
 20
87.4941
 11
5.32227
 21
87.4902
  0
LINE
  8
0
 10
5.32227
 20
87.4902
 11
5.52832
 21
87.4844
  0
LINE
  8
0
 10
5.52832
 20
87.4844
 11
5.66016
 21
87.4805
  0
LINE
  8
0
 10
5.66016
 20
87.4805
 11
5.78906
 21
87.4766
  0
LINE
  8
0
 10
5.78906
 20
87.4766
 11
5.91406
 21
87.4727
  0
LINE
  8
0
 10
5.91406
 20
87.4727
 11
6.03516
 21
87.4688
  0
LINE
  8
0
 10
6.03516
 20
87.4688
 11
6.09473
 21
87.4678
  0
LINE
  8
0
 10
6.09473
 20
87.4678
 11
6.26758
 21
87.4619
  0
LINE
  8
0
 10
6.26758
 20
87.4619
 11
6.32324
 21
87.4609
  0
LINE
  8
0
 10
6.32324
 20
87.4609
 11
6.37793
 21
87.459
  0
LINE
  8
0
 10
6.37793
 20
87.459
 11
6.43164
 21
87.458
  0
LINE
  8
0
 10
6.43164
 20
87.458
 11
6.48535
 21
87.4561
  0
LINE
  8
0
 10
6.48535
 20
87.4561
 11
6.53809
 21
87.4551
  0
LINE
  8
0
 10
6.53809
 20
87.4551
 11
6.58984
 21
87.4531
  0
LINE
  8
0
 10
6.58984
 20
87.4531
 11
6.64062
 21
87.4521
  0
LINE
  8
0
 10
6.64062
 20
87.4521
 11
6.69043
 21
87.4502
  0
LINE
  8
0
 10
6.69043
 20
87.4502
 11
6.73926
 21
87.4492
  0
LINE
  8
0
 10
6.73926
 20
87.4492
 11
6.78809
 21
87.4473
  0
LINE
  8
0
 10
6.78809
 20
87.4473
 11
6.88184
 21
87.4453
  0
LINE
  8
0
 10
6.88184
 20
87.4453
 11
6.92773
 21
87.4434
  0
LINE
  8
0
 10
6.92773
 20
87.4434
 11
7.01758
 21
87.4414
  0
LINE
  8
0
 10
7.01758
 20
87.4414
 11
7.06152
 21
87.4395
  0
LINE
  8
0
 10
7.06152
 20
87.4395
 11
7.18848
 21
87.4365
  0
LINE
  8
0
 10
7.18848
 20
87.4365
 11
7.22852
 21
87.4355
  0
LINE
  8
0
 10
7.22852
 20
87.4355
 11
7.26855
 21
87.4336
  0
LINE
  8
0
 10
7.26855
 20
87.4336
 11
7.34668
 21
87.4316
  0
LINE
  8
0
 10
7.34668
 20
87.4316
 11
7.45801
 21
87.4287
  0
LINE
  8
0
 10
7.45801
 20
87.4287
 11
7.52832
 21
87.4268
  0
LINE
  8
0
 10
7.52832
 20
87.4268
 11
7.59668
 21
87.4248
  0
LINE
  8
0
 10
7.59668
 20
87.4248
 11
7.69336
 21
87.4219
  0
LINE
  8
0
 10
7.69336
 20
87.4219
 11
7.75488
 21
87.4199
  0
LINE
  8
0
 10
7.75488
 20
87.4199
 11
7.81348
 21
87.418
  0
LINE
  8
0
 10
7.81348
 20
87.418
 11
7.8418
 21
87.417
  0
LINE
  8
0
 10
7.8418
 20
87.417
 11
7.89648
 21
87.415
  0
LINE
  8
0
 10
7.89648
 20
87.415
 11
7.94922
 21
87.4131
  0
LINE
  8
0
 10
7.94922
 20
87.4131
 11
7.97461
 21
87.4131
  0
LINE
  8
0
 10
7.97461
 20
87.4131
 11
8
 21
87.4121
  0
LINE
  8
0
 10
8
 20
87.4121
 11
8.04785
 21
87.4102
  0
LINE
  8
0
 10
8.04785
 20
87.4102
 11
8.11523
 21
87.4072
  0
LINE
  8
0
 10
8.11523
 20
87.4072
 11
8.13672
 21
87.4072
  0
LINE
  8
0
 10
8.13672
 20
87.4072
 11
8.17773
 21
87.4053
  0
LINE
  8
0
 10
8.17773
 20
87.4053
 11
8.2168
 21
87.4033
  0
LINE
  8
0
 10
8.2168
 20
87.4033
 11
8.25391
 21
87.4014
  0
LINE
  8
0
 10
8.25391
 20
87.4014
 11
8.27148
 21
87.4014
  0
LINE
  8
0
 10
8.27148
 20
87.4014
 11
8.28906
 21
87.4004
  0
LINE
  8
0
 10
8.28906
 20
87.4004
 11
8.32227
 21
87.3984
  0
LINE
  8
0
 10
8.32227
 20
87.3984
 11
8.35352
 21
87.3965
  0
LINE
  8
0
 10
8.35352
 20
87.3965
 11
8.36816
 21
87.3965
  0
LINE
  8
0
 10
8.36816
 20
87.3965
 11
8.38281
 21
87.3955
  0
LINE
  8
0
 10
8.38281
 20
87.3955
 11
8.41016
 21
87.3936
  0
LINE
  8
0
 10
8.41016
 20
87.3936
 11
8.44824
 21
87.3906
  0
LINE
  8
0
 10
8.44824
 20
87.3906
 11
8.47168
 21
87.3887
  0
LINE
  8
0
 10
8.47168
 20
87.3887
 11
8.48242
 21
87.3887
  0
LINE
  8
0
 10
8.48242
 20
87.3887
 11
8.49316
 21
87.3877
  0
LINE
  8
0
 10
8.49316
 20
87.3877
 11
8.52246
 21
87.3848
  0
LINE
  8
0
 10
8.52246
 20
87.3848
 11
8.54004
 21
87.3828
  0
LINE
  8
0
 10
8.54004
 20
87.3828
 11
8.54785
 21
87.3818
  0
LINE
  8
0
 10
8.54785
 20
87.3818
 11
8.55664
 21
87.3809
  0
LINE
  8
0
 10
8.55664
 20
87.3809
 11
8.56348
 21
87.3799
  0
LINE
  8
0
 10
8.56348
 20
87.3799
 11
8.57129
 21
87.3789
  0
LINE
  8
0
 10
8.57129
 20
87.3789
 11
8.58496
 21
87.377
  0
LINE
  8
0
 10
8.58496
 20
87.377
 11
8.59082
 21
87.376
  0
LINE
  8
0
 10
8.59082
 20
87.376
 11
8.59668
 21
87.374
  0
LINE
  8
0
 10
8.59668
 20
87.374
 11
8.60254
 21
87.373
  0
LINE
  8
0
 10
8.60254
 20
87.373
 11
8.62207
 21
87.3691
  0
LINE
  8
0
 10
8.62207
 20
87.3691
 11
8.62598
 21
87.3682
  0
LINE
  8
0
 10
8.62598
 20
87.3682
 11
8.62988
 21
87.3662
  0
LINE
  8
0
 10
8.62988
 20
87.3662
 11
8.63379
 21
87.3652
  0
LINE
  8
0
 10
8.63379
 20
87.3652
 11
8.63965
 21
87.3633
  0
LINE
  8
0
 10
8.63965
 20
87.3633
 11
8.64258
 21
87.3613
  0
LINE
  8
0
 10
8.64258
 20
87.3613
 11
8.64551
 21
87.3604
  0
LINE
  8
0
 10
8.64551
 20
87.3604
 11
8.64746
 21
87.3594
  0
LINE
  8
0
 10
8.64746
 20
87.3594
 11
8.65039
 21
87.3574
  0
LINE
  8
0
 10
8.65039
 20
87.3574
 11
8.65234
 21
87.3564
  0
LINE
  8
0
 10
8.65234
 20
87.3564
 11
8.65332
 21
87.3545
  0
LINE
  8
0
 10
8.65332
 20
87.3545
 11
8.65527
 21
87.3535
  0
LINE
  8
0
 10
8.65527
 20
87.3535
 11
8.65625
 21
87.3516
  0
LINE
  8
0
 10
8.65625
 20
87.3516
 11
8.66016
 21
87.3457
  0
LINE
  8
0
 10
8.66016
 20
87.3457
 11
8.66016
 21
87.3379
  0
LINE
  8
0
 10
8.66016
 20
87.3379
 11
8.65918
 21
87.3359
  0
LINE
  8
0
 10
8.65918
 20
87.3359
 11
8.65918
 21
87.334
  0
LINE
  8
0
 10
8.65918
 20
87.334
 11
8.6582
 21
87.332
  0
LINE
  8
0
 10
8.6582
 20
87.332
 11
8.65723
 21
87.3291
  0
LINE
  8
0
 10
8.65723
 20
87.3291
 11
8.65625
 21
87.3271
  0
LINE
  8
0
 10
8.65625
 20
87.3271
 11
8.6543
 21
87.3252
  0
LINE
  8
0
 10
8.6543
 20
87.3252
 11
8.65234
 21
87.3213
  0
LINE
  8
0
 10
8.65234
 20
87.3213
 11
8.65039
 21
87.3193
  0
LINE
  8
0
 10
8.65039
 20
87.3193
 11
8.64941
 21
87.3174
  0
LINE
  8
0
 10
8.64941
 20
87.3174
 11
8.64746
 21
87.3145
  0
LINE
  8
0
 10
8.64746
 20
87.3145
 11
8.64648
 21
87.3125
  0
LINE
  8
0
 10
8.64648
 20
87.3125
 11
8.64453
 21
87.3105
  0
LINE
  8
0
 10
8.64453
 20
87.3105
 11
8.64355
 21
87.3086
  0
LINE
  8
0
 10
8.64355
 20
87.3086
 11
8.6416
 21
87.3057
  0
LINE
  8
0
 10
8.6416
 20
87.3057
 11
8.6377
 21
87.3018
  0
LINE
  8
0
 10
8.6377
 20
87.3018
 11
8.63574
 21
87.2988
  0
LINE
  8
0
 10
8.63574
 20
87.2988
 11
8.63379
 21
87.2969
  0
LINE
  8
0
 10
8.63379
 20
87.2969
 11
8.63281
 21
87.2939
  0
LINE
  8
0
 10
8.63281
 20
87.2939
 11
8.63086
 21
87.292
  0
LINE
  8
0
 10
8.63086
 20
87.292
 11
8.62695
 21
87.2861
  0
LINE
  8
0
 10
8.62695
 20
87.2861
 11
8.625
 21
87.2842
  0
LINE
  8
0
 10
8.625
 20
87.2842
 11
8.62109
 21
87.2783
  0
LINE
  8
0
 10
8.62109
 20
87.2783
 11
8.62012
 21
87.2754
  0
LINE
  8
0
 10
8.62012
 20
87.2754
 11
8.61816
 21
87.2734
  0
LINE
  8
0
 10
8.61816
 20
87.2734
 11
8.61426
 21
87.2676
  0
LINE
  8
0
 10
8.61426
 20
87.2676
 11
8.61328
 21
87.2646
  0
LINE
  8
0
 10
8.61328
 20
87.2646
 11
8.61133
 21
87.2617
  0
LINE
  8
0
 10
8.61133
 20
87.2617
 11
8.61035
 21
87.2588
  0
LINE
  8
0
 10
8.61035
 20
87.2588
 11
8.60938
 21
87.2549
  0
LINE
  8
0
 10
8.60938
 20
87.2549
 11
8.60742
 21
87.252
  0
LINE
  8
0
 10
8.60742
 20
87.252
 11
8.60547
 21
87.2461
  0
LINE
  8
0
 10
8.60547
 20
87.2461
 11
8.60449
 21
87.2422
  0
LINE
  8
0
 10
8.60449
 20
87.2422
 11
8.60352
 21
87.2393
  0
LINE
  8
0
 10
8.60352
 20
87.2393
 11
8.60254
 21
87.2354
  0
LINE
  8
0
 10
8.60254
 20
87.2354
 11
8.60254
 21
87.2324
  0
LINE
  8
0
 10
8.60254
 20
87.2324
 11
8.60156
 21
87.2285
  0
LINE
  8
0
 10
8.60156
 20
87.2285
 11
8.60156
 21
87.2109
  0
LINE
  8
0
 10
8.60156
 20
87.2109
 11
8.60254
 21
87.207
  0
LINE
  8
0
 10
8.60254
 20
87.207
 11
8.60254
 21
87.2031
  0
LINE
  8
0
 10
8.60254
 20
87.2031
 11
8.60449
 21
87.1953
  0
LINE
  8
0
 10
8.60449
 20
87.1953
 11
8.60547
 21
87.1904
  0
LINE
  8
0
 10
8.60547
 20
87.1904
 11
8.60742
 21
87.1865
  0
LINE
  8
0
 10
8.60742
 20
87.1865
 11
8.6084
 21
87.1826
  0
LINE
  8
0
 10
8.6084
 20
87.1826
 11
8.61035
 21
87.1787
  0
LINE
  8
0
 10
8.61035
 20
87.1787
 11
8.6123
 21
87.1738
  0
LINE
  8
0
 10
8.6123
 20
87.1738
 11
8.61426
 21
87.1699
  0
LINE
  8
0
 10
8.61426
 20
87.1699
 11
8.61719
 21
87.165
  0
LINE
  8
0
 10
8.61719
 20
87.165
 11
8.62012
 21
87.1611
  0
LINE
  8
0
 10
8.62012
 20
87.1611
 11
8.62598
 21
87.1514
  0
LINE
  8
0
 10
8.62598
 20
87.1514
 11
8.62891
 21
87.1475
  0
LINE
  8
0
 10
8.62891
 20
87.1475
 11
8.64062
 21
87.1328
  0
LINE
  8
0
 10
8.64062
 20
87.1328
 11
8.66113
 21
87.1123
  0
LINE
  8
0
 10
8.66113
 20
87.1123
 11
8.67285
 21
87.1025
  0
LINE
  8
0
 10
8.67285
 20
87.1025
 11
8.67871
 21
87.0967
  0
LINE
  8
0
 10
8.67871
 20
87.0967
 11
8.68555
 21
87.0918
  0
LINE
  8
0
 10
8.68555
 20
87.0918
 11
8.69238
 21
87.0859
  0
LINE
  8
0
 10
8.69238
 20
87.0859
 11
8.7002
 21
87.0811
  0
LINE
  8
0
 10
8.7002
 20
87.0811
 11
8.71582
 21
87.0693
  0
LINE
  8
0
 10
8.71582
 20
87.0693
 11
8.74219
 21
87.0518
  0
LINE
  8
0
 10
8.74219
 20
87.0518
 11
8.76172
 21
87.04
  0
LINE
  8
0
 10
8.76172
 20
87.04
 11
8.77246
 21
87.0342
  0
LINE
  8
0
 10
8.77246
 20
87.0342
 11
8.7832
 21
87.0273
  0
LINE
  8
0
 10
8.7832
 20
87.0273
 11
8.79395
 21
87.0215
  0
LINE
  8
0
 10
8.79395
 20
87.0215
 11
8.80566
 21
87.0146
  0
LINE
  8
0
 10
8.80566
 20
87.0146
 11
8.81738
 21
87.0088
  0
LINE
  8
0
 10
8.81738
 20
87.0088
 11
8.84277
 21
86.9951
  0
LINE
  8
0
 10
8.84277
 20
86.9951
 11
8.85547
 21
86.9893
  0
LINE
  8
0
 10
8.85547
 20
86.9893
 11
8.86914
 21
86.9824
  0
LINE
  8
0
 10
8.86914
 20
86.9824
 11
8.91309
 21
86.9619
  0
LINE
  8
0
 10
8.91309
 20
86.9619
 11
8.92871
 21
86.9541
  0
LINE
  8
0
 10
8.92871
 20
86.9541
 11
8.94434
 21
86.9473
  0
LINE
  8
0
 10
8.94434
 20
86.9473
 11
8.96094
 21
86.9404
  0
LINE
  8
0
 10
8.96094
 20
86.9404
 11
8.97754
 21
86.9326
  0
LINE
  8
0
 10
8.97754
 20
86.9326
 11
8.99512
 21
86.9258
  0
LINE
  8
0
 10
8.99512
 20
86.9258
 11
9.01367
 21
86.918
  0
LINE
  8
0
 10
9.01367
 20
86.918
 11
9.03125
 21
86.9102
  0
LINE
  8
0
 10
9.03125
 20
86.9102
 11
9.05078
 21
86.9033
  0
LINE
  8
0
 10
9.05078
 20
86.9033
 11
9.08984
 21
86.8877
  0
LINE
  8
0
 10
9.08984
 20
86.8877
 11
9.11035
 21
86.8799
  0
LINE
  8
0
 10
9.11035
 20
86.8799
 11
9.13184
 21
86.8721
  0
LINE
  8
0
 10
9.13184
 20
86.8721
 11
9.15332
 21
86.8633
  0
LINE
  8
0
 10
9.15332
 20
86.8633
 11
9.19824
 21
86.8477
  0
LINE
  8
0
 10
9.19824
 20
86.8477
 11
9.24512
 21
86.8301
  0
LINE
  8
0
 10
9.24512
 20
86.8301
 11
9.26953
 21
86.8223
  0
LINE
  8
0
 10
9.26953
 20
86.8223
 11
9.32031
 21
86.8047
  0
LINE
  8
0
 10
9.32031
 20
86.8047
 11
9.37305
 21
86.7871
  0
LINE
  8
0
 10
9.37305
 20
86.7871
 11
9.40039
 21
86.7783
  0
LINE
  8
0
 10
9.40039
 20
86.7783
 11
9.42871
 21
86.7695
  0
LINE
  8
0
 10
9.42871
 20
86.7695
 11
9.45703
 21
86.7598
  0
LINE
  8
0
 10
9.45703
 20
86.7598
 11
9.48633
 21
86.751
  0
LINE
  8
0
 10
9.48633
 20
86.751
 11
9.5166
 21
86.7412
  0
LINE
  8
0
 10
9.5166
 20
86.7412
 11
9.54688
 21
86.7324
  0
LINE
  8
0
 10
9.54688
 20
86.7324
 11
9.57812
 21
86.7227
  0
LINE
  8
0
 10
9.57812
 20
86.7227
 11
9.64258
 21
86.7031
  0
LINE
  8
0
 10
9.64258
 20
86.7031
 11
9.67578
 21
86.6934
  0
LINE
  8
0
 10
9.67578
 20
86.6934
 11
9.74414
 21
86.6738
  0
LINE
  8
0
 10
9.74414
 20
86.6738
 11
9.7793
 21
86.6631
  0
LINE
  8
0
 10
9.7793
 20
86.6631
 11
9.81543
 21
86.6533
  0
LINE
  8
0
 10
9.81543
 20
86.6533
 11
9.85156
 21
86.6426
  0
LINE
  8
0
 10
9.85156
 20
86.6426
 11
9.88867
 21
86.6328
  0
LINE
  8
0
 10
9.88867
 20
86.6328
 11
9.92676
 21
86.6221
  0
LINE
  8
0
 10
9.92676
 20
86.6221
 11
10.0049
 21
86.6006
  0
LINE
  8
0
 10
10.0049
 20
86.6006
 11
10.0449
 21
86.5898
  0
LINE
  8
0
 10
10.0449
 20
86.5898
 11
10.0859
 21
86.5791
  0
LINE
  8
0
 10
10.0859
 20
86.5791
 11
10.1279
 21
86.5684
  0
LINE
  8
0
 10
10.1279
 20
86.5684
 11
10.1699
 21
86.5566
  0
LINE
  8
0
 10
10.1699
 20
86.5566
 11
10.2139
 21
86.5459
  0
LINE
  8
0
 10
10.2139
 20
86.5459
 11
10.2578
 21
86.5342
  0
LINE
  8
0
 10
10.2578
 20
86.5342
 11
10.3018
 21
86.5234
  0
LINE
  8
0
 10
10.3018
 20
86.5234
 11
10.3936
 21
86.5
  0
LINE
  8
0
 10
10.3936
 20
86.5
 11
10.4404
 21
86.4883
  0
LINE
  8
0
 10
10.4404
 20
86.4883
 11
10.4883
 21
86.4766
  0
LINE
  8
0
 10
10.4883
 20
86.4766
 11
10.5371
 21
86.4648
  0
LINE
  8
0
 10
10.5371
 20
86.4648
 11
10.5869
 21
86.4521
  0
LINE
  8
0
 10
10.5869
 20
86.4521
 11
10.6367
 21
86.4404
  0
LINE
  8
0
 10
10.6367
 20
86.4404
 11
10.7402
 21
86.415
  0
LINE
  8
0
 10
10.7402
 20
86.415
 11
10.793
 21
86.4033
  0
LINE
  8
0
 10
10.793
 20
86.4033
 11
10.8457
 21
86.3906
  0
LINE
  8
0
 10
10.8457
 20
86.3906
 11
10.9004
 21
86.3779
  0
LINE
  8
0
 10
10.9004
 20
86.3779
 11
10.9561
 21
86.3652
  0
LINE
  8
0
 10
10.9561
 20
86.3652
 11
11.0117
 21
86.3516
  0
LINE
  8
0
 10
11.0117
 20
86.3516
 11
11.0693
 21
86.3389
  0
LINE
  8
0
 10
11.0693
 20
86.3389
 11
11.127
 21
86.3252
  0
LINE
  8
0
 10
11.127
 20
86.3252
 11
11.1855
 21
86.3125
  0
LINE
  8
0
 10
11.1855
 20
86.3125
 11
11.2451
 21
86.2988
  0
LINE
  8
0
 10
11.2451
 20
86.2988
 11
11.3057
 21
86.2852
  0
LINE
  8
0
 10
11.3057
 20
86.2852
 11
11.3672
 21
86.2715
  0
LINE
  8
0
 10
11.3672
 20
86.2715
 11
11.4922
 21
86.2441
  0
LINE
  8
0
 10
11.4922
 20
86.2441
 11
11.5566
 21
86.2305
  0
LINE
  8
0
 10
11.5566
 20
86.2305
 11
11.6221
 21
86.2158
  0
LINE
  8
0
 10
11.6221
 20
86.2158
 11
11.6875
 21
86.2021
  0
LINE
  8
0
 10
11.6875
 20
86.2021
 11
11.8223
 21
86.1729
  0
LINE
  8
0
 10
11.8223
 20
86.1729
 11
11.8906
 21
86.1582
  0
LINE
  8
0
 10
11.8906
 20
86.1582
 11
12.0312
 21
86.1289
  0
LINE
  8
0
 10
12.0312
 20
86.1289
 11
12.1035
 21
86.1143
  0
LINE
  8
0
 10
12.1035
 20
86.1143
 11
12.1758
 21
86.0986
  0
LINE
  8
0
 10
12.1758
 20
86.0986
 11
12.249
 21
86.084
  0
LINE
  8
0
 10
12.249
 20
86.084
 11
12.3994
 21
86.0527
  0
LINE
  8
0
 10
12.3994
 20
86.0527
 11
12.5537
 21
86.0215
  0
LINE
  8
0
 10
12.5537
 20
86.0215
 11
12.7119
 21
85.9902
  0
LINE
  8
0
 10
12.7119
 20
85.9902
 11
12.793
 21
85.9736
  0
LINE
  8
0
 10
12.793
 20
85.9736
 11
12.874
 21
85.958
  0
LINE
  8
0
 10
12.874
 20
85.958
 11
12.957
 21
85.9414
  0
LINE
  8
0
 10
12.957
 20
85.9414
 11
13.041
 21
85.9248
  0
LINE
  8
0
 10
13.041
 20
85.9248
 11
13.126
 21
85.9082
  0
LINE
  8
0
 10
13.126
 20
85.9082
 11
13.2119
 21
85.8916
  0
LINE
  8
0
 10
13.2119
 20
85.8916
 11
13.2988
 21
85.875
  0
LINE
  8
0
 10
13.2988
 20
85.875
 11
13.3867
 21
85.8574
  0
LINE
  8
0
 10
13.3867
 20
85.8574
 11
13.4756
 21
85.8408
  0
LINE
  8
0
 10
13.4756
 20
85.8408
 11
13.5654
 21
85.8232
  0
LINE
  8
0
 10
13.5654
 20
85.8232
 11
13.749
 21
85.7881
  0
LINE
  8
0
 10
13.749
 20
85.7881
 11
13.8428
 21
85.7705
  0
LINE
  8
0
 10
13.8428
 20
85.7705
 11
13.9375
 21
85.7529
  0
LINE
  8
0
 10
13.9375
 20
85.7529
 11
14.0332
 21
85.7354
  0
LINE
  8
0
 10
14.0332
 20
85.7354
 11
14.1299
 21
85.7168
  0
LINE
  8
0
 10
14.1299
 20
85.7168
 11
14.2275
 21
85.6992
  0
LINE
  8
0
 10
14.2275
 20
85.6992
 11
14.4268
 21
85.6621
  0
LINE
  8
0
 10
14.4268
 20
85.6621
 11
14.5283
 21
85.6436
  0
LINE
  8
0
 10
14.5283
 20
85.6436
 11
14.6309
 21
85.625
  0
LINE
  8
0
 10
14.6309
 20
85.625
 11
14.7344
 21
85.6064
  0
LINE
  8
0
 10
14.7344
 20
85.6064
 11
14.8389
 21
85.5869
  0
LINE
  8
0
 10
14.8389
 20
85.5869
 11
14.9453
 21
85.5684
  0
LINE
  8
0
 10
14.9453
 20
85.5684
 11
15.0518
 21
85.5488
  0
LINE
  8
0
 10
15.0518
 20
85.5488
 11
15.1602
 21
85.5293
  0
LINE
  8
0
 10
15.1602
 20
85.5293
 11
15.2695
 21
85.5098
  0
LINE
  8
0
 10
15.2695
 20
85.5098
 11
15.4922
 21
85.4707
  0
LINE
  8
0
 10
15.4922
 20
85.4707
 11
15.6055
 21
85.4502
  0
LINE
  8
0
 10
15.6055
 20
85.4502
 11
15.7197
 21
85.4307
  0
LINE
  8
0
 10
15.7197
 20
85.4307
 11
15.9521
 21
85.3896
  0
LINE
  8
0
 10
15.9521
 20
85.3896
 11
16.0703
 21
85.3691
  0
LINE
  8
0
 10
16.0703
 20
85.3691
 11
16.1895
 21
85.3486
  0
LINE
  8
0
 10
16.1895
 20
85.3486
 11
16.3105
 21
85.3271
  0
LINE
  8
0
 10
16.3105
 20
85.3271
 11
16.4316
 21
85.3066
  0
LINE
  8
0
 10
16.4316
 20
85.3066
 11
16.5547
 21
85.2852
  0
LINE
  8
0
 10
16.5547
 20
85.2852
 11
16.6797
 21
85.2646
  0
LINE
  8
0
 10
16.6797
 20
85.2646
 11
16.8047
 21
85.2432
  0
LINE
  8
0
 10
16.8047
 20
85.2432
 11
16.9316
 21
85.2217
  0
LINE
  8
0
 10
16.9316
 20
85.2217
 11
17.0596
 21
85.1992
  0
LINE
  8
0
 10
17.0596
 20
85.1992
 11
17.1895
 21
85.1777
  0
LINE
  8
0
 10
17.1895
 20
85.1777
 11
17.3203
 21
85.1553
  0
LINE
  8
0
 10
17.3203
 20
85.1553
 11
17.4521
 21
85.1338
  0
LINE
  8
0
 10
17.4521
 20
85.1338
 11
17.585
 21
85.1113
  0
LINE
  8
0
 10
17.585
 20
85.1113
 11
17.7197
 21
85.0889
  0
LINE
  8
0
 10
17.7197
 20
85.0889
 11
17.8564
 21
85.0664
  0
LINE
  8
0
 10
17.8564
 20
85.0664
 11
17.9932
 21
85.043
  0
LINE
  8
0
 10
17.9932
 20
85.043
 11
18.1318
 21
85.0205
  0
LINE
  8
0
 10
18.1318
 20
85.0205
 11
18.2715
 21
84.9971
  0
LINE
  8
0
 10
18.2715
 20
84.9971
 11
18.4131
 21
84.9746
  0
LINE
  8
0
 10
18.4131
 20
84.9746
 11
18.5557
 21
84.9512
  0
LINE
  8
0
 10
18.5557
 20
84.9512
 11
18.7002
 21
84.9277
  0
LINE
  8
0
 10
18.7002
 20
84.9277
 11
18.8457
 21
84.9033
  0
LINE
  8
0
 10
18.8457
 20
84.9033
 11
18.9922
 21
84.8799
  0
LINE
  8
0
 10
18.9922
 20
84.8799
 11
19.1406
 21
84.8555
  0
LINE
  8
0
 10
19.1406
 20
84.8555
 11
19.29
 21
84.832
  0
LINE
  8
0
 10
19.29
 20
84.832
 11
19.4414
 21
84.8076
  0
LINE
  8
0
 10
19.4414
 20
84.8076
 11
19.5938
 21
84.7832
  0
LINE
  8
0
 10
19.5938
 20
84.7832
 11
19.7471
 21
84.7578
  0
LINE
  8
0
 10
19.7471
 20
84.7578
 11
19.9023
 21
84.7334
  0
LINE
  8
0
 10
19.9023
 20
84.7334
 11
20.0586
 21
84.709
  0
LINE
  8
0
 10
20.0586
 20
84.709
 11
20.2168
 21
84.6836
  0
LINE
  8
0
 10
20.2168
 20
84.6836
 11
20.376
 21
84.6582
  0
LINE
  8
0
 10
20.376
 20
84.6582
 11
20.5371
 21
84.6328
  0
LINE
  8
0
 10
20.5371
 20
84.6328
 11
20.6992
 21
84.6074
  0
LINE
  8
0
 10
20.6992
 20
84.6074
 11
20.8633
 21
84.5811
  0
LINE
  8
0
 10
20.8633
 20
84.5811
 11
21.0283
 21
84.5557
  0
LINE
  8
0
 10
21.0283
 20
84.5557
 11
21.1953
 21
84.5293
  0
LINE
  8
0
 10
21.1953
 20
84.5293
 11
21.3066
 21
84.5127
  0
LINE
  8
0
 10
21.3066
 20
84.5127
 11
21.416
 21
84.4951
  0
LINE
  8
0
 10
21.416
 20
84.4951
 11
21.5244
 21
84.4795
  0
LINE
  8
0
 10
21.5244
 20
84.4795
 11
21.6318
 21
84.4629
  0
LINE
  8
0
 10
21.6318
 20
84.4629
 11
21.7383
 21
84.4473
  0
LINE
  8
0
 10
21.7383
 20
84.4473
 11
21.8428
 21
84.4326
  0
LINE
  8
0
 10
21.8428
 20
84.4326
 11
21.9473
 21
84.417
  0
LINE
  8
0
 10
21.9473
 20
84.417
 11
22.0498
 21
84.4033
  0
LINE
  8
0
 10
22.0498
 20
84.4033
 11
22.1514
 21
84.3887
  0
LINE
  8
0
 10
22.1514
 20
84.3887
 11
22.251
 21
84.375
  0
LINE
  8
0
 10
22.251
 20
84.375
 11
22.3506
 21
84.3623
  0
LINE
  8
0
 10
22.3506
 20
84.3623
 11
22.4482
 21
84.3486
  0
LINE
  8
0
 10
22.4482
 20
84.3486
 11
22.5449
 21
84.3369
  0
LINE
  8
0
 10
22.5449
 20
84.3369
 11
22.6406
 21
84.3242
  0
LINE
  8
0
 10
22.6406
 20
84.3242
 11
22.7354
 21
84.3125
  0
LINE
  8
0
 10
22.7354
 20
84.3125
 11
22.8291
 21
84.3008
  0
LINE
  8
0
 10
22.8291
 20
84.3008
 11
22.9219
 21
84.29
  0
LINE
  8
0
 10
22.9219
 20
84.29
 11
23.1035
 21
84.2686
  0
LINE
  8
0
 10
23.1035
 20
84.2686
 11
23.1924
 21
84.2588
  0
LINE
  8
0
 10
23.1924
 20
84.2588
 11
23.2803
 21
84.249
  0
LINE
  8
0
 10
23.2803
 20
84.249
 11
23.3672
 21
84.2393
  0
LINE
  8
0
 10
23.3672
 20
84.2393
 11
23.4531
 21
84.2295
  0
LINE
  8
0
 10
23.4531
 20
84.2295
 11
23.5381
 21
84.2207
  0
LINE
  8
0
 10
23.5381
 20
84.2207
 11
23.6221
 21
84.2129
  0
LINE
  8
0
 10
23.6221
 20
84.2129
 11
23.7051
 21
84.2041
  0
LINE
  8
0
 10
23.7051
 20
84.2041
 11
23.7871
 21
84.1963
  0
LINE
  8
0
 10
23.7871
 20
84.1963
 11
23.8682
 21
84.1885
  0
LINE
  8
0
 10
23.8682
 20
84.1885
 11
23.9482
 21
84.1816
  0
LINE
  8
0
 10
23.9482
 20
84.1816
 11
24.0273
 21
84.1748
  0
LINE
  8
0
 10
24.0273
 20
84.1748
 11
24.1055
 21
84.168
  0
LINE
  8
0
 10
24.1055
 20
84.168
 11
24.1816
 21
84.1611
  0
LINE
  8
0
 10
24.1816
 20
84.1611
 11
24.2578
 21
84.1553
  0
LINE
  8
0
 10
24.2578
 20
84.1553
 11
24.333
 21
84.1494
  0
LINE
  8
0
 10
24.333
 20
84.1494
 11
24.4072
 21
84.1436
  0
LINE
  8
0
 10
24.4072
 20
84.1436
 11
24.4805
 21
84.1377
  0
LINE
  8
0
 10
24.4805
 20
84.1377
 11
24.5527
 21
84.1328
  0
LINE
  8
0
 10
24.5527
 20
84.1328
 11
24.624
 21
84.1279
  0
LINE
  8
0
 10
24.624
 20
84.1279
 11
24.6943
 21
84.123
  0
LINE
  8
0
 10
24.6943
 20
84.123
 11
24.7646
 21
84.1191
  0
LINE
  8
0
 10
24.7646
 20
84.1191
 11
24.833
 21
84.1152
  0
LINE
  8
0
 10
24.833
 20
84.1152
 11
24.9678
 21
84.1074
  0
LINE
  8
0
 10
24.9678
 20
84.1074
 11
25.0332
 21
84.1035
  0
LINE
  8
0
 10
25.0332
 20
84.1035
 11
25.0986
 21
84.1006
  0
LINE
  8
0
 10
25.0986
 20
84.1006
 11
25.1631
 21
84.0977
  0
LINE
  8
0
 10
25.1631
 20
84.0977
 11
25.2266
 21
84.0947
  0
LINE
  8
0
 10
25.2266
 20
84.0947
 11
25.2891
 21
84.0918
  0
LINE
  8
0
 10
25.2891
 20
84.0918
 11
25.4121
 21
84.0879
  0
LINE
  8
0
 10
25.4121
 20
84.0879
 11
25.5898
 21
84.082
  0
LINE
  8
0
 10
25.5898
 20
84.082
 11
25.6484
 21
84.0811
  0
LINE
  8
0
 10
25.6484
 20
84.0811
 11
25.7617
 21
84.0791
  0
LINE
  8
0
 10
25.7617
 20
84.0791
 11
25.9258
 21
84.0762
  0
LINE
  8
0
 10
25.9258
 20
84.0762
 11
26.1846
 21
84.0762
  0
LINE
  8
0
 10
26.1846
 20
84.0762
 11
26.2344
 21
84.0771
  0
LINE
  8
0
 10
26.2344
 20
84.0771
 11
26.2832
 21
84.0771
  0
LINE
  8
0
 10
26.2832
 20
84.0771
 11
26.332
 21
84.0781
  0
LINE
  8
0
 10
26.332
 20
84.0781
 11
26.3799
 21
84.0781
  0
LINE
  8
0
 10
26.3799
 20
84.0781
 11
26.5195
 21
84.0811
  0
LINE
  8
0
 10
26.5195
 20
84.0811
 11
26.5645
 21
84.083
  0
LINE
  8
0
 10
26.5645
 20
84.083
 11
26.6523
 21
84.085
  0
LINE
  8
0
 10
26.6523
 20
84.085
 11
26.6963
 21
84.0869
  0
LINE
  8
0
 10
26.6963
 20
84.0869
 11
26.7383
 21
84.0889
  0
LINE
  8
0
 10
26.7383
 20
84.0889
 11
26.7812
 21
84.0898
  0
LINE
  8
0
 10
26.7812
 20
84.0898
 11
26.8633
 21
84.0938
  0
LINE
  8
0
 10
26.8633
 20
84.0938
 11
26.9434
 21
84.0977
  0
LINE
  8
0
 10
26.9434
 20
84.0977
 11
27.0215
 21
84.1016
  0
LINE
  8
0
 10
27.0215
 20
84.1016
 11
27.0596
 21
84.1035
  0
LINE
  8
0
 10
27.0596
 20
84.1035
 11
27.0977
 21
84.1064
  0
LINE
  8
0
 10
27.0977
 20
84.1064
 11
27.1719
 21
84.1104
  0
LINE
  8
0
 10
27.1719
 20
84.1104
 11
27.208
 21
84.1133
  0
LINE
  8
0
 10
27.208
 20
84.1133
 11
27.2432
 21
84.1152
  0
LINE
  8
0
 10
27.2432
 20
84.1152
 11
27.2783
 21
84.1182
  0
LINE
  8
0
 10
27.2783
 20
84.1182
 11
27.3135
 21
84.1201
  0
LINE
  8
0
 10
27.3135
 20
84.1201
 11
27.3477
 21
84.123
  0
LINE
  8
0
 10
27.3477
 20
84.123
 11
27.3818
 21
84.125
  0
LINE
  8
0
 10
27.3818
 20
84.125
 11
27.415
 21
84.1279
  0
LINE
  8
0
 10
27.415
 20
84.1279
 11
27.4482
 21
84.1299
  0
LINE
  8
0
 10
27.4482
 20
84.1299
 11
27.4805
 21
84.1328
  0
LINE
  8
0
 10
27.4805
 20
84.1328
 11
27.5127
 21
84.1348
  0
LINE
  8
0
 10
27.5127
 20
84.1348
 11
27.5439
 21
84.1377
  0
LINE
  8
0
 10
27.5439
 20
84.1377
 11
27.5752
 21
84.1396
  0
LINE
  8
0
 10
27.5752
 20
84.1396
 11
27.6064
 21
84.1426
  0
LINE
  8
0
 10
27.6064
 20
84.1426
 11
27.6367
 21
84.1445
  0
LINE
  8
0
 10
27.6367
 20
84.1445
 11
27.667
 21
84.1475
  0
LINE
  8
0
 10
27.667
 20
84.1475
 11
27.6963
 21
84.1494
  0
LINE
  8
0
 10
27.6963
 20
84.1494
 11
27.7256
 21
84.1523
  0
LINE
  8
0
 10
27.7256
 20
84.1523
 11
27.7842
 21
84.1562
  0
LINE
  8
0
 10
27.7842
 20
84.1562
 11
27.8125
 21
84.1592
  0
LINE
  8
0
 10
27.8125
 20
84.1592
 11
27.8398
 21
84.1611
  0
LINE
  8
0
 10
27.8398
 20
84.1611
 11
27.8682
 21
84.1631
  0
LINE
  8
0
 10
27.8682
 20
84.1631
 11
27.9229
 21
84.167
  0
LINE
  8
0
 10
27.9229
 20
84.167
 11
28.0283
 21
84.1748
  0
LINE
  8
0
 10
28.0283
 20
84.1748
 11
28.0537
 21
84.1758
  0
LINE
  8
0
 10
28.0537
 20
84.1758
 11
28.0791
 21
84.1777
  0
LINE
  8
0
 10
28.0791
 20
84.1777
 11
28.1045
 21
84.1787
  0
LINE
  8
0
 10
28.1045
 20
84.1787
 11
28.1289
 21
84.1807
  0
LINE
  8
0
 10
28.1289
 20
84.1807
 11
28.1543
 21
84.1816
  0
LINE
  8
0
 10
28.1543
 20
84.1816
 11
28.251
 21
84.1855
  0
LINE
  8
0
 10
28.251
 20
84.1855
 11
28.2744
 21
84.1865
  0
LINE
  8
0
 10
28.2744
 20
84.1865
 11
28.2979
 21
84.1865
  0
LINE
  8
0
 10
28.2979
 20
84.1865
 11
28.3213
 21
84.1875
  0
LINE
  8
0
 10
28.3213
 20
84.1875
 11
28.4365
 21
84.1875
  0
LINE
  8
0
 10
28.4365
 20
84.1875
 11
28.4814
 21
84.1855
  0
LINE
  8
0
 10
28.4814
 20
84.1855
 11
28.5039
 21
84.1855
  0
LINE
  8
0
 10
28.5039
 20
84.1855
 11
28.5264
 21
84.1846
  0
LINE
  8
0
 10
28.5264
 20
84.1846
 11
28.5479
 21
84.1826
  0
LINE
  8
0
 10
28.5479
 20
84.1826
 11
28.5928
 21
84.1807
  0
LINE
  8
0
 10
28.5928
 20
84.1807
 11
28.6143
 21
84.1787
  0
LINE
  8
0
 10
28.6143
 20
84.1787
 11
28.6367
 21
84.1768
  0
LINE
  8
0
 10
28.6367
 20
84.1768
 11
28.6582
 21
84.1748
  0
LINE
  8
0
 10
28.6582
 20
84.1748
 11
28.6797
 21
84.1719
  0
LINE
  8
0
 10
28.6797
 20
84.1719
 11
28.7021
 21
84.1699
  0
LINE
  8
0
 10
28.7021
 20
84.1699
 11
28.7236
 21
84.167
  0
LINE
  8
0
 10
28.7236
 20
84.167
 11
28.7461
 21
84.1641
  0
LINE
  8
0
 10
28.7461
 20
84.1641
 11
28.7891
 21
84.1582
  0
LINE
  8
0
 10
28.7891
 20
84.1582
 11
28.8115
 21
84.1543
  0
LINE
  8
0
 10
28.8115
 20
84.1543
 11
28.8545
 21
84.1465
  0
LINE
  8
0
 10
28.8545
 20
84.1465
 11
28.877
 21
84.1416
  0
LINE
  8
0
 10
28.877
 20
84.1416
 11
28.8984
 21
84.1377
  0
LINE
  8
0
 10
28.8984
 20
84.1377
 11
28.9434
 21
84.1279
  0
LINE
  8
0
 10
28.9434
 20
84.1279
 11
28.9648
 21
84.1221
  0
LINE
  8
0
 10
28.9648
 20
84.1221
 11
28.9873
 21
84.1172
  0
LINE
  8
0
 10
28.9873
 20
84.1172
 11
29.0098
 21
84.1113
  0
LINE
  8
0
 10
29.0098
 20
84.1113
 11
29.0322
 21
84.1045
  0
LINE
  8
0
 10
29.0322
 20
84.1045
 11
29.0547
 21
84.0986
  0
LINE
  8
0
 10
29.0547
 20
84.0986
 11
29.0781
 21
84.0918
  0
LINE
  8
0
 10
29.0781
 20
84.0918
 11
29.1006
 21
84.085
  0
LINE
  8
0
 10
29.1006
 20
84.085
 11
29.124
 21
84.0781
  0
LINE
  8
0
 10
29.124
 20
84.0781
 11
29.1465
 21
84.0703
  0
LINE
  8
0
 10
29.1465
 20
84.0703
 11
29.1934
 21
84.0547
  0
LINE
  8
0
 10
29.1934
 20
84.0547
 11
29.2168
 21
84.0459
  0
LINE
  8
0
 10
29.2168
 20
84.0459
 11
29.2412
 21
84.0371
  0
LINE
  8
0
 10
29.2412
 20
84.0371
 11
29.2646
 21
84.0283
  0
LINE
  8
0
 10
29.2646
 20
84.0283
 11
29.3379
 21
83.999
  0
LINE
  8
0
 10
29.3379
 20
83.999
 11
29.3623
 21
83.9883
  0
LINE
  8
0
 10
29.3623
 20
83.9883
 11
29.3877
 21
83.9785
  0
LINE
  8
0
 10
29.3877
 20
83.9785
 11
29.4131
 21
83.9668
  0
LINE
  8
0
 10
29.4131
 20
83.9668
 11
29.4385
 21
83.9561
  0
LINE
  8
0
 10
29.4385
 20
83.9561
 11
29.4639
 21
83.9443
  0
LINE
  8
0
 10
29.4639
 20
83.9443
 11
29.4902
 21
83.9316
  0
LINE
  8
0
 10
29.4902
 20
83.9316
 11
29.5166
 21
83.9199
  0
LINE
  8
0
 10
29.5166
 20
83.9199
 11
29.543
 21
83.9062
  0
LINE
  8
0
 10
29.543
 20
83.9062
 11
29.5703
 21
83.8936
  0
LINE
  8
0
 10
29.5703
 20
83.8936
 11
29.625
 21
83.8662
  0
LINE
  8
0
 10
29.625
 20
83.8662
 11
29.6523
 21
83.8516
  0
LINE
  8
0
 10
29.6523
 20
83.8516
 11
29.709
 21
83.8223
  0
LINE
  8
0
 10
29.709
 20
83.8223
 11
29.7383
 21
83.8066
  0
LINE
  8
0
 10
29.7383
 20
83.8066
 11
29.7666
 21
83.791
  0
LINE
  8
0
 10
29.7666
 20
83.791
 11
29.7969
 21
83.7744
  0
LINE
  8
0
 10
29.7969
 20
83.7744
 11
29.8262
 21
83.7578
  0
LINE
  8
0
 10
29.8262
 20
83.7578
 11
29.8564
 21
83.7412
  0
LINE
  8
0
 10
29.8564
 20
83.7412
 11
29.8867
 21
83.7236
  0
LINE
  8
0
 10
29.8867
 20
83.7236
 11
29.918
 21
83.7061
  0
LINE
  8
0
 10
29.918
 20
83.7061
 11
29.9492
 21
83.6875
  0
LINE
  8
0
 10
29.9492
 20
83.6875
 11
29.9814
 21
83.6689
  0
LINE
  8
0
 10
29.9814
 20
83.6689
 11
30.0459
 21
83.6299
  0
LINE
  8
0
 10
30.0459
 20
83.6299
 11
30.1123
 21
83.5889
  0
LINE
  8
0
 10
30.1123
 20
83.5889
 11
30.1465
 21
83.5684
  0
LINE
  8
0
 10
30.1465
 20
83.5684
 11
30.1807
 21
83.5469
  0
LINE
  8
0
 10
30.1807
 20
83.5469
 11
30.2158
 21
83.5254
  0
LINE
  8
0
 10
30.2158
 20
83.5254
 11
30.251
 21
83.5029
  0
LINE
  8
0
 10
30.251
 20
83.5029
 11
30.2871
 21
83.4805
  0
LINE
  8
0
 10
30.2871
 20
83.4805
 11
30.3232
 21
83.457
  0
LINE
  8
0
 10
30.3232
 20
83.457
 11
30.3604
 21
83.4326
  0
LINE
  8
0
 10
30.3604
 20
83.4326
 11
30.3975
 21
83.4092
  0
LINE
  8
0
 10
30.3975
 20
83.4092
 11
30.4355
 21
83.3838
  0
LINE
  8
0
 10
30.4355
 20
83.3838
 11
30.4736
 21
83.3594
  0
LINE
  8
0
 10
30.4736
 20
83.3594
 11
30.5127
 21
83.333
  0
LINE
  8
0
 10
30.5127
 20
83.333
 11
30.5518
 21
83.3076
  0
LINE
  8
0
 10
30.5518
 20
83.3076
 11
30.5918
 21
83.2803
  0
LINE
  8
0
 10
30.5918
 20
83.2803
 11
30.6738
 21
83.2256
  0
LINE
  8
0
 10
30.6738
 20
83.2256
 11
30.7148
 21
83.1973
  0
LINE
  8
0
 10
30.7148
 20
83.1973
 11
30.7578
 21
83.1689
  0
LINE
  8
0
 10
30.7578
 20
83.1689
 11
30.8008
 21
83.1396
  0
LINE
  8
0
 10
30.8008
 20
83.1396
 11
30.8438
 21
83.1094
  0
LINE
  8
0
 10
30.8438
 20
83.1094
 11
30.8877
 21
83.0791
  0
LINE
  8
0
 10
30.8877
 20
83.0791
 11
30.9326
 21
83.0488
  0
LINE
  8
0
 10
30.9326
 20
83.0488
 11
30.9775
 21
83.0176
  0
LINE
  8
0
 10
30.9775
 20
83.0176
 11
31.0234
 21
82.9854
  0
LINE
  8
0
 10
31.0234
 20
82.9854
 11
31.0703
 21
82.9531
  0
LINE
  8
0
 10
31.0703
 20
82.9531
 11
31.166
 21
82.8867
  0
LINE
  8
0
 10
31.166
 20
82.8867
 11
31.2139
 21
82.8525
  0
LINE
  8
0
 10
31.2139
 20
82.8525
 11
31.3135
 21
82.7822
  0
LINE
  8
0
 10
31.3135
 20
82.7822
 11
31.415
 21
82.71
  0
LINE
  8
0
 10
31.415
 20
82.71
 11
31.4668
 21
82.6729
  0
LINE
  8
0
 10
31.4668
 20
82.6729
 11
31.5195
 21
82.6357
  0
LINE
  8
0
 10
31.5195
 20
82.6357
 11
31.5732
 21
82.5977
  0
LINE
  8
0
 10
31.5732
 20
82.5977
 11
31.6826
 21
82.5195
  0
LINE
  8
0
 10
31.6826
 20
82.5195
 11
31.7383
 21
82.4795
  0
LINE
  8
0
 10
31.7383
 20
82.4795
 11
31.8516
 21
82.3975
  0
LINE
  8
0
 10
31.8516
 20
82.3975
 11
31.9688
 21
82.3135
  0
LINE
  8
0
 10
31.9688
 20
82.3135
 11
32.0283
 21
82.2695
  0
LINE
  8
0
 10
32.0283
 20
82.2695
 11
32.0889
 21
82.2266
  0
LINE
  8
0
 10
32.0889
 20
82.2266
 11
32.2119
 21
82.1367
  0
LINE
  8
0
 10
32.2119
 20
82.1367
 11
32.2744
 21
82.0908
  0
LINE
  8
0
 10
32.2744
 20
82.0908
 11
32.3389
 21
82.0449
  0
LINE
  8
0
 10
32.3389
 20
82.0449
 11
32.4033
 21
81.998
  0
LINE
  8
0
 10
32.4033
 20
81.998
 11
32.5342
 21
81.9023
  0
LINE
  8
0
 10
32.5342
 20
81.9023
 11
32.6016
 21
81.8535
  0
LINE
  8
0
 10
32.6016
 20
81.8535
 11
32.6699
 21
81.8037
  0
LINE
  8
0
 10
32.6699
 20
81.8037
 11
32.7383
 21
81.7529
  0
LINE
  8
0
 10
32.7383
 20
81.7529
 11
32.8086
 21
81.7021
  0
LINE
  8
0
 10
32.8086
 20
81.7021
 11
32.8789
 21
81.6504
  0
LINE
  8
0
 10
32.8789
 20
81.6504
 11
32.9502
 21
81.5986
  0
LINE
  8
0
 10
32.9502
 20
81.5986
 11
33.0234
 21
81.5459
  0
LINE
  8
0
 10
33.0234
 20
81.5459
 11
33.0967
 21
81.4922
  0
LINE
  8
0
 10
33.0967
 20
81.4922
 11
33.1709
 21
81.4375
  0
LINE
  8
0
 10
33.1709
 20
81.4375
 11
33.2461
 21
81.3818
  0
LINE
  8
0
 10
33.2461
 20
81.3818
 11
33.3223
 21
81.3262
  0
LINE
  8
0
 10
33.3223
 20
81.3262
 11
33.3613
 21
81.2969
  0
LINE
  8
0
 10
33.3613
 20
81.2969
 11
33.3799
 21
81.2812
  0
LINE
  8
0
 10
33.3799
 20
81.2812
 11
33.3994
 21
81.2646
  0
LINE
  8
0
 10
33.3994
 20
81.2646
 11
33.418
 21
81.248
  0
LINE
  8
0
 10
33.418
 20
81.248
 11
33.4375
 21
81.2305
  0
LINE
  8
0
 10
33.4375
 20
81.2305
 11
33.4561
 21
81.2129
  0
LINE
  8
0
 10
33.4561
 20
81.2129
 11
33.4746
 21
81.1943
  0
LINE
  8
0
 10
33.4746
 20
81.1943
 11
33.5117
 21
81.1553
  0
LINE
  8
0
 10
33.5117
 20
81.1553
 11
33.5303
 21
81.1348
  0
LINE
  8
0
 10
33.5303
 20
81.1348
 11
33.5674
 21
81.0918
  0
LINE
  8
0
 10
33.5674
 20
81.0918
 11
33.585
 21
81.0703
  0
LINE
  8
0
 10
33.585
 20
81.0703
 11
33.6035
 21
81.0479
  0
LINE
  8
0
 10
33.6035
 20
81.0479
 11
33.6211
 21
81.0244
  0
LINE
  8
0
 10
33.6211
 20
81.0244
 11
33.6396
 21
81
  0
LINE
  8
0
 10
33.6396
 20
81
 11
33.6572
 21
80.9766
  0
LINE
  8
0
 10
33.6572
 20
80.9766
 11
33.6748
 21
80.9512
  0
LINE
  8
0
 10
33.6748
 20
80.9512
 11
33.6934
 21
80.9258
  0
LINE
  8
0
 10
33.6934
 20
80.9258
 11
33.7109
 21
80.9004
  0
LINE
  8
0
 10
33.7109
 20
80.9004
 11
33.7285
 21
80.874
  0
LINE
  8
0
 10
33.7285
 20
80.874
 11
33.7461
 21
80.8467
  0
LINE
  8
0
 10
33.7461
 20
80.8467
 11
33.7627
 21
80.8193
  0
LINE
  8
0
 10
33.7627
 20
80.8193
 11
33.7979
 21
80.7627
  0
LINE
  8
0
 10
33.7979
 20
80.7627
 11
33.8145
 21
80.7334
  0
LINE
  8
0
 10
33.8145
 20
80.7334
 11
33.832
 21
80.7041
  0
LINE
  8
0
 10
33.832
 20
80.7041
 11
33.8486
 21
80.6738
  0
LINE
  8
0
 10
33.8486
 20
80.6738
 11
33.8662
 21
80.6426
  0
LINE
  8
0
 10
33.8662
 20
80.6426
 11
33.8828
 21
80.6123
  0
LINE
  8
0
 10
33.8828
 20
80.6123
 11
33.9326
 21
80.5156
  0
LINE
  8
0
 10
33.9326
 20
80.5156
 11
33.9492
 21
80.4824
  0
LINE
  8
0
 10
33.9492
 20
80.4824
 11
33.9658
 21
80.4482
  0
LINE
  8
0
 10
33.9658
 20
80.4482
 11
33.9824
 21
80.415
  0
LINE
  8
0
 10
33.9824
 20
80.415
 11
33.998
 21
80.3799
  0
LINE
  8
0
 10
33.998
 20
80.3799
 11
34.0312
 21
80.3096
  0
LINE
  8
0
 10
34.0312
 20
80.3096
 11
34.0625
 21
80.2373
  0
LINE
  8
0
 10
34.0625
 20
80.2373
 11
34.0791
 21
80.2002
  0
LINE
  8
0
 10
34.0791
 20
80.2002
 11
34.0947
 21
80.1621
  0
LINE
  8
0
 10
34.0947
 20
80.1621
 11
34.1104
 21
80.125
  0
LINE
  8
0
 10
34.1104
 20
80.125
 11
34.126
 21
80.0859
  0
LINE
  8
0
 10
34.126
 20
80.0859
 11
34.1416
 21
80.0479
  0
LINE
  8
0
 10
34.1416
 20
80.0479
 11
34.1572
 21
80.0088
  0
LINE
  8
0
 10
34.1572
 20
80.0088
 11
34.1729
 21
79.9688
  0
LINE
  8
0
 10
34.1729
 20
79.9688
 11
34.1875
 21
79.9287
  0
LINE
  8
0
 10
34.1875
 20
79.9287
 11
34.2188
 21
79.8467
  0
LINE
  8
0
 10
34.2188
 20
79.8467
 11
34.2334
 21
79.8057
  0
LINE
  8
0
 10
34.2334
 20
79.8057
 11
34.249
 21
79.7637
  0
LINE
  8
0
 10
34.249
 20
79.7637
 11
34.2637
 21
79.7217
  0
LINE
  8
0
 10
34.2637
 20
79.7217
 11
34.293
 21
79.6357
  0
LINE
  8
0
 10
34.293
 20
79.6357
 11
34.3086
 21
79.5928
  0
LINE
  8
0
 10
34.3086
 20
79.5928
 11
34.3232
 21
79.5488
  0
LINE
  8
0
 10
34.3232
 20
79.5488
 11
34.3379
 21
79.5039
  0
LINE
  8
0
 10
34.3379
 20
79.5039
 11
34.3516
 21
79.459
  0
LINE
  8
0
 10
34.3516
 20
79.459
 11
34.3809
 21
79.3691
  0
LINE
  8
0
 10
34.3809
 20
79.3691
 11
34.3955
 21
79.3232
  0
LINE
  8
0
 10
34.3955
 20
79.3232
 11
34.4092
 21
79.2764
  0
LINE
  8
0
 10
34.4092
 20
79.2764
 11
34.4238
 21
79.2295
  0
LINE
  8
0
 10
34.4238
 20
79.2295
 11
34.4375
 21
79.1826
  0
LINE
  8
0
 10
34.4375
 20
79.1826
 11
34.4521
 21
79.1357
  0
LINE
  8
0
 10
34.4521
 20
79.1357
 11
34.4658
 21
79.0879
  0
LINE
  8
0
 10
34.4658
 20
79.0879
 11
34.5205
 21
78.8926
  0
LINE
  8
0
 10
34.5205
 20
78.8926
 11
34.5479
 21
78.793
  0
LINE
  8
0
 10
34.5479
 20
78.793
 11
34.5752
 21
78.6914
  0
LINE
  8
0
 10
34.5752
 20
78.6914
 11
34.5879
 21
78.6406
  0
LINE
  8
0
 10
34.5879
 20
78.6406
 11
34.6016
 21
78.5889
  0
LINE
  8
0
 10
34.6016
 20
78.5889
 11
34.6143
 21
78.5371
  0
LINE
  8
0
 10
34.6143
 20
78.5371
 11
34.6279
 21
78.4854
  0
LINE
  8
0
 10
34.6279
 20
78.4854
 11
34.666
 21
78.3271
  0
LINE
  8
0
 10
34.666
 20
78.3271
 11
34.6797
 21
78.2734
  0
LINE
  8
0
 10
34.6797
 20
78.2734
 11
34.7051
 21
78.166
  0
LINE
  8
0
 10
34.7051
 20
78.166
 11
34.7178
 21
78.1113
  0
LINE
  8
0
 10
34.7178
 20
78.1113
 11
34.7295
 21
78.0566
  0
LINE
  8
0
 10
34.7295
 20
78.0566
 11
34.7549
 21
77.9473
  0
LINE
  8
0
 10
34.7549
 20
77.9473
 11
34.7676
 21
77.8916
  0
LINE
  8
0
 10
34.7676
 20
77.8916
 11
34.7793
 21
77.8359
  0
LINE
  8
0
 10
34.7793
 20
77.8359
 11
34.792
 21
77.7793
  0
LINE
  8
0
 10
34.792
 20
77.7793
 11
34.8154
 21
77.666
  0
LINE
  8
0
 10
34.8154
 20
77.666
 11
34.8281
 21
77.6094
  0
LINE
  8
0
 10
34.8281
 20
77.6094
 11
34.875
 21
77.3789
  0
LINE
  8
0
 10
34.875
 20
77.3789
 11
34.9102
 21
77.2031
  0
LINE
  8
0
 10
34.9102
 20
77.2031
 11
34.9209
 21
77.1436
  0
LINE
  8
0
 10
34.9209
 20
77.1436
 11
34.9443
 21
77.0244
  0
LINE
  8
0
 10
34.9443
 20
77.0244
 11
34.9551
 21
76.9648
  0
LINE
  8
0
 10
34.9551
 20
76.9648
 11
34.9668
 21
76.9053
  0
LINE
  8
0
 10
34.9668
 20
76.9053
 11
34.9775
 21
76.8447
  0
LINE
  8
0
 10
34.9775
 20
76.8447
 11
34.9893
 21
76.7842
  0
LINE
  8
0
 10
34.9893
 20
76.7842
 11
35
 21
76.7236
  0
LINE
  8
0
 10
35
 20
76.7236
 11
35.0537
 21
76.416
  0
LINE
  8
0
 10
35.0537
 20
76.416
 11
35.0645
 21
76.3535
  0
LINE
  8
0
 10
35.0645
 20
76.3535
 11
35.0752
 21
76.292
  0
LINE
  8
0
 10
35.0752
 20
76.292
 11
35.0859
 21
76.2295
  0
LINE
  8
0
 10
35.0859
 20
76.2295
 11
35.0957
 21
76.166
  0
LINE
  8
0
 10
35.0957
 20
76.166
 11
35.1064
 21
76.1035
  0
LINE
  8
0
 10
35.1064
 20
76.1035
 11
35.1162
 21
76.04
  0
LINE
  8
0
 10
35.1162
 20
76.04
 11
35.127
 21
75.9775
  0
LINE
  8
0
 10
35.127
 20
75.9775
 11
35.1367
 21
75.9141
  0
LINE
  8
0
 10
35.1367
 20
75.9141
 11
35.1475
 21
75.8496
  0
LINE
  8
0
 10
35.1475
 20
75.8496
 11
35.167
 21
75.7227
  0
LINE
  8
0
 10
35.167
 20
75.7227
 11
35.1768
 21
75.6582
  0
LINE
  8
0
 10
35.1768
 20
75.6582
 11
35.1875
 21
75.5938
  0
LINE
  8
0
 10
35.1875
 20
75.5938
 11
35.207
 21
75.4648
  0
LINE
  8
0
 10
35.207
 20
75.4648
 11
35.2168
 21
75.3994
  0
LINE
  8
0
 10
35.2168
 20
75.3994
 11
35.2256
 21
75.335
  0
LINE
  8
0
 10
35.2256
 20
75.335
 11
35.2549
 21
75.1387
  0
LINE
  8
0
 10
35.2549
 20
75.1387
 11
35.2637
 21
75.0732
  0
LINE
  8
0
 10
35.2637
 20
75.0732
 11
35.2734
 21
75.0078
  0
LINE
  8
0
 10
35.2734
 20
75.0078
 11
35.2822
 21
74.9424
  0
LINE
  8
0
 10
35.2822
 20
74.9424
 11
35.292
 21
74.876
  0
LINE
  8
0
 10
35.292
 20
74.876
 11
35.3008
 21
74.8096
  0
LINE
  8
0
 10
35.3008
 20
74.8096
 11
35.3096
 21
74.7441
  0
LINE
  8
0
 10
35.3096
 20
74.7441
 11
35.3193
 21
74.6777
  0
LINE
  8
0
 10
35.3193
 20
74.6777
 11
35.3281
 21
74.6113
  0
LINE
  8
0
 10
35.3281
 20
74.6113
 11
35.3369
 21
74.5439
  0
LINE
  8
0
 10
35.3369
 20
74.5439
 11
35.3545
 21
74.4111
  0
LINE
  8
0
 10
35.3545
 20
74.4111
 11
35.3633
 21
74.3438
  0
LINE
  8
0
 10
35.3633
 20
74.3438
 11
35.3721
 21
74.2773
  0
LINE
  8
0
 10
35.3721
 20
74.2773
 11
35.3809
 21
74.21
  0
LINE
  8
0
 10
35.3809
 20
74.21
 11
35.3887
 21
74.1426
  0
LINE
  8
0
 10
35.3887
 20
74.1426
 11
35.4062
 21
74.0078
  0
LINE
  8
0
 10
35.4062
 20
74.0078
 11
35.4141
 21
73.9404
  0
LINE
  8
0
 10
35.4141
 20
73.9404
 11
35.4229
 21
73.873
  0
LINE
  8
0
 10
35.4229
 20
73.873
 11
35.4307
 21
73.8057
  0
LINE
  8
0
 10
35.4307
 20
73.8057
 11
35.4395
 21
73.7383
  0
LINE
  8
0
 10
35.4395
 20
73.7383
 11
35.4473
 21
73.6699
  0
LINE
  8
0
 10
35.4473
 20
73.6699
 11
35.4561
 21
73.6025
  0
LINE
  8
0
 10
35.4561
 20
73.6025
 11
35.4639
 21
73.5352
  0
LINE
  8
0
 10
35.4639
 20
73.5352
 11
35.4795
 21
73.3984
  0
LINE
  8
0
 10
35.4795
 20
73.3984
 11
35.4873
 21
73.3311
  0
LINE
  8
0
 10
35.4873
 20
73.3311
 11
35.5107
 21
73.126
  0
LINE
  8
0
 10
35.5107
 20
73.126
 11
35.5186
 21
73.0586
  0
LINE
  8
0
 10
35.5186
 20
73.0586
 11
35.5342
 21
72.9219
  0
LINE
  8
0
 10
35.5342
 20
72.9219
 11
35.541
 21
72.8535
  0
LINE
  8
0
 10
35.541
 20
72.8535
 11
35.5566
 21
72.7168
  0
LINE
  8
0
 10
35.5566
 20
72.7168
 11
35.5635
 21
72.6484
  0
LINE
  8
0
 10
35.5635
 20
72.6484
 11
35.5713
 21
72.5801
  0
LINE
  8
0
 10
35.5713
 20
72.5801
 11
35.585
 21
72.4434
  0
LINE
  8
0
 10
35.585
 20
72.4434
 11
35.5928
 21
72.375
  0
LINE
  8
0
 10
35.5928
 20
72.375
 11
35.668
 21
71.623
  0
LINE
  8
0
 10
35.668
 20
71.623
 11
35.6738
 21
71.5557
  0
LINE
  8
0
 10
35.6738
 20
71.5557
 11
35.6807
 21
71.4873
  0
LINE
  8
0
 10
35.6807
 20
71.4873
 11
35.6865
 21
71.4189
  0
LINE
  8
0
 10
35.6865
 20
71.4189
 11
35.6934
 21
71.3506
  0
LINE
  8
0
 10
35.6934
 20
71.3506
 11
35.7002
 21
71.2832
  0
LINE
  8
0
 10
35.7002
 20
71.2832
 11
35.7061
 21
71.2148
  0
LINE
  8
0
 10
35.7061
 20
71.2148
 11
35.7119
 21
71.1475
  0
LINE
  8
0
 10
35.7119
 20
71.1475
 11
35.7188
 21
71.0791
  0
LINE
  8
0
 10
35.7188
 20
71.0791
 11
35.7305
 21
70.9443
  0
LINE
  8
0
 10
35.7305
 20
70.9443
 11
35.7363
 21
70.876
  0
LINE
  8
0
 10
35.7363
 20
70.876
 11
35.7422
 21
70.8086
  0
LINE
  8
0
 10
35.7422
 20
70.8086
 11
35.749
 21
70.7412
  0
LINE
  8
0
 10
35.749
 20
70.7412
 11
35.7607
 21
70.6064
  0
LINE
  8
0
 10
35.7607
 20
70.6064
 11
35.7656
 21
70.5391
  0
LINE
  8
0
 10
35.7656
 20
70.5391
 11
35.7715
 21
70.4727
  0
LINE
  8
0
 10
35.7715
 20
70.4727
 11
35.7832
 21
70.3379
  0
LINE
  8
0
 10
35.7832
 20
70.3379
 11
35.7891
 21
70.2715
  0
LINE
  8
0
 10
35.7891
 20
70.2715
 11
35.7939
 21
70.2051
  0
LINE
  8
0
 10
35.7939
 20
70.2051
 11
35.7998
 21
70.1377
  0
LINE
  8
0
 10
35.7998
 20
70.1377
 11
35.8057
 21
70.0713
  0
LINE
  8
0
 10
35.8057
 20
70.0713
 11
35.8105
 21
70.0049
  0
LINE
  8
0
 10
35.8105
 20
70.0049
 11
35.8164
 21
69.9385
  0
LINE
  8
0
 10
35.8164
 20
69.9385
 11
35.8213
 21
69.873
  0
LINE
  8
0
 10
35.8213
 20
69.873
 11
35.8271
 21
69.8066
  0
LINE
  8
0
 10
35.8271
 20
69.8066
 11
35.832
 21
69.7412
  0
LINE
  8
0
 10
35.832
 20
69.7412
 11
35.8369
 21
69.6748
  0
LINE
  8
0
 10
35.8369
 20
69.6748
 11
35.8428
 21
69.6094
  0
LINE
  8
0
 10
35.8428
 20
69.6094
 11
35.8574
 21
69.4131
  0
LINE
  8
0
 10
35.8574
 20
69.4131
 11
35.8623
 21
69.3486
  0
LINE
  8
0
 10
35.8623
 20
69.3486
 11
35.8672
 21
69.2832
  0
LINE
  8
0
 10
35.8672
 20
69.2832
 11
35.8916
 21
68.9609
  0
LINE
  8
0
 10
35.8916
 20
68.9609
 11
35.8965
 21
68.8975
  0
LINE
  8
0
 10
35.8965
 20
68.8975
 11
35.9004
 21
68.834
  0
LINE
  8
0
 10
35.9004
 20
68.834
 11
35.9102
 21
68.707
  0
LINE
  8
0
 10
35.9102
 20
68.707
 11
35.9141
 21
68.6436
  0
LINE
  8
0
 10
35.9141
 20
68.6436
 11
35.9189
 21
68.5811
  0
LINE
  8
0
 10
35.9189
 20
68.5811
 11
35.9229
 21
68.5176
  0
LINE
  8
0
 10
35.9229
 20
68.5176
 11
35.9277
 21
68.4551
  0
LINE
  8
0
 10
35.9277
 20
68.4551
 11
35.9316
 21
68.3926
  0
LINE
  8
0
 10
35.9316
 20
68.3926
 11
35.9365
 21
68.3311
  0
LINE
  8
0
 10
35.9365
 20
68.3311
 11
35.9404
 21
68.2686
  0
LINE
  8
0
 10
35.9404
 20
68.2686
 11
35.9443
 21
68.207
  0
LINE
  8
0
 10
35.9443
 20
68.207
 11
35.9492
 21
68.1455
  0
LINE
  8
0
 10
35.9492
 20
68.1455
 11
35.957
 21
68.0225
  0
LINE
  8
0
 10
35.957
 20
68.0225
 11
35.9727
 21
67.7803
  0
LINE
  8
0
 10
35.9727
 20
67.7803
 11
35.9883
 21
67.542
  0
LINE
  8
0
 10
35.9883
 20
67.542
 11
35.9922
 21
67.4834
  0
LINE
  8
0
 10
35.9922
 20
67.4834
 11
35.9951
 21
67.4248
  0
LINE
  8
0
 10
35.9951
 20
67.4248
 11
36.0029
 21
67.3076
  0
LINE
  8
0
 10
36.0029
 20
67.3076
 11
36.0068
 21
67.25
  0
LINE
  8
0
 10
36.0068
 20
67.25
 11
36.0098
 21
67.1924
  0
LINE
  8
0
 10
36.0098
 20
67.1924
 11
36.0137
 21
67.1348
  0
LINE
  8
0
 10
36.0137
 20
67.1348
 11
36.0166
 21
67.0771
  0
LINE
  8
0
 10
36.0166
 20
67.0771
 11
36.0205
 21
67.0205
  0
LINE
  8
0
 10
36.0205
 20
67.0205
 11
36.0234
 21
66.9639
  0
LINE
  8
0
 10
36.0234
 20
66.9639
 11
36.0273
 21
66.9082
  0
LINE
  8
0
 10
36.0273
 20
66.9082
 11
36.0303
 21
66.8516
  0
LINE
  8
0
 10
36.0303
 20
66.8516
 11
36.0342
 21
66.7959
  0
LINE
  8
0
 10
36.0342
 20
66.7959
 11
36.0371
 21
66.7412
  0
LINE
  8
0
 10
36.0371
 20
66.7412
 11
36.04
 21
66.6855
  0
LINE
  8
0
 10
36.04
 20
66.6855
 11
36.043
 21
66.6309
  0
LINE
  8
0
 10
36.043
 20
66.6309
 11
36.0469
 21
66.5762
  0
LINE
  8
0
 10
36.0469
 20
66.5762
 11
36.0586
 21
66.3613
  0
LINE
  8
0
 10
36.0586
 20
66.3613
 11
36.0645
 21
66.2559
  0
LINE
  8
0
 10
36.0645
 20
66.2559
 11
36.0674
 21
66.2041
  0
LINE
  8
0
 10
36.0674
 20
66.2041
 11
36.0703
 21
66.1514
  0
LINE
  8
0
 10
36.0703
 20
66.1514
 11
36.0732
 21
66.1006
  0
LINE
  8
0
 10
36.0732
 20
66.1006
 11
36.0762
 21
66.0488
  0
LINE
  8
0
 10
36.0762
 20
66.0488
 11
36.0791
 21
65.998
  0
LINE
  8
0
 10
36.0791
 20
65.998
 11
36.0811
 21
65.9473
  0
LINE
  8
0
 10
36.0811
 20
65.9473
 11
36.0869
 21
65.8477
  0
LINE
  8
0
 10
36.0869
 20
65.8477
 11
36.0889
 21
65.7979
  0
LINE
  8
0
 10
36.0889
 20
65.7979
 11
36.0947
 21
65.7002
  0
LINE
  8
0
 10
36.0947
 20
65.7002
 11
36.0967
 21
65.6514
  0
LINE
  8
0
 10
36.0967
 20
65.6514
 11
36.0996
 21
65.6035
  0
LINE
  8
0
 10
36.0996
 20
65.6035
 11
36.1016
 21
65.5557
  0
LINE
  8
0
 10
36.1016
 20
65.5557
 11
36.1045
 21
65.5088
  0
LINE
  8
0
 10
36.1045
 20
65.5088
 11
36.1064
 21
65.4619
  0
LINE
  8
0
 10
36.1064
 20
65.4619
 11
36.1094
 21
65.415
  0
LINE
  8
0
 10
36.1094
 20
65.415
 11
36.1133
 21
65.3232
  0
LINE
  8
0
 10
36.1133
 20
65.3232
 11
36.1162
 21
65.2783
  0
LINE
  8
0
 10
36.1162
 20
65.2783
 11
36.1201
 21
65.1885
  0
LINE
  8
0
 10
36.1201
 20
65.1885
 11
36.123
 21
65.1445
  0
LINE
  8
0
 10
36.123
 20
65.1445
 11
36.125
 21
65.1006
  0
LINE
  8
0
 10
36.125
 20
65.1006
 11
36.1309
 21
64.9717
  0
LINE
  8
0
 10
36.1309
 20
64.9717
 11
36.1328
 21
64.9297
  0
LINE
  8
0
 10
36.1328
 20
64.9297
 11
36.1348
 21
64.8887
  0
LINE
  8
0
 10
36.1348
 20
64.8887
 11
36.1367
 21
64.8467
  0
LINE
  8
0
 10
36.1367
 20
64.8467
 11
36.1387
 21
64.8066
  0
LINE
  8
0
 10
36.1387
 20
64.8066
 11
36.1406
 21
64.7656
  0
LINE
  8
0
 10
36.1406
 20
64.7656
 11
36.1426
 21
64.7266
  0
LINE
  8
0
 10
36.1426
 20
64.7266
 11
36.1445
 21
64.6865
  0
LINE
  8
0
 10
36.1445
 20
64.6865
 11
36.1465
 21
64.6475
  0
LINE
  8
0
 10
36.1465
 20
64.6475
 11
36.1504
 21
64.5713
  0
LINE
  8
0
 10
36.1504
 20
64.5713
 11
36.1514
 21
64.5332
  0
LINE
  8
0
 10
36.1514
 20
64.5332
 11
36.1553
 21
64.459
  0
LINE
  8
0
 10
36.1553
 20
64.459
 11
36.1572
 21
64.4229
  0
LINE
  8
0
 10
36.1572
 20
64.4229
 11
36.1582
 21
64.3877
  0
LINE
  8
0
 10
36.1582
 20
64.3877
 11
36.1602
 21
64.3516
  0
LINE
  8
0
 10
36.1602
 20
64.3516
 11
36.1621
 21
64.3174
  0
LINE
  8
0
 10
36.1621
 20
64.3174
 11
36.1631
 21
64.2832
  0
LINE
  8
0
 10
36.1631
 20
64.2832
 11
36.165
 21
64.249
  0
LINE
  8
0
 10
36.165
 20
64.249
 11
36.166
 21
64.2158
  0
LINE
  8
0
 10
36.166
 20
64.2158
 11
36.168
 21
64.1826
  0
LINE
  8
0
 10
36.168
 20
64.1826
 11
36.1689
 21
64.1504
  0
LINE
  8
0
 10
36.1689
 20
64.1504
 11
36.1709
 21
64.1182
  0
LINE
  8
0
 10
36.1709
 20
64.1182
 11
36.1719
 21
64.0869
  0
LINE
  8
0
 10
36.1719
 20
64.0869
 11
36.1738
 21
64.0557
  0
LINE
  8
0
 10
36.1738
 20
64.0557
 11
36.1758
 21
63.9961
  0
LINE
  8
0
 10
36.1758
 20
63.9961
 11
36.1777
 21
63.9668
  0
LINE
  8
0
 10
36.1777
 20
63.9668
 11
36.1797
 21
63.9092
  0
LINE
  8
0
 10
36.1797
 20
63.9092
 11
36.1807
 21
63.8818
  0
LINE
  8
0
 10
36.1807
 20
63.8818
 11
36.1826
 21
63.8545
  0
LINE
  8
0
 10
36.1826
 20
63.8545
 11
36.1846
 21
63.8008
  0
LINE
  8
0
 10
36.1846
 20
63.8008
 11
36.1865
 21
63.75
  0
LINE
  8
0
 10
36.1865
 20
63.75
 11
36.1885
 21
63.7256
  0
LINE
  8
0
 10
36.1885
 20
63.7256
 11
36.1914
 21
63.6553
  0
LINE
  8
0
 10
36.1914
 20
63.6553
 11
36.1924
 21
63.6328
  0
LINE
  8
0
 10
36.1924
 20
63.6328
 11
36.1943
 21
63.5898
  0
LINE
  8
0
 10
36.1943
 20
63.5898
 11
36.1963
 21
63.5488
  0
LINE
  8
0
 10
36.1963
 20
63.5488
 11
36.1973
 21
63.5293
  0
LINE
  8
0
 10
36.1973
 20
63.5293
 11
36.1973
 21
63.5107
  0
LINE
  8
0
 10
36.1973
 20
63.5107
 11
36.1982
 21
63.4922
  0
LINE
  8
0
 10
36.1982
 20
63.4922
 11
36.2002
 21
63.457
  0
LINE
  8
0
 10
36.2002
 20
63.457
 11
36.2012
 21
63.4404
  0
LINE
  8
0
 10
36.2012
 20
63.4404
 11
36.2021
 21
63.4248
  0
LINE
  8
0
 10
36.2021
 20
63.4248
 11
36.2021
 21
63.4092
  0
LINE
  8
0
 10
36.2021
 20
63.4092
 11
36.2041
 21
63.3799
  0
LINE
  8
0
 10
36.2041
 20
63.3799
 11
36.2051
 21
63.3662
  0
LINE
  8
0
 10
36.2051
 20
63.3662
 11
36.2051
 21
63.3535
  0
LINE
  8
0
 10
36.2051
 20
63.3535
 11
36.207
 21
63.3301
  0
LINE
  8
0
 10
36.207
 20
63.3301
 11
36.207
 21
63.3184
  0
LINE
  8
0
 10
36.207
 20
63.3184
 11
36.208
 21
63.3076
  0
LINE
  8
0
 10
36.208
 20
63.3076
 11
36.208
 21
63.2979
  0
LINE
  8
0
 10
36.208
 20
63.2979
 11
36.21
 21
63.2803
  0
LINE
  8
0
 10
36.21
 20
63.2803
 11
36.21
 21
63.2725
  0
LINE
  8
0
 10
36.21
 20
63.2725
 11
36.2109
 21
63.2646
  0
LINE
  8
0
 10
36.2109
 20
63.2646
 11
36.2109
 21
63.2588
  0
LINE
  8
0
 10
36.2109
 20
63.2588
 11
36.2119
 21
63.2529
  0
LINE
  8
0
 10
36.2119
 20
63.2529
 11
36.2158
 21
63.2031
  0
LINE
  8
0
 10
36.2158
 20
63.2031
 11
36.2236
 21
63.1055
  0
LINE
  8
0
 10
36.2236
 20
63.1055
 11
36.2275
 21
63.0557
  0
LINE
  8
0
 10
36.2275
 20
63.0557
 11
36.2354
 21
62.958
  0
LINE
  8
0
 10
36.2354
 20
62.958
 11
36.2402
 21
62.9092
  0
LINE
  8
0
 10
36.2402
 20
62.9092
 11
36.2441
 21
62.8594
  0
LINE
  8
0
 10
36.2441
 20
62.8594
 11
36.252
 21
62.7617
  0
LINE
  8
0
 10
36.252
 20
62.7617
 11
36.2559
 21
62.7119
  0
LINE
  8
0
 10
36.2559
 20
62.7119
 11
36.2607
 21
62.6631
  0
LINE
  8
0
 10
36.2607
 20
62.6631
 11
36.2646
 21
62.6143
  0
LINE
  8
0
 10
36.2646
 20
62.6143
 11
36.2686
 21
62.5645
  0
LINE
  8
0
 10
36.2686
 20
62.5645
 11
36.2764
 21
62.4668
  0
LINE
  8
0
 10
36.2764
 20
62.4668
 11
36.2812
 21
62.417
  0
LINE
  8
0
 10
36.2812
 20
62.417
 11
36.2891
 21
62.3193
  0
LINE
  8
0
 10
36.2891
 20
62.3193
 11
36.293
 21
62.2695
  0
LINE
  8
0
 10
36.293
 20
62.2695
 11
36.2979
 21
62.2207
  0
LINE
  8
0
 10
36.2979
 20
62.2207
 11
36.3018
 21
62.1719
  0
LINE
  8
0
 10
36.3018
 20
62.1719
 11
36.3057
 21
62.1221
  0
LINE
  8
0
 10
36.3057
 20
62.1221
 11
36.3096
 21
62.0732
  0
LINE
  8
0
 10
36.3096
 20
62.0732
 11
36.3145
 21
62.0244
  0
LINE
  8
0
 10
36.3145
 20
62.0244
 11
36.3184
 21
61.9746
  0
LINE
  8
0
 10
36.3184
 20
61.9746
 11
36.3223
 21
61.9258
  0
LINE
  8
0
 10
36.3223
 20
61.9258
 11
36.3262
 21
61.876
  0
LINE
  8
0
 10
36.3262
 20
61.876
 11
36.3311
 21
61.8271
  0
LINE
  8
0
 10
36.3311
 20
61.8271
 11
36.335
 21
61.7783
  0
LINE
  8
0
 10
36.335
 20
61.7783
 11
36.3389
 21
61.7285
  0
LINE
  8
0
 10
36.3389
 20
61.7285
 11
36.3438
 21
61.6797
  0
LINE
  8
0
 10
36.3438
 20
61.6797
 11
36.3477
 21
61.6309
  0
LINE
  8
0
 10
36.3477
 20
61.6309
 11
36.3516
 21
61.5811
  0
LINE
  8
0
 10
36.3516
 20
61.5811
 11
36.3564
 21
61.5322
  0
LINE
  8
0
 10
36.3564
 20
61.5322
 11
36.3604
 21
61.4824
  0
LINE
  8
0
 10
36.3604
 20
61.4824
 11
36.3643
 21
61.4336
  0
LINE
  8
0
 10
36.3643
 20
61.4336
 11
36.3691
 21
61.3838
  0
LINE
  8
0
 10
36.3691
 20
61.3838
 11
36.377
 21
61.2861
  0
LINE
  8
0
 10
36.377
 20
61.2861
 11
36.3818
 21
61.2363
  0
LINE
  8
0
 10
36.3818
 20
61.2363
 11
36.3857
 21
61.1875
  0
LINE
  8
0
 10
36.3857
 20
61.1875
 11
36.3896
 21
61.1377
  0
LINE
  8
0
 10
36.3896
 20
61.1377
 11
36.3945
 21
61.0889
  0
LINE
  8
0
 10
36.3945
 20
61.0889
 11
36.3984
 21
61.0391
  0
LINE
  8
0
 10
36.3984
 20
61.0391
 11
36.4023
 21
60.9902
  0
LINE
  8
0
 10
36.4023
 20
60.9902
 11
36.4072
 21
60.9414
  0
LINE
  8
0
 10
36.4072
 20
60.9414
 11
36.4111
 21
60.8916
  0
LINE
  8
0
 10
36.4111
 20
60.8916
 11
36.416
 21
60.8428
  0
LINE
  8
0
 10
36.416
 20
60.8428
 11
36.4199
 21
60.793
  0
LINE
  8
0
 10
36.4199
 20
60.793
 11
36.4238
 21
60.7441
  0
LINE
  8
0
 10
36.4238
 20
60.7441
 11
36.4287
 21
60.6943
  0
LINE
  8
0
 10
36.4287
 20
60.6943
 11
36.4326
 21
60.6455
  0
LINE
  8
0
 10
36.4326
 20
60.6455
 11
36.4375
 21
60.5957
  0
LINE
  8
0
 10
36.4375
 20
60.5957
 11
36.4414
 21
60.5469
  0
LINE
  8
0
 10
36.4414
 20
60.5469
 11
36.4463
 21
60.4971
  0
LINE
  8
0
 10
36.4463
 20
60.4971
 11
36.4502
 21
60.4482
  0
LINE
  8
0
 10
36.4502
 20
60.4482
 11
36.4541
 21
60.3984
  0
LINE
  8
0
 10
36.4541
 20
60.3984
 11
36.459
 21
60.3496
  0
LINE
  8
0
 10
36.459
 20
60.3496
 11
36.4629
 21
60.2998
  0
LINE
  8
0
 10
36.4629
 20
60.2998
 11
36.4678
 21
60.251
  0
LINE
  8
0
 10
36.4678
 20
60.251
 11
36.4717
 21
60.2012
  0
LINE
  8
0
 10
36.4717
 20
60.2012
 11
36.4766
 21
60.1523
  0
LINE
  8
0
 10
36.4766
 20
60.1523
 11
36.4805
 21
60.1025
  0
LINE
  8
0
 10
36.4805
 20
60.1025
 11
36.4854
 21
60.0537
  0
LINE
  8
0
 10
36.4854
 20
60.0537
 11
36.4893
 21
60.0039
  0
LINE
  8
0
 10
36.4893
 20
60.0039
 11
36.4932
 21
59.9551
  0
LINE
  8
0
 10
36.4932
 20
59.9551
 11
36.498
 21
59.9053
  0
LINE
  8
0
 10
36.498
 20
59.9053
 11
36.502
 21
59.8564
  0
LINE
  8
0
 10
36.502
 20
59.8564
 11
36.5068
 21
59.8066
  0
LINE
  8
0
 10
36.5068
 20
59.8066
 11
36.5107
 21
59.7578
  0
LINE
  8
0
 10
36.5107
 20
59.7578
 11
36.5156
 21
59.708
  0
LINE
  8
0
 10
36.5156
 20
59.708
 11
36.5195
 21
59.6582
  0
LINE
  8
0
 10
36.5195
 20
59.6582
 11
36.5244
 21
59.6094
  0
LINE
  8
0
 10
36.5244
 20
59.6094
 11
36.5283
 21
59.5596
  0
LINE
  8
0
 10
36.5283
 20
59.5596
 11
36.5332
 21
59.5107
  0
LINE
  8
0
 10
36.5332
 20
59.5107
 11
36.5371
 21
59.4609
  0
LINE
  8
0
 10
36.5371
 20
59.4609
 11
36.542
 21
59.4121
  0
LINE
  8
0
 10
36.542
 20
59.4121
 11
36.5469
 21
59.3623
  0
LINE
  8
0
 10
36.5469
 20
59.3623
 11
36.5508
 21
59.3135
  0
LINE
  8
0
 10
36.5508
 20
59.3135
 11
36.5557
 21
59.2637
  0
LINE
  8
0
 10
36.5557
 20
59.2637
 11
36.5596
 21
59.2139
  0
LINE
  8
0
 10
36.5596
 20
59.2139
 11
36.5645
 21
59.165
  0
LINE
  8
0
 10
36.5645
 20
59.165
 11
36.5684
 21
59.1152
  0
LINE
  8
0
 10
36.5684
 20
59.1152
 11
36.5732
 21
59.0664
  0
LINE
  8
0
 10
36.5732
 20
59.0664
 11
36.5771
 21
59.0166
  0
LINE
  8
0
 10
36.5771
 20
59.0166
 11
36.582
 21
58.9668
  0
LINE
  8
0
 10
36.582
 20
58.9668
 11
36.5859
 21
58.918
  0
LINE
  8
0
 10
36.5859
 20
58.918
 11
36.5908
 21
58.8682
  0
LINE
  8
0
 10
36.5908
 20
58.8682
 11
36.5957
 21
58.8193
  0
LINE
  8
0
 10
36.5957
 20
58.8193
 11
36.5996
 21
58.7695
  0
LINE
  8
0
 10
36.5996
 20
58.7695
 11
36.6045
 21
58.7197
  0
LINE
  8
0
 10
36.6045
 20
58.7197
 11
36.6084
 21
58.6709
  0
LINE
  8
0
 10
36.6084
 20
58.6709
 11
36.6133
 21
58.6211
  0
LINE
  8
0
 10
36.6133
 20
58.6211
 11
36.6172
 21
58.5713
  0
LINE
  8
0
 10
36.6172
 20
58.5713
 11
36.6221
 21
58.5225
  0
LINE
  8
0
 10
36.6221
 20
58.5225
 11
36.627
 21
58.4727
  0
LINE
  8
0
 10
36.627
 20
58.4727
 11
36.6309
 21
58.4238
  0
LINE
  8
0
 10
36.6309
 20
58.4238
 11
36.6357
 21
58.374
  0
LINE
  8
0
 10
36.6357
 20
58.374
 11
36.6396
 21
58.3242
  0
LINE
  8
0
 10
36.6396
 20
58.3242
 11
36.6445
 21
58.2754
  0
LINE
  8
0
 10
36.6445
 20
58.2754
 11
36.6494
 21
58.2256
  0
LINE
  8
0
 10
36.6494
 20
58.2256
 11
36.6533
 21
58.1758
  0
LINE
  8
0
 10
36.6533
 20
58.1758
 11
36.6582
 21
58.127
  0
LINE
  8
0
 10
36.6582
 20
58.127
 11
36.6631
 21
58.0771
  0
LINE
  8
0
 10
36.6631
 20
58.0771
 11
36.667
 21
58.0273
  0
LINE
  8
0
 10
36.667
 20
58.0273
 11
36.6719
 21
57.9785
  0
LINE
  8
0
 10
36.6719
 20
57.9785
 11
36.6758
 21
57.9287
  0
LINE
  8
0
 10
36.6758
 20
57.9287
 11
36.6807
 21
57.8789
  0
LINE
  8
0
 10
36.6807
 20
57.8789
 11
36.6855
 21
57.8301
  0
LINE
  8
0
 10
36.6855
 20
57.8301
 11
36.6895
 21
57.7803
  0
LINE
  8
0
 10
36.6895
 20
57.7803
 11
36.6943
 21
57.7305
  0
LINE
  8
0
 10
36.6943
 20
57.7305
 11
36.6992
 21
57.6816
  0
LINE
  8
0
 10
36.6992
 20
57.6816
 11
36.7031
 21
57.6318
  0
LINE
  8
0
 10
36.7031
 20
57.6318
 11
36.708
 21
57.582
  0
LINE
  8
0
 10
36.708
 20
57.582
 11
36.7129
 21
57.5332
  0
LINE
  8
0
 10
36.7129
 20
57.5332
 11
36.7168
 21
57.4834
  0
LINE
  8
0
 10
36.7168
 20
57.4834
 11
36.7266
 21
57.3838
  0
LINE
  8
0
 10
36.7266
 20
57.3838
 11
36.7305
 21
57.335
  0
LINE
  8
0
 10
36.7305
 20
57.335
 11
36.7402
 21
57.2354
  0
LINE
  8
0
 10
36.7402
 20
57.2354
 11
36.7441
 21
57.1865
  0
LINE
  8
0
 10
36.7441
 20
57.1865
 11
36.7539
 21
57.0869
  0
LINE
  8
0
 10
36.7539
 20
57.0869
 11
36.7578
 21
57.0371
  0
LINE
  8
0
 10
36.7578
 20
57.0371
 11
36.7627
 21
56.9883
  0
LINE
  8
0
 10
36.7627
 20
56.9883
 11
36.7676
 21
56.9385
  0
LINE
  8
0
 10
36.7676
 20
56.9385
 11
36.7715
 21
56.8887
  0
LINE
  8
0
 10
36.7715
 20
56.8887
 11
36.7764
 21
56.8389
  0
LINE
  8
0
 10
36.7764
 20
56.8389
 11
36.7812
 21
56.79
  0
LINE
  8
0
 10
36.7812
 20
56.79
 11
36.7852
 21
56.7402
  0
LINE
  8
0
 10
36.7852
 20
56.7402
 11
36.7949
 21
56.6406
  0
LINE
  8
0
 10
36.7949
 20
56.6406
 11
36.7998
 21
56.5918
  0
LINE
  8
0
 10
36.7998
 20
56.5918
 11
36.8037
 21
56.542
  0
LINE
  8
0
 10
36.8037
 20
56.542
 11
36.8135
 21
56.4424
  0
LINE
  8
0
 10
36.8135
 20
56.4424
 11
36.8174
 21
56.3936
  0
LINE
  8
0
 10
36.8174
 20
56.3936
 11
36.832
 21
56.2441
  0
LINE
  8
0
 10
36.832
 20
56.2441
 11
36.8359
 21
56.1943
  0
LINE
  8
0
 10
36.8359
 20
56.1943
 11
36.8408
 21
56.1455
  0
LINE
  8
0
 10
36.8408
 20
56.1455
 11
36.8506
 21
56.0459
  0
LINE
  8
0
 10
36.8506
 20
56.0459
 11
36.8545
 21
55.9961
  0
LINE
  8
0
 10
36.8545
 20
55.9961
 11
36.8594
 21
55.9463
  0
LINE
  8
0
 10
36.8594
 20
55.9463
 11
36.8643
 21
55.8975
  0
LINE
  8
0
 10
36.8643
 20
55.8975
 11
36.8691
 21
55.8477
  0
LINE
  8
0
 10
36.8691
 20
55.8477
 11
36.873
 21
55.7979
  0
LINE
  8
0
 10
36.873
 20
55.7979
 11
36.8828
 21
55.6982
  0
LINE
  8
0
 10
36.8828
 20
55.6982
 11
36.8877
 21
55.6494
  0
LINE
  8
0
 10
36.8877
 20
55.6494
 11
36.8916
 21
55.5996
  0
LINE
  8
0
 10
36.8916
 20
55.5996
 11
36.9062
 21
55.4502
  0
LINE
  8
0
 10
36.9062
 20
55.4502
 11
36.9102
 21
55.4004
  0
LINE
  8
0
 10
36.9102
 20
55.4004
 11
36.915
 21
55.3516
  0
LINE
  8
0
 10
36.915
 20
55.3516
 11
36.9248
 21
55.252
  0
LINE
  8
0
 10
36.9248
 20
55.252
 11
36.9287
 21
55.2021
  0
LINE
  8
0
 10
36.9287
 20
55.2021
 11
36.9385
 21
55.1025
  0
LINE
  8
0
 10
36.9385
 20
55.1025
 11
36.9434
 21
55.0537
  0
LINE
  8
0
 10
36.9434
 20
55.0537
 11
36.9473
 21
55.0039
  0
LINE
  8
0
 10
36.9473
 20
55.0039
 11
36.9668
 21
54.8047
  0
LINE
  8
0
 10
36.9668
 20
54.8047
 11
36.9707
 21
54.7549
  0
LINE
  8
0
 10
36.9707
 20
54.7549
 11
36.9756
 21
54.7051
  0
LINE
  8
0
 10
36.9756
 20
54.7051
 11
36.9805
 21
54.6562
  0
LINE
  8
0
 10
36.9805
 20
54.6562
 11
36.9902
 21
54.5566
  0
LINE
  8
0
 10
36.9902
 20
54.5566
 11
36.9941
 21
54.5068
  0
LINE
  8
0
 10
36.9941
 20
54.5068
 11
37.0088
 21
54.3574
  0
LINE
  8
0
 10
37.0088
 20
54.3574
 11
37.0127
 21
54.3076
  0
LINE
  8
0
 10
37.0127
 20
54.3076
 11
37.0176
 21
54.2578
  0
LINE
  8
0
 10
37.0176
 20
54.2578
 11
37.0225
 21
54.209
  0
LINE
  8
0
 10
37.0225
 20
54.209
 11
37.0322
 21
54.1094
  0
LINE
  8
0
 10
37.0322
 20
54.1094
 11
37.0361
 21
54.0596
  0
LINE
  8
0
 10
37.0361
 20
54.0596
 11
37.0557
 21
53.8604
  0
LINE
  8
0
 10
37.0557
 20
53.8604
 11
37.0596
 21
53.8105
  0
LINE
  8
0
 10
37.0596
 20
53.8105
 11
37.0742
 21
53.6611
  0
LINE
  8
0
 10
37.0742
 20
53.6611
 11
37.0791
 21
53.6123
  0
LINE
  8
0
 10
37.0791
 20
53.6123
 11
37.084
 21
53.5625
  0
LINE
  8
0
 10
37.084
 20
53.5625
 11
37.0879
 21
53.5127
  0
LINE
  8
0
 10
37.0879
 20
53.5127
 11
37.1074
 21
53.3135
  0
LINE
  8
0
 10
37.1074
 20
53.3135
 11
37.1113
 21
53.2637
  0
LINE
  8
0
 10
37.1113
 20
53.2637
 11
37.1309
 21
53.0645
  0
LINE
  8
0
 10
37.1309
 20
53.0645
 11
37.1348
 21
53.0146
  0
LINE
  8
0
 10
37.1348
 20
53.0146
 11
37.1592
 21
52.7656
  0
LINE
  8
0
 10
37.1592
 20
52.7656
 11
37.1631
 21
52.7158
  0
LINE
  8
0
 10
37.1631
 20
52.7158
 11
37.1826
 21
52.5166
  0
LINE
  8
0
 10
37.1826
 20
52.5166
 11
37.1865
 21
52.4668
  0
LINE
  8
0
 10
37.1865
 20
52.4668
 11
37.2109
 21
52.2178
  0
LINE
  8
0
 10
37.2109
 20
52.2178
 11
37.2148
 21
52.168
  0
LINE
  8
0
 10
37.2148
 20
52.168
 11
37.2393
 21
51.9189
  0
LINE
  8
0
 10
37.2393
 20
51.9189
 11
37.2432
 21
51.8691
  0
LINE
  8
0
 10
37.2432
 20
51.8691
 11
37.2627
 21
51.6699
  0
LINE
  8
0
 10
37.2627
 20
51.6699
 11
37.2666
 21
51.6201
  0
LINE
  8
0
 10
37.2666
 20
51.6201
 11
37.291
 21
51.3711
  0
LINE
  8
0
 10
37.291
 20
51.3711
 11
37.2949
 21
51.3213
  0
LINE
  8
0
 10
37.2949
 20
51.3213
 11
37.3096
 21
51.1719
  0
LINE
  8
0
 10
37.3096
 20
51.1719
 11
37.3145
 21
51.1211
  0
LINE
  8
0
 10
37.3145
 20
51.1211
 11
37.3184
 21
51.0713
  0
LINE
  8
0
 10
37.3184
 20
51.0713
 11
37.3428
 21
50.8223
  0
LINE
  8
0
 10
37.3428
 20
50.8223
 11
37.3467
 21
50.7725
  0
LINE
  8
0
 10
37.3467
 20
50.7725
 11
37.3662
 21
50.5732
  0
LINE
  8
0
 10
37.3662
 20
50.5732
 11
37.3701
 21
50.5234
  0
LINE
  8
0
 10
37.3701
 20
50.5234
 11
37.375
 21
50.4727
  0
LINE
  8
0
 10
37.375
 20
50.4727
 11
37.3896
 21
50.3232
  0
LINE
  8
0
 10
37.3896
 20
50.3232
 11
37.3936
 21
50.2734
  0
LINE
  8
0
 10
37.3936
 20
50.2734
 11
37.4131
 21
50.0742
  0
LINE
  8
0
 10
37.4131
 20
50.0742
 11
37.417
 21
50.0244
  0
LINE
  8
0
 10
37.417
 20
50.0244
 11
37.4219
 21
49.9736
  0
LINE
  8
0
 10
37.4219
 20
49.9736
 11
37.4365
 21
49.8242
  0
LINE
  8
0
 10
37.4365
 20
49.8242
 11
37.4404
 21
49.7744
  0
LINE
  8
0
 10
37.4404
 20
49.7744
 11
37.4551
 21
49.625
  0
LINE
  8
0
 10
37.4551
 20
49.625
 11
37.46
 21
49.5742
  0
LINE
  8
0
 10
37.46
 20
49.5742
 11
37.4639
 21
49.5244
  0
LINE
  8
0
 10
37.4639
 20
49.5244
 11
37.4834
 21
49.3252
  0
LINE
  8
0
 10
37.4834
 20
49.3252
 11
37.4873
 21
49.2754
  0
LINE
  8
0
 10
37.4873
 20
49.2754
 11
37.4922
 21
49.2246
  0
LINE
  8
0
 10
37.4922
 20
49.2246
 11
37.502
 21
49.125
  0
LINE
  8
0
 10
37.502
 20
49.125
 11
37.5059
 21
49.0752
  0
LINE
  8
0
 10
37.5059
 20
49.0752
 11
37.5205
 21
48.9258
  0
LINE
  8
0
 10
37.5205
 20
48.9258
 11
37.5244
 21
48.875
  0
LINE
  8
0
 10
37.5244
 20
48.875
 11
37.5439
 21
48.6758
  0
LINE
  8
0
 10
37.5439
 20
48.6758
 11
37.5479
 21
48.626
  0
LINE
  8
0
 10
37.5479
 20
48.626
 11
37.5527
 21
48.5752
  0
LINE
  8
0
 10
37.5527
 20
48.5752
 11
37.5625
 21
48.4756
  0
LINE
  8
0
 10
37.5625
 20
48.4756
 11
37.5664
 21
48.4258
  0
LINE
  8
0
 10
37.5664
 20
48.4258
 11
37.5762
 21
48.3262
  0
LINE
  8
0
 10
37.5762
 20
48.3262
 11
37.5811
 21
48.2754
  0
LINE
  8
0
 10
37.5811
 20
48.2754
 11
37.585
 21
48.2256
  0
LINE
  8
0
 10
37.585
 20
48.2256
 11
37.5947
 21
48.126
  0
LINE
  8
0
 10
37.5947
 20
48.126
 11
37.5986
 21
48.0762
  0
LINE
  8
0
 10
37.5986
 20
48.0762
 11
37.6035
 21
48.0254
  0
LINE
  8
0
 10
37.6035
 20
48.0254
 11
37.6133
 21
47.9258
  0
LINE
  8
0
 10
37.6133
 20
47.9258
 11
37.6172
 21
47.876
  0
LINE
  8
0
 10
37.6172
 20
47.876
 11
37.6221
 21
47.8262
  0
LINE
  8
0
 10
37.6221
 20
47.8262
 11
37.627
 21
47.7754
  0
LINE
  8
0
 10
37.627
 20
47.7754
 11
37.6318
 21
47.7256
  0
LINE
  8
0
 10
37.6318
 20
47.7256
 11
37.6357
 21
47.6758
  0
LINE
  8
0
 10
37.6357
 20
47.6758
 11
37.6455
 21
47.5762
  0
LINE
  8
0
 10
37.6455
 20
47.5762
 11
37.6494
 21
47.5254
  0
LINE
  8
0
 10
37.6494
 20
47.5254
 11
37.6641
 21
47.376
  0
LINE
  8
0
 10
37.6641
 20
47.376
 11
37.668
 21
47.3262
  0
LINE
  8
0
 10
37.668
 20
47.3262
 11
37.6729
 21
47.2754
  0
LINE
  8
0
 10
37.6729
 20
47.2754
 11
37.6777
 21
47.2256
  0
LINE
  8
0
 10
37.6777
 20
47.2256
 11
37.6816
 21
47.1758
  0
LINE
  8
0
 10
37.6816
 20
47.1758
 11
37.6914
 21
47.0762
  0
LINE
  8
0
 10
37.6914
 20
47.0762
 11
37.6953
 21
47.0254
  0
LINE
  8
0
 10
37.6953
 20
47.0254
 11
37.7051
 21
46.9258
  0
LINE
  8
0
 10
37.7051
 20
46.9258
 11
37.709
 21
46.876
  0
LINE
  8
0
 10
37.709
 20
46.876
 11
37.7139
 21
46.8252
  0
LINE
  8
0
 10
37.7139
 20
46.8252
 11
37.7188
 21
46.7754
  0
LINE
  8
0
 10
37.7188
 20
46.7754
 11
37.7227
 21
46.7256
  0
LINE
  8
0
 10
37.7227
 20
46.7256
 11
37.7275
 21
46.6758
  0
LINE
  8
0
 10
37.7275
 20
46.6758
 11
37.7324
 21
46.625
  0
LINE
  8
0
 10
37.7324
 20
46.625
 11
37.7363
 21
46.5752
  0
LINE
  8
0
 10
37.7363
 20
46.5752
 11
37.7461
 21
46.4756
  0
LINE
  8
0
 10
37.7461
 20
46.4756
 11
37.75
 21
46.4248
  0
LINE
  8
0
 10
37.75
 20
46.4248
 11
37.7598
 21
46.3252
  0
LINE
  8
0
 10
37.7598
 20
46.3252
 11
37.7637
 21
46.2754
  0
LINE
  8
0
 10
37.7637
 20
46.2754
 11
37.7686
 21
46.2246
  0
LINE
  8
0
 10
37.7686
 20
46.2246
 11
37.7725
 21
46.1748
  0
LINE
  8
0
 10
37.7725
 20
46.1748
 11
37.7822
 21
46.0752
  0
LINE
  8
0
 10
37.7822
 20
46.0752
 11
37.7861
 21
46.0244
  0
LINE
  8
0
 10
37.7861
 20
46.0244
 11
37.7959
 21
45.9248
  0
LINE
  8
0
 10
37.7959
 20
45.9248
 11
37.7998
 21
45.875
  0
LINE
  8
0
 10
37.7998
 20
45.875
 11
37.8047
 21
45.8242
  0
LINE
  8
0
 10
37.8047
 20
45.8242
 11
37.8086
 21
45.7744
  0
LINE
  8
0
 10
37.8086
 20
45.7744
 11
37.8184
 21
45.6748
  0
LINE
  8
0
 10
37.8184
 20
45.6748
 11
37.8223
 21
45.624
  0
LINE
  8
0
 10
37.8223
 20
45.624
 11
37.8271
 21
45.5742
  0
LINE
  8
0
 10
37.8271
 20
45.5742
 11
37.8311
 21
45.5244
  0
LINE
  8
0
 10
37.8311
 20
45.5244
 11
37.8359
 21
45.4746
  0
LINE
  8
0
 10
37.8359
 20
45.4746
 11
37.8408
 21
45.4238
  0
LINE
  8
0
 10
37.8408
 20
45.4238
 11
37.8447
 21
45.374
  0
LINE
  8
0
 10
37.8447
 20
45.374
 11
37.8496
 21
45.3242
  0
LINE
  8
0
 10
37.8496
 20
45.3242
 11
37.8535
 21
45.2734
  0
LINE
  8
0
 10
37.8535
 20
45.2734
 11
37.8584
 21
45.2236
  0
LINE
  8
0
 10
37.8584
 20
45.2236
 11
37.8623
 21
45.1738
  0
LINE
  8
0
 10
37.8623
 20
45.1738
 11
37.8672
 21
45.124
  0
LINE
  8
0
 10
37.8672
 20
45.124
 11
37.8721
 21
45.0732
  0
LINE
  8
0
 10
37.8721
 20
45.0732
 11
37.876
 21
45.0234
  0
LINE
  8
0
 10
37.876
 20
45.0234
 11
37.8809
 21
44.9736
  0
LINE
  8
0
 10
37.8809
 20
44.9736
 11
37.8848
 21
44.9229
  0
LINE
  8
0
 10
37.8848
 20
44.9229
 11
37.8896
 21
44.873
  0
LINE
  8
0
 10
37.8896
 20
44.873
 11
37.8936
 21
44.8232
  0
LINE
  8
0
 10
37.8936
 20
44.8232
 11
37.8984
 21
44.7734
  0
LINE
  8
0
 10
37.8984
 20
44.7734
 11
37.9023
 21
44.7227
  0
LINE
  8
0
 10
37.9023
 20
44.7227
 11
37.9072
 21
44.6729
  0
LINE
  8
0
 10
37.9072
 20
44.6729
 11
37.9111
 21
44.623
  0
LINE
  8
0
 10
37.9111
 20
44.623
 11
37.916
 21
44.5723
  0
LINE
  8
0
 10
37.916
 20
44.5723
 11
37.9199
 21
44.5225
  0
LINE
  8
0
 10
37.9199
 20
44.5225
 11
37.9248
 21
44.4727
  0
LINE
  8
0
 10
37.9248
 20
44.4727
 11
37.9287
 21
44.4219
  0
LINE
  8
0
 10
37.9287
 20
44.4219
 11
37.9336
 21
44.3721
  0
LINE
  8
0
 10
37.9336
 20
44.3721
 11
37.9375
 21
44.3223
  0
LINE
  8
0
 10
37.9375
 20
44.3223
 11
37.9424
 21
44.2725
  0
LINE
  8
0
 10
37.9424
 20
44.2725
 11
37.9463
 21
44.2217
  0
LINE
  8
0
 10
37.9463
 20
44.2217
 11
37.9512
 21
44.1719
  0
LINE
  8
0
 10
37.9512
 20
44.1719
 11
37.9551
 21
44.1221
  0
LINE
  8
0
 10
37.9551
 20
44.1221
 11
37.96
 21
44.0713
  0
LINE
  8
0
 10
37.96
 20
44.0713
 11
37.9639
 21
44.0215
  0
LINE
  8
0
 10
37.9639
 20
44.0215
 11
37.9688
 21
43.9717
  0
LINE
  8
0
 10
37.9688
 20
43.9717
 11
37.9727
 21
43.9209
  0
LINE
  8
0
 10
37.9727
 20
43.9209
 11
37.9775
 21
43.8711
  0
LINE
  8
0
 10
37.9775
 20
43.8711
 11
37.9814
 21
43.8213
  0
LINE
  8
0
 10
37.9814
 20
43.8213
 11
37.9854
 21
43.7705
  0
LINE
  8
0
 10
37.9854
 20
43.7705
 11
37.9902
 21
43.7207
  0
LINE
  8
0
 10
37.9902
 20
43.7207
 11
37.9941
 21
43.6709
  0
LINE
  8
0
 10
37.9941
 20
43.6709
 11
37.999
 21
43.6201
  0
LINE
  8
0
 10
37.999
 20
43.6201
 11
38.0029
 21
43.5703
  0
LINE
  8
0
 10
38.0029
 20
43.5703
 11
38.0078
 21
43.5205
  0
LINE
  8
0
 10
38.0078
 20
43.5205
 11
38.0117
 21
43.4707
  0
LINE
  8
0
 10
38.0117
 20
43.4707
 11
38.0156
 21
43.4199
  0
LINE
  8
0
 10
38.0156
 20
43.4199
 11
38.0205
 21
43.3701
  0
LINE
  8
0
 10
38.0205
 20
43.3701
 11
38.0244
 21
43.3203
  0
LINE
  8
0
 10
38.0244
 20
43.3203
 11
38.0293
 21
43.2695
  0
LINE
  8
0
 10
38.0293
 20
43.2695
 11
38.0371
 21
43.1699
  0
LINE
  8
0
 10
38.0371
 20
43.1699
 11
38.042
 21
43.1191
  0
LINE
  8
0
 10
38.042
 20
43.1191
 11
38.0459
 21
43.0693
  0
LINE
  8
0
 10
38.0459
 20
43.0693
 11
38.0508
 21
43.0195
  0
LINE
  8
0
 10
38.0508
 20
43.0195
 11
38.0547
 21
42.9688
  0
LINE
  8
0
 10
38.0547
 20
42.9688
 11
38.0586
 21
42.9189
  0
LINE
  8
0
 10
38.0586
 20
42.9189
 11
38.0635
 21
42.8691
  0
LINE
  8
0
 10
38.0635
 20
42.8691
 11
38.0674
 21
42.8184
  0
LINE
  8
0
 10
38.0674
 20
42.8184
 11
38.0713
 21
42.7686
  0
LINE
  8
0
 10
38.0713
 20
42.7686
 11
38.0762
 21
42.7188
  0
LINE
  8
0
 10
38.0762
 20
42.7188
 11
38.0801
 21
42.668
  0
LINE
  8
0
 10
38.0801
 20
42.668
 11
38.084
 21
42.6182
  0
LINE
  8
0
 10
38.084
 20
42.6182
 11
38.0889
 21
42.5674
  0
LINE
  8
0
 10
38.0889
 20
42.5674
 11
38.0967
 21
42.4678
  0
LINE
  8
0
 10
38.0967
 20
42.4678
 11
38.1016
 21
42.417
  0
LINE
  8
0
 10
38.1016
 20
42.417
 11
38.1094
 21
42.3174
  0
LINE
  8
0
 10
38.1094
 20
42.3174
 11
38.1143
 21
42.2666
  0
LINE
  8
0
 10
38.1143
 20
42.2666
 11
38.1221
 21
42.167
  0
LINE
  8
0
 10
38.1221
 20
42.167
 11
38.126
 21
42.1162
  0
LINE
  8
0
 10
38.126
 20
42.1162
 11
38.1309
 21
42.0664
  0
LINE
  8
0
 10
38.1309
 20
42.0664
 11
38.1348
 21
42.0166
  0
LINE
  8
0
 10
38.1348
 20
42.0166
 11
38.1387
 21
41.9658
  0
LINE
  8
0
 10
38.1387
 20
41.9658
 11
38.1426
 21
41.916
  0
LINE
  8
0
 10
38.1426
 20
41.916
 11
38.1475
 21
41.8662
  0
LINE
  8
0
 10
38.1475
 20
41.8662
 11
38.1514
 21
41.8154
  0
LINE
  8
0
 10
38.1514
 20
41.8154
 11
38.1553
 21
41.7656
  0
LINE
  8
0
 10
38.1553
 20
41.7656
 11
38.1592
 21
41.7148
  0
LINE
  8
0
 10
38.1592
 20
41.7148
 11
38.1641
 21
41.665
  0
LINE
  8
0
 10
38.1641
 20
41.665
 11
38.168
 21
41.6152
  0
LINE
  8
0
 10
38.168
 20
41.6152
 11
38.1719
 21
41.5645
  0
LINE
  8
0
 10
38.1719
 20
41.5645
 11
38.1758
 21
41.5146
  0
LINE
  8
0
 10
38.1758
 20
41.5146
 11
38.1807
 21
41.4648
  0
LINE
  8
0
 10
38.1807
 20
41.4648
 11
38.1846
 21
41.4141
  0
LINE
  8
0
 10
38.1846
 20
41.4141
 11
38.1924
 21
41.3145
  0
LINE
  8
0
 10
38.1924
 20
41.3145
 11
38.1963
 21
41.2637
  0
LINE
  8
0
 10
38.1963
 20
41.2637
 11
38.2002
 21
41.2139
  0
LINE
  8
0
 10
38.2002
 20
41.2139
 11
38.2051
 21
41.1631
  0
LINE
  8
0
 10
38.2051
 20
41.1631
 11
38.2129
 21
41.0635
  0
LINE
  8
0
 10
38.2129
 20
41.0635
 11
38.2168
 21
41.0127
  0
LINE
  8
0
 10
38.2168
 20
41.0127
 11
38.2246
 21
40.9131
  0
LINE
  8
0
 10
38.2246
 20
40.9131
 11
38.2295
 21
40.8623
  0
LINE
  8
0
 10
38.2295
 20
40.8623
 11
38.2373
 21
40.7627
  0
LINE
  8
0
 10
38.2373
 20
40.7627
 11
38.2412
 21
40.7119
  0
LINE
  8
0
 10
38.2412
 20
40.7119
 11
38.2451
 21
40.6621
  0
LINE
  8
0
 10
38.2451
 20
40.6621
 11
38.249
 21
40.6113
  0
LINE
  8
0
 10
38.249
 20
40.6113
 11
38.2568
 21
40.5117
  0
LINE
  8
0
 10
38.2568
 20
40.5117
 11
38.2607
 21
40.4609
  0
LINE
  8
0
 10
38.2607
 20
40.4609
 11
38.2646
 21
40.4111
  0
LINE
  8
0
 10
38.2646
 20
40.4111
 11
38.2695
 21
40.3604
  0
LINE
  8
0
 10
38.2695
 20
40.3604
 11
38.2773
 21
40.2607
  0
LINE
  8
0
 10
38.2773
 20
40.2607
 11
38.2812
 21
40.21
  0
LINE
  8
0
 10
38.2812
 20
40.21
 11
38.2891
 21
40.1104
  0
LINE
  8
0
 10
38.2891
 20
40.1104
 11
38.293
 21
40.0596
  0
LINE
  8
0
 10
38.293
 20
40.0596
 11
38.2969
 21
40.0098
  0
LINE
  8
0
 10
38.2969
 20
40.0098
 11
38.3008
 21
39.959
  0
LINE
  8
0
 10
38.3008
 20
39.959
 11
38.3086
 21
39.8594
  0
LINE
  8
0
 10
38.3086
 20
39.8594
 11
38.3125
 21
39.8086
  0
LINE
  8
0
 10
38.3125
 20
39.8086
 11
38.3164
 21
39.7588
  0
LINE
  8
0
 10
38.3164
 20
39.7588
 11
38.3203
 21
39.708
  0
LINE
  8
0
 10
38.3203
 20
39.708
 11
38.3281
 21
39.6084
  0
LINE
  8
0
 10
38.3281
 20
39.6084
 11
38.332
 21
39.5576
  0
LINE
  8
0
 10
38.332
 20
39.5576
 11
38.3398
 21
39.458
  0
LINE
  8
0
 10
38.3398
 20
39.458
 11
38.3438
 21
39.4072
  0
LINE
  8
0
 10
38.3438
 20
39.4072
 11
38.3477
 21
39.3574
  0
LINE
  8
0
 10
38.3477
 20
39.3574
 11
38.3506
 21
39.3066
  0
LINE
  8
0
 10
38.3506
 20
39.3066
 11
38.3584
 21
39.207
  0
LINE
  8
0
 10
38.3584
 20
39.207
 11
38.3623
 21
39.1562
  0
LINE
  8
0
 10
38.3623
 20
39.1562
 11
38.3662
 21
39.1064
  0
LINE
  8
0
 10
38.3662
 20
39.1064
 11
38.3701
 21
39.0557
  0
LINE
  8
0
 10
38.3701
 20
39.0557
 11
38.3779
 21
38.9561
  0
LINE
  8
0
 10
38.3779
 20
38.9561
 11
38.3818
 21
38.9053
  0
LINE
  8
0
 10
38.3818
 20
38.9053
 11
38.3857
 21
38.8555
  0
LINE
  8
0
 10
38.3857
 20
38.8555
 11
38.3887
 21
38.8047
  0
LINE
  8
0
 10
38.3887
 20
38.8047
 11
38.3965
 21
38.7051
  0
LINE
  8
0
 10
38.3965
 20
38.7051
 11
38.4004
 21
38.6543
  0
LINE
  8
0
 10
38.4004
 20
38.6543
 11
38.4043
 21
38.6045
  0
LINE
  8
0
 10
38.4043
 20
38.6045
 11
38.4082
 21
38.5537
  0
LINE
  8
0
 10
38.4082
 20
38.5537
 11
38.4111
 21
38.5039
  0
LINE
  8
0
 10
38.4111
 20
38.5039
 11
38.415
 21
38.4541
  0
LINE
  8
0
 10
38.415
 20
38.4541
 11
38.4189
 21
38.4033
  0
LINE
  8
0
 10
38.4189
 20
38.4033
 11
38.4229
 21
38.3535
  0
LINE
  8
0
 10
38.4229
 20
38.3535
 11
38.4268
 21
38.3027
  0
LINE
  8
0
 10
38.4268
 20
38.3027
 11
38.4297
 21
38.2529
  0
LINE
  8
0
 10
38.4297
 20
38.2529
 11
38.4336
 21
38.2031
  0
LINE
  8
0
 10
38.4336
 20
38.2031
 11
38.4375
 21
38.1523
  0
LINE
  8
0
 10
38.4375
 20
38.1523
 11
38.4414
 21
38.1025
  0
LINE
  8
0
 10
38.4414
 20
38.1025
 11
38.4443
 21
38.0518
  0
LINE
  8
0
 10
38.4443
 20
38.0518
 11
38.4521
 21
37.9521
  0
LINE
  8
0
 10
38.4521
 20
37.9521
 11
38.4561
 21
37.9014
  0
LINE
  8
0
 10
38.4561
 20
37.9014
 11
38.459
 21
37.8516
  0
LINE
  8
0
 10
38.459
 20
37.8516
 11
38.4629
 21
37.8008
  0
LINE
  8
0
 10
38.4629
 20
37.8008
 11
38.4668
 21
37.751
  0
LINE
  8
0
 10
38.4668
 20
37.751
 11
38.4697
 21
37.7012
  0
LINE
  8
0
 10
38.4697
 20
37.7012
 11
38.4736
 21
37.6504
  0
LINE
  8
0
 10
38.4736
 20
37.6504
 11
38.4775
 21
37.6006
  0
LINE
  8
0
 10
38.4775
 20
37.6006
 11
38.4805
 21
37.5498
  0
LINE
  8
0
 10
38.4805
 20
37.5498
 11
38.4883
 21
37.4502
  0
LINE
  8
0
 10
38.4883
 20
37.4502
 11
38.4912
 21
37.3994
  0
LINE
  8
0
 10
38.4912
 20
37.3994
 11
38.4951
 21
37.3496
  0
LINE
  8
0
 10
38.4951
 20
37.3496
 11
38.499
 21
37.2988
  0
LINE
  8
0
 10
38.499
 20
37.2988
 11
38.502
 21
37.249
  0
LINE
  8
0
 10
38.502
 20
37.249
 11
38.5059
 21
37.1992
  0
LINE
  8
0
 10
38.5059
 20
37.1992
 11
38.5098
 21
37.1484
  0
LINE
  8
0
 10
38.5098
 20
37.1484
 11
38.5127
 21
37.0986
  0
LINE
  8
0
 10
38.5127
 20
37.0986
 11
38.5166
 21
37.0479
  0
LINE
  8
0
 10
38.5166
 20
37.0479
 11
38.5195
 21
36.998
  0
LINE
  8
0
 10
38.5195
 20
36.998
 11
38.5234
 21
36.9482
  0
LINE
  8
0
 10
38.5234
 20
36.9482
 11
38.5264
 21
36.8975
  0
LINE
  8
0
 10
38.5264
 20
36.8975
 11
38.5303
 21
36.8477
  0
LINE
  8
0
 10
38.5303
 20
36.8477
 11
38.5342
 21
36.7969
  0
LINE
  8
0
 10
38.5342
 20
36.7969
 11
38.5371
 21
36.7471
  0
LINE
  8
0
 10
38.5371
 20
36.7471
 11
38.541
 21
36.6963
  0
LINE
  8
0
 10
38.541
 20
36.6963
 11
38.5439
 21
36.6465
  0
LINE
  8
0
 10
38.5439
 20
36.6465
 11
38.5479
 21
36.5967
  0
LINE
  8
0
 10
38.5479
 20
36.5967
 11
38.5508
 21
36.5459
  0
LINE
  8
0
 10
38.5508
 20
36.5459
 11
38.5547
 21
36.4961
  0
LINE
  8
0
 10
38.5547
 20
36.4961
 11
38.5576
 21
36.4453
  0
LINE
  8
0
 10
38.5576
 20
36.4453
 11
38.5615
 21
36.3955
  0
LINE
  8
0
 10
38.5615
 20
36.3955
 11
38.5645
 21
36.3457
  0
LINE
  8
0
 10
38.5645
 20
36.3457
 11
38.5684
 21
36.2949
  0
LINE
  8
0
 10
38.5684
 20
36.2949
 11
38.5713
 21
36.2451
  0
LINE
  8
0
 10
38.5713
 20
36.2451
 11
38.5742
 21
36.1943
  0
LINE
  8
0
 10
38.5742
 20
36.1943
 11
38.5781
 21
36.1445
  0
LINE
  8
0
 10
38.5781
 20
36.1445
 11
38.5811
 21
36.0947
  0
LINE
  8
0
 10
38.5811
 20
36.0947
 11
38.585
 21
36.0439
  0
LINE
  8
0
 10
38.585
 20
36.0439
 11
38.5879
 21
35.9941
  0
LINE
  8
0
 10
38.5879
 20
35.9941
 11
38.5908
 21
35.9434
  0
LINE
  8
0
 10
38.5908
 20
35.9434
 11
38.5947
 21
35.8936
  0
LINE
  8
0
 10
38.5947
 20
35.8936
 11
38.5977
 21
35.8438
  0
LINE
  8
0
 10
38.5977
 20
35.8438
 11
38.6016
 21
35.793
  0
LINE
  8
0
 10
38.6016
 20
35.793
 11
38.6045
 21
35.7432
  0
LINE
  8
0
 10
38.6045
 20
35.7432
 11
38.6074
 21
35.6924
  0
LINE
  8
0
 10
38.6074
 20
35.6924
 11
38.6113
 21
35.6426
  0
LINE
  8
0
 10
38.6113
 20
35.6426
 11
38.6143
 21
35.5928
  0
LINE
  8
0
 10
38.6143
 20
35.5928
 11
38.6172
 21
35.542
  0
LINE
  8
0
 10
38.6172
 20
35.542
 11
38.6211
 21
35.4922
  0
LINE
  8
0
 10
38.6211
 20
35.4922
 11
38.624
 21
35.4414
  0
LINE
  8
0
 10
38.624
 20
35.4414
 11
38.627
 21
35.3916
  0
LINE
  8
0
 10
38.627
 20
35.3916
 11
38.6309
 21
35.3408
  0
LINE
  8
0
 10
38.6309
 20
35.3408
 11
38.6367
 21
35.2412
  0
LINE
  8
0
 10
38.6367
 20
35.2412
 11
38.6396
 21
35.1904
  0
LINE
  8
0
 10
38.6396
 20
35.1904
 11
38.6436
 21
35.1406
  0
LINE
  8
0
 10
38.6436
 20
35.1406
 11
38.6465
 21
35.0898
  0
LINE
  8
0
 10
38.6465
 20
35.0898
 11
38.6523
 21
34.9902
  0
LINE
  8
0
 10
38.6523
 20
34.9902
 11
38.6562
 21
34.9395
  0
LINE
  8
0
 10
38.6562
 20
34.9395
 11
38.6592
 21
34.8896
  0
LINE
  8
0
 10
38.6592
 20
34.8896
 11
38.6621
 21
34.8389
  0
LINE
  8
0
 10
38.6621
 20
34.8389
 11
38.668
 21
34.7393
  0
LINE
  8
0
 10
38.668
 20
34.7393
 11
38.6719
 21
34.6885
  0
LINE
  8
0
 10
38.6719
 20
34.6885
 11
38.6748
 21
34.6387
  0
LINE
  8
0
 10
38.6748
 20
34.6387
 11
38.6777
 21
34.5879
  0
LINE
  8
0
 10
38.6777
 20
34.5879
 11
38.6836
 21
34.4883
  0
LINE
  8
0
 10
38.6836
 20
34.4883
 11
38.6865
 21
34.4375
  0
LINE
  8
0
 10
38.6865
 20
34.4375
 11
38.6895
 21
34.3877
  0
LINE
  8
0
 10
38.6895
 20
34.3877
 11
38.6924
 21
34.3369
  0
LINE
  8
0
 10
38.6924
 20
34.3369
 11
38.6963
 21
34.2871
  0
LINE
  8
0
 10
38.6963
 20
34.2871
 11
38.6992
 21
34.2373
  0
LINE
  8
0
 10
38.6992
 20
34.2373
 11
38.7021
 21
34.1865
  0
LINE
  8
0
 10
38.7021
 20
34.1865
 11
38.7051
 21
34.1367
  0
LINE
  8
0
 10
38.7051
 20
34.1367
 11
38.708
 21
34.0859
  0
LINE
  8
0
 10
38.708
 20
34.0859
 11
38.7139
 21
33.9863
  0
LINE
  8
0
 10
38.7139
 20
33.9863
 11
38.7168
 21
33.9355
  0
LINE
  8
0
 10
38.7168
 20
33.9355
 11
38.7197
 21
33.8857
  0
LINE
  8
0
 10
38.7197
 20
33.8857
 11
38.7227
 21
33.835
  0
LINE
  8
0
 10
38.7227
 20
33.835
 11
38.7285
 21
33.7354
  0
LINE
  8
0
 10
38.7285
 20
33.7354
 11
38.7314
 21
33.6846
  0
LINE
  8
0
 10
38.7314
 20
33.6846
 11
38.7344
 21
33.6348
  0
LINE
  8
0
 10
38.7344
 20
33.6348
 11
38.7373
 21
33.584
  0
LINE
  8
0
 10
38.7373
 20
33.584
 11
38.7432
 21
33.4844
  0
LINE
  8
0
 10
38.7432
 20
33.4844
 11
38.7461
 21
33.4336
  0
LINE
  8
0
 10
38.7461
 20
33.4336
 11
38.749
 21
33.3838
  0
LINE
  8
0
 10
38.749
 20
33.3838
 11
38.751
 21
33.333
  0
LINE
  8
0
 10
38.751
 20
33.333
 11
38.7568
 21
33.2334
  0
LINE
  8
0
 10
38.7568
 20
33.2334
 11
38.7598
 21
33.1826
  0
LINE
  8
0
 10
38.7598
 20
33.1826
 11
38.7627
 21
33.1328
  0
LINE
  8
0
 10
38.7627
 20
33.1328
 11
38.7656
 21
33.082
  0
LINE
  8
0
 10
38.7656
 20
33.082
 11
38.7715
 21
32.9824
  0
LINE
  8
0
 10
38.7715
 20
32.9824
 11
38.7734
 21
32.9316
  0
LINE
  8
0
 10
38.7734
 20
32.9316
 11
38.7764
 21
32.8818
  0
LINE
  8
0
 10
38.7764
 20
32.8818
 11
38.7793
 21
32.8311
  0
LINE
  8
0
 10
38.7793
 20
32.8311
 11
38.7852
 21
32.7314
  0
LINE
  8
0
 10
38.7852
 20
32.7314
 11
38.7871
 21
32.6807
  0
LINE
  8
0
 10
38.7871
 20
32.6807
 11
38.79
 21
32.6309
  0
LINE
  8
0
 10
38.79
 20
32.6309
 11
38.793
 21
32.5801
  0
LINE
  8
0
 10
38.793
 20
32.5801
 11
38.7959
 21
32.5303
  0
LINE
  8
0
 10
38.7959
 20
32.5303
 11
38.7979
 21
32.4805
  0
LINE
  8
0
 10
38.7979
 20
32.4805
 11
38.8008
 21
32.4297
  0
LINE
  8
0
 10
38.8008
 20
32.4297
 11
38.8037
 21
32.3799
  0
LINE
  8
0
 10
38.8037
 20
32.3799
 11
38.8057
 21
32.3301
  0
LINE
  8
0
 10
38.8057
 20
32.3301
 11
38.8086
 21
32.2793
  0
LINE
  8
0
 10
38.8086
 20
32.2793
 11
38.8115
 21
32.2295
  0
LINE
  8
0
 10
38.8115
 20
32.2295
 11
38.8135
 21
32.1787
  0
LINE
  8
0
 10
38.8135
 20
32.1787
 11
38.8193
 21
32.0791
  0
LINE
  8
0
 10
38.8193
 20
32.0791
 11
38.8213
 21
32.0283
  0
LINE
  8
0
 10
38.8213
 20
32.0283
 11
38.8242
 21
31.9785
  0
LINE
  8
0
 10
38.8242
 20
31.9785
 11
38.8271
 21
31.9277
  0
LINE
  8
0
 10
38.8271
 20
31.9277
 11
38.8291
 21
31.8779
  0
LINE
  8
0
 10
38.8291
 20
31.8779
 11
38.832
 21
31.8281
  0
LINE
  8
0
 10
38.832
 20
31.8281
 11
38.834
 21
31.7773
  0
LINE
  8
0
 10
38.834
 20
31.7773
 11
38.8369
 21
31.7275
  0
LINE
  8
0
 10
38.8369
 20
31.7275
 11
38.8389
 21
31.6777
  0
LINE
  8
0
 10
38.8389
 20
31.6777
 11
38.8418
 21
31.627
  0
LINE
  8
0
 10
38.8418
 20
31.627
 11
38.8438
 21
31.5771
  0
LINE
  8
0
 10
38.8438
 20
31.5771
 11
38.8467
 21
31.5264
  0
LINE
  8
0
 10
38.8467
 20
31.5264
 11
38.8486
 21
31.4766
  0
LINE
  8
0
 10
38.8486
 20
31.4766
 11
38.8516
 21
31.4268
  0
LINE
  8
0
 10
38.8516
 20
31.4268
 11
38.8535
 21
31.376
  0
LINE
  8
0
 10
38.8535
 20
31.376
 11
38.8564
 21
31.3262
  0
LINE
  8
0
 10
38.8564
 20
31.3262
 11
38.8584
 21
31.2764
  0
LINE
  8
0
 10
38.8584
 20
31.2764
 11
38.8613
 21
31.2256
  0
LINE
  8
0
 10
38.8613
 20
31.2256
 11
38.8633
 21
31.1758
  0
LINE
  8
0
 10
38.8633
 20
31.1758
 11
38.8662
 21
31.125
  0
LINE
  8
0
 10
38.8662
 20
31.125
 11
38.8682
 21
31.0752
  0
LINE
  8
0
 10
38.8682
 20
31.0752
 11
38.8711
 21
31.0254
  0
LINE
  8
0
 10
38.8711
 20
31.0254
 11
38.875
 21
30.9248
  0
LINE
  8
0
 10
38.875
 20
30.9248
 11
38.8779
 21
30.875
  0
LINE
  8
0
 10
38.8779
 20
30.875
 11
38.8818
 21
30.7744
  0
LINE
  8
0
 10
38.8818
 20
30.7744
 11
38.8848
 21
30.7246
  0
LINE
  8
0
 10
38.8848
 20
30.7246
 11
38.8887
 21
30.624
  0
LINE
  8
0
 10
38.8887
 20
30.624
 11
38.8916
 21
30.5732
  0
LINE
  8
0
 10
38.8916
 20
30.5732
 11
38.8955
 21
30.4736
  0
LINE
  8
0
 10
38.8955
 20
30.4736
 11
38.8975
 21
30.4229
  0
LINE
  8
0
 10
38.8975
 20
30.4229
 11
38.9004
 21
30.373
  0
LINE
  8
0
 10
38.9004
 20
30.373
 11
38.9062
 21
30.2227
  0
LINE
  8
0
 10
38.9062
 20
30.2227
 11
38.9092
 21
30.1729
  0
LINE
  8
0
 10
38.9092
 20
30.1729
 11
38.9111
 21
30.1221
  0
LINE
  8
0
 10
38.9111
 20
30.1221
 11
38.9189
 21
29.9219
  0
LINE
  8
0
 10
38.9189
 20
29.9219
 11
38.9219
 21
29.8711
  0
LINE
  8
0
 10
38.9219
 20
29.8711
 11
38.9258
 21
29.7715
  0
LINE
  8
0
 10
38.9258
 20
29.7715
 11
38.9277
 21
29.7207
  0
LINE
  8
0
 10
38.9277
 20
29.7207
 11
38.9316
 21
29.6211
  0
LINE
  8
0
 10
38.9316
 20
29.6211
 11
38.9336
 21
29.5703
  0
LINE
  8
0
 10
38.9336
 20
29.5703
 11
38.9375
 21
29.4707
  0
LINE
  8
0
 10
38.9375
 20
29.4707
 11
38.9395
 21
29.4199
  0
LINE
  8
0
 10
38.9395
 20
29.4199
 11
38.9434
 21
29.3203
  0
LINE
  8
0
 10
38.9434
 20
29.3203
 11
38.9453
 21
29.2695
  0
LINE
  8
0
 10
38.9453
 20
29.2695
 11
38.9492
 21
29.1699
  0
LINE
  8
0
 10
38.9492
 20
29.1699
 11
38.9512
 21
29.1191
  0
LINE
  8
0
 10
38.9512
 20
29.1191
 11
38.9551
 21
29.0195
  0
LINE
  8
0
 10
38.9551
 20
29.0195
 11
38.957
 21
28.9688
  0
LINE
  8
0
 10
38.957
 20
28.9688
 11
38.9609
 21
28.8691
  0
LINE
  8
0
 10
38.9609
 20
28.8691
 11
38.9619
 21
28.8184
  0
LINE
  8
0
 10
38.9619
 20
28.8184
 11
38.9658
 21
28.7188
  0
LINE
  8
0
 10
38.9658
 20
28.7188
 11
38.9678
 21
28.668
  0
LINE
  8
0
 10
38.9678
 20
28.668
 11
38.9717
 21
28.5684
  0
LINE
  8
0
 10
38.9717
 20
28.5684
 11
38.9727
 21
28.5176
  0
LINE
  8
0
 10
38.9727
 20
28.5176
 11
38.9785
 21
28.3682
  0
LINE
  8
0
 10
38.9785
 20
28.3682
 11
38.9795
 21
28.3174
  0
LINE
  8
0
 10
38.9795
 20
28.3174
 11
38.9834
 21
28.2178
  0
LINE
  8
0
 10
38.9834
 20
28.2178
 11
38.9854
 21
28.167
  0
LINE
  8
0
 10
38.9854
 20
28.167
 11
38.9863
 21
28.1172
  0
LINE
  8
0
 10
38.9863
 20
28.1172
 11
38.9902
 21
28.0166
  0
LINE
  8
0
 10
38.9902
 20
28.0166
 11
38.9912
 21
27.9668
  0
LINE
  8
0
 10
38.9912
 20
27.9668
 11
38.9951
 21
27.8662
  0
LINE
  8
0
 10
38.9951
 20
27.8662
 11
38.9961
 21
27.8164
  0
LINE
  8
0
 10
38.9961
 20
27.8164
 11
38.998
 21
27.7666
  0
LINE
  8
0
 10
38.998
 20
27.7666
 11
38.999
 21
27.7168
  0
LINE
  8
0
 10
38.999
 20
27.7168
 11
39.001
 21
27.666
  0
LINE
  8
0
 10
39.001
 20
27.666
 11
39.002
 21
27.6162
  0
LINE
  8
0
 10
39.002
 20
27.6162
 11
39.0059
 21
27.5156
  0
LINE
  8
0
 10
39.0059
 20
27.5156
 11
39.0068
 21
27.4658
  0
LINE
  8
0
 10
39.0068
 20
27.4658
 11
39.0088
 21
27.416
  0
LINE
  8
0
 10
39.0088
 20
27.416
 11
39.0098
 21
27.3652
  0
LINE
  8
0
 10
39.0098
 20
27.3652
 11
39.0117
 21
27.3154
  0
LINE
  8
0
 10
39.0117
 20
27.3154
 11
39.0137
 21
27.2158
  0
LINE
  8
0
 10
39.0137
 20
27.2158
 11
39.0156
 21
27.165
  0
LINE
  8
0
 10
39.0156
 20
27.165
 11
39.0166
 21
27.1152
  0
LINE
  8
0
 10
39.0166
 20
27.1152
 11
39.0186
 21
27.0654
  0
LINE
  8
0
 10
39.0186
 20
27.0654
 11
39.0205
 21
26.9648
  0
LINE
  8
0
 10
39.0205
 20
26.9648
 11
39.0225
 21
26.915
  0
LINE
  8
0
 10
39.0225
 20
26.915
 11
39.0234
 21
26.8652
  0
LINE
  8
0
 10
39.0234
 20
26.8652
 11
39.0254
 21
26.8145
  0
LINE
  8
0
 10
39.0254
 20
26.8145
 11
39.0283
 21
26.665
  0
LINE
  8
0
 10
39.0283
 20
26.665
 11
39.0303
 21
26.6143
  0
LINE
  8
0
 10
39.0303
 20
26.6143
 11
39.0322
 21
26.5146
  0
LINE
  8
0
 10
39.0322
 20
26.5146
 11
39.0342
 21
26.4639
  0
LINE
  8
0
 10
39.0342
 20
26.4639
 11
39.0381
 21
26.2637
  0
LINE
  8
0
 10
39.0381
 20
26.2637
 11
39.04
 21
26.2139
  0
LINE
  8
0
 10
39.04
 20
26.2139
 11
39.0615
 21
25.1133
  0
LINE
  8
0
 10
39.0615
 20
25.1133
 11
39.0615
 21
25.0635
  0
LINE
  8
0
 10
39.0615
 20
25.0635
 11
39.0654
 21
24.8633
  0
LINE
  8
0
 10
39.0654
 20
24.8633
 11
39.0654
 21
24.8135
  0
LINE
  8
0
 10
39.0654
 20
24.8135
 11
39.0684
 21
24.6631
  0
LINE
  8
0
 10
39.0684
 20
24.6631
 11
39.0684
 21
24.6133
  0
LINE
  8
0
 10
39.0684
 20
24.6133
 11
39.0703
 21
24.5127
  0
LINE
  8
0
 10
39.0703
 20
24.5127
 11
39.0703
 21
24.4629
  0
LINE
  8
0
 10
39.0703
 20
24.4629
 11
39.0723
 21
24.3633
  0
LINE
  8
0
 10
39.0723
 20
24.3633
 11
39.0723
 21
24.3135
  0
LINE
  8
0
 10
39.0723
 20
24.3135
 11
39.0732
 21
24.2627
  0
LINE
  8
0
 10
39.0732
 20
24.2627
 11
39.0732
 21
24.2129
  0
LINE
  8
0
 10
39.0732
 20
24.2129
 11
39.0752
 21
24.1133
  0
LINE
  8
0
 10
39.0752
 20
24.1133
 11
39.0752
 21
24.0635
  0
LINE
  8
0
 10
39.0752
 20
24.0635
 11
39.0762
 21
24.0127
  0
LINE
  8
0
 10
39.0762
 20
24.0127
 11
39.0762
 21
23.9629
  0
LINE
  8
0
 10
39.0762
 20
23.9629
 11
39.0771
 21
23.9131
  0
LINE
  8
0
 10
39.0771
 20
23.9131
 11
39.0771
 21
23.8633
  0
LINE
  8
0
 10
39.0771
 20
23.8633
 11
39.0781
 21
23.8135
  0
LINE
  8
0
 10
39.0781
 20
23.8135
 11
39.0781
 21
23.7129
  0
LINE
  8
0
 10
39.0781
 20
23.7129
 11
39.0791
 21
23.6631
  0
LINE
  8
0
 10
39.0791
 20
23.6631
 11
39.0791
 21
23.6133
  0
LINE
  8
0
 10
39.0791
 20
23.6133
 11
39.0801
 21
23.5635
  0
LINE
  8
0
 10
39.0801
 20
23.5635
 11
39.0801
 21
23.4629
  0
LINE
  8
0
 10
39.0801
 20
23.4629
 11
39.0811
 21
23.4131
  0
LINE
  8
0
 10
39.0811
 20
23.4131
 11
39.0811
 21
23.3135
  0
LINE
  8
0
 10
39.0811
 20
23.3135
 11
39.082
 21
23.2637
  0
LINE
  8
0
 10
39.082
 20
23.2637
 11
39.082
 21
23.1133
  0
LINE
  8
0
 10
39.082
 20
23.1133
 11
39.083
 21
23.0635
  0
LINE
  8
0
 10
39.083
 20
23.0635
 11
39.083
 21
22.8145
  0
LINE
  8
0
 10
39.083
 20
22.8145
 11
39.084
 21
22.7637
  0
LINE
  8
0
 10
39.084
 20
22.7637
 11
39.084
 21
22.0156
  0
LINE
  8
0
 10
39.084
 20
22.0156
 11
39.083
 21
21.9658
  0
LINE
  8
0
 10
39.083
 20
21.9658
 11
39.083
 21
21.7158
  0
LINE
  8
0
 10
39.083
 20
21.7158
 11
39.082
 21
21.666
  0
LINE
  8
0
 10
39.082
 20
21.666
 11
39.082
 21
21.5166
  0
LINE
  8
0
 10
39.082
 20
21.5166
 11
39.0811
 21
21.4668
  0
LINE
  8
0
 10
39.0811
 20
21.4668
 11
39.0811
 21
21.3672
  0
LINE
  8
0
 10
39.0811
 20
21.3672
 11
39.0801
 21
21.3164
  0
LINE
  8
0
 10
39.0801
 20
21.3164
 11
39.0801
 21
21.2168
  0
LINE
  8
0
 10
39.0801
 20
21.2168
 11
39.0791
 21
21.167
  0
LINE
  8
0
 10
39.0791
 20
21.167
 11
39.0791
 21
21.1172
  0
LINE
  8
0
 10
39.0791
 20
21.1172
 11
39.0781
 21
21.0674
  0
LINE
  8
0
 10
39.0781
 20
21.0674
 11
39.0781
 21
21.0176
  0
LINE
  8
0
 10
39.0781
 20
21.0176
 11
39.0771
 21
20.9678
  0
LINE
  8
0
 10
39.0771
 20
20.9678
 11
39.0771
 21
20.918
  0
LINE
  8
0
 10
39.0771
 20
20.918
 11
39.0762
 21
20.8682
  0
LINE
  8
0
 10
39.0762
 20
20.8682
 11
39.0762
 21
20.8184
  0
LINE
  8
0
 10
39.0762
 20
20.8184
 11
39.0752
 21
20.7686
  0
LINE
  8
0
 10
39.0752
 20
20.7686
 11
39.0752
 21
20.7188
  0
LINE
  8
0
 10
39.0752
 20
20.7188
 11
39.0742
 21
20.6689
  0
LINE
  8
0
 10
39.0742
 20
20.6689
 11
39.0742
 21
20.6191
  0
LINE
  8
0
 10
39.0742
 20
20.6191
 11
39.0723
 21
20.5195
  0
LINE
  8
0
 10
39.0723
 20
20.5195
 11
39.0723
 21
20.4697
  0
LINE
  8
0
 10
39.0723
 20
20.4697
 11
39.0703
 21
20.3701
  0
LINE
  8
0
 10
39.0703
 20
20.3701
 11
39.0703
 21
20.3193
  0
LINE
  8
0
 10
39.0703
 20
20.3193
 11
39.0684
 21
20.2197
  0
LINE
  8
0
 10
39.0684
 20
20.2197
 11
39.0684
 21
20.1699
  0
LINE
  8
0
 10
39.0684
 20
20.1699
 11
39.0645
 21
19.9707
  0
LINE
  8
0
 10
39.0645
 20
19.9707
 11
39.0645
 21
19.9209
  0
LINE
  8
0
 10
39.0645
 20
19.9209
 11
39.0469
 21
19.0254
  0
LINE
  8
0
 10
39.0469
 20
19.0254
 11
39.0449
 21
18.9756
  0
LINE
  8
0
 10
39.0449
 20
18.9756
 11
39.041
 21
18.7764
  0
LINE
  8
0
 10
39.041
 20
18.7764
 11
39.0391
 21
18.7266
  0
LINE
  8
0
 10
39.0391
 20
18.7266
 11
39.0371
 21
18.627
  0
LINE
  8
0
 10
39.0371
 20
18.627
 11
39.0352
 21
18.5771
  0
LINE
  8
0
 10
39.0352
 20
18.5771
 11
39.0332
 21
18.4775
  0
LINE
  8
0
 10
39.0332
 20
18.4775
 11
39.0312
 21
18.4277
  0
LINE
  8
0
 10
39.0312
 20
18.4277
 11
39.0293
 21
18.3291
  0
LINE
  8
0
 10
39.0293
 20
18.3291
 11
39.0273
 21
18.2793
  0
LINE
  8
0
 10
39.0273
 20
18.2793
 11
39.0264
 21
18.2295
  0
LINE
  8
0
 10
39.0264
 20
18.2295
 11
39.0244
 21
18.1797
  0
LINE
  8
0
 10
39.0244
 20
18.1797
 11
39.0234
 21
18.1299
  0
LINE
  8
0
 10
39.0234
 20
18.1299
 11
39.0215
 21
18.0801
  0
LINE
  8
0
 10
39.0215
 20
18.0801
 11
39.0205
 21
18.0303
  0
LINE
  8
0
 10
39.0205
 20
18.0303
 11
39.0186
 21
17.9805
  0
LINE
  8
0
 10
39.0186
 20
17.9805
 11
39.0176
 21
17.9307
  0
LINE
  8
0
 10
39.0176
 20
17.9307
 11
39.0156
 21
17.8809
  0
LINE
  8
0
 10
39.0156
 20
17.8809
 11
39.0146
 21
17.8311
  0
LINE
  8
0
 10
39.0146
 20
17.8311
 11
39.0107
 21
17.7324
  0
LINE
  8
0
 10
39.0107
 20
17.7324
 11
39.0098
 21
17.6826
  0
LINE
  8
0
 10
39.0098
 20
17.6826
 11
39.0059
 21
17.583
  0
LINE
  8
0
 10
39.0059
 20
17.583
 11
39.0049
 21
17.5332
  0
LINE
  8
0
 10
39.0049
 20
17.5332
 11
39.001
 21
17.4336
  0
LINE
  8
0
 10
39.001
 20
17.4336
 11
38.999
 21
17.3848
  0
LINE
  8
0
 10
38.999
 20
17.3848
 11
38.998
 21
17.335
  0
LINE
  8
0
 10
38.998
 20
17.335
 11
38.9883
 21
17.0859
  0
LINE
  8
0
 10
38.9883
 20
17.0859
 11
38.9863
 21
17.0371
  0
LINE
  8
0
 10
38.9863
 20
17.0371
 11
38.9854
 21
16.9873
  0
LINE
  8
0
 10
38.9854
 20
16.9873
 11
38.9775
 21
16.7881
  0
LINE
  8
0
 10
38.9775
 20
16.7881
 11
38.9756
 21
16.7393
  0
LINE
  8
0
 10
38.9756
 20
16.7393
 11
38.9697
 21
16.5898
  0
LINE
  8
0
 10
38.9697
 20
16.5898
 11
38.9668
 21
16.54
  0
LINE
  8
0
 10
38.9668
 20
16.54
 11
38.9629
 21
16.4414
  0
LINE
  8
0
 10
38.9629
 20
16.4414
 11
38.9551
 21
16.2422
  0
LINE
  8
0
 10
38.9551
 20
16.2422
 11
38.9521
 21
16.1934
  0
LINE
  8
0
 10
38.9521
 20
16.1934
 11
38.9482
 21
16.0938
  0
LINE
  8
0
 10
38.9482
 20
16.0938
 11
38.9453
 21
16.0439
  0
LINE
  8
0
 10
38.9453
 20
16.0439
 11
38.9395
 21
15.8955
  0
LINE
  8
0
 10
38.9395
 20
15.8955
 11
38.9365
 21
15.8457
  0
LINE
  8
0
 10
38.9365
 20
15.8457
 11
38.9346
 21
15.7959
  0
LINE
  8
0
 10
38.9346
 20
15.7959
 11
38.9316
 21
15.7471
  0
LINE
  8
0
 10
38.9316
 20
15.7471
 11
38.9297
 21
15.6973
  0
LINE
  8
0
 10
38.9297
 20
15.6973
 11
38.9268
 21
15.6475
  0
LINE
  8
0
 10
38.9268
 20
15.6475
 11
38.9229
 21
15.5488
  0
LINE
  8
0
 10
38.9229
 20
15.5488
 11
38.9199
 21
15.499
  0
LINE
  8
0
 10
38.9199
 20
15.499
 11
38.918
 21
15.4492
  0
LINE
  8
0
 10
38.918
 20
15.4492
 11
38.915
 21
15.3994
  0
LINE
  8
0
 10
38.915
 20
15.3994
 11
38.9121
 21
15.3506
  0
LINE
  8
0
 10
38.9121
 20
15.3506
 11
38.9102
 21
15.3008
  0
LINE
  8
0
 10
38.9102
 20
15.3008
 11
38.9072
 21
15.251
  0
LINE
  8
0
 10
38.9072
 20
15.251
 11
38.9053
 21
15.2012
  0
LINE
  8
0
 10
38.9053
 20
15.2012
 11
38.9023
 21
15.1523
  0
LINE
  8
0
 10
38.9023
 20
15.1523
 11
38.8994
 21
15.1025
  0
LINE
  8
0
 10
38.8994
 20
15.1025
 11
38.8975
 21
15.0527
  0
LINE
  8
0
 10
38.8975
 20
15.0527
 11
38.8945
 21
15.0029
  0
LINE
  8
0
 10
38.8945
 20
15.0029
 11
38.8916
 21
14.9541
  0
LINE
  8
0
 10
38.8916
 20
14.9541
 11
38.8887
 21
14.9043
  0
LINE
  8
0
 10
38.8887
 20
14.9043
 11
38.8867
 21
14.8545
  0
LINE
  8
0
 10
38.8867
 20
14.8545
 11
38.8838
 21
14.8057
  0
LINE
  8
0
 10
38.8838
 20
14.8057
 11
38.875
 21
14.6562
  0
LINE
  8
0
 10
38.875
 20
14.6562
 11
38.873
 21
14.6074
  0
LINE
  8
0
 10
38.873
 20
14.6074
 11
38.8672
 21
14.5078
  0
LINE
  8
0
 10
38.8672
 20
14.5078
 11
38.8643
 21
14.459
  0
LINE
  8
0
 10
38.8643
 20
14.459
 11
38.8584
 21
14.3594
  0
LINE
  8
0
 10
38.8584
 20
14.3594
 11
38.8555
 21
14.3105
  0
LINE
  8
0
 10
38.8555
 20
14.3105
 11
38.8496
 21
14.2109
  0
LINE
  8
0
 10
38.8496
 20
14.2109
 11
38.8467
 21
14.1621
  0
LINE
  8
0
 10
38.8467
 20
14.1621
 11
38.8408
 21
14.0625
  0
LINE
  8
0
 10
38.8408
 20
14.0625
 11
38.8369
 21
14.0137
  0
LINE
  8
0
 10
38.8369
 20
14.0137
 11
38.8311
 21
13.9141
  0
LINE
  8
0
 10
38.8311
 20
13.9141
 11
38.8281
 21
13.8652
  0
LINE
  8
0
 10
38.8281
 20
13.8652
 11
38.8223
 21
13.7656
  0
LINE
  8
0
 10
38.8223
 20
13.7656
 11
38.8184
 21
13.7168
  0
LINE
  8
0
 10
38.8184
 20
13.7168
 11
38.8154
 21
13.667
  0
LINE
  8
0
 10
38.8154
 20
13.667
 11
38.8125
 21
13.6182
  0
LINE
  8
0
 10
38.8125
 20
13.6182
 11
38.8086
 21
13.5684
  0
LINE
  8
0
 10
38.8086
 20
13.5684
 11
38.8057
 21
13.5186
  0
LINE
  8
0
 10
38.8057
 20
13.5186
 11
38.8027
 21
13.4697
  0
LINE
  8
0
 10
38.8027
 20
13.4697
 11
38.7949
 21
13.3643
  0
LINE
  8
0
 10
38.7949
 20
13.3643
 11
38.79
 21
13.3125
  0
LINE
  8
0
 10
38.79
 20
13.3125
 11
38.7861
 21
13.2598
  0
LINE
  8
0
 10
38.7861
 20
13.2598
 11
38.7812
 21
13.208
  0
LINE
  8
0
 10
38.7812
 20
13.208
 11
38.7695
 21
13.1045
  0
LINE
  8
0
 10
38.7695
 20
13.1045
 11
38.7637
 21
13.0537
  0
LINE
  8
0
 10
38.7637
 20
13.0537
 11
38.7578
 21
13.002
  0
LINE
  8
0
 10
38.7578
 20
13.002
 11
38.7441
 21
12.9004
  0
LINE
  8
0
 10
38.7441
 20
12.9004
 11
38.7363
 21
12.8496
  0
LINE
  8
0
 10
38.7363
 20
12.8496
 11
38.7295
 21
12.7988
  0
LINE
  8
0
 10
38.7295
 20
12.7988
 11
38.7217
 21
12.749
  0
LINE
  8
0
 10
38.7217
 20
12.749
 11
38.7129
 21
12.6992
  0
LINE
  8
0
 10
38.7129
 20
12.6992
 11
38.7051
 21
12.6494
  0
LINE
  8
0
 10
38.7051
 20
12.6494
 11
38.6963
 21
12.5996
  0
LINE
  8
0
 10
38.6963
 20
12.5996
 11
38.6865
 21
12.5498
  0
LINE
  8
0
 10
38.6865
 20
12.5498
 11
38.6777
 21
12.5
  0
LINE
  8
0
 10
38.6777
 20
12.5
 11
38.668
 21
12.4512
  0
LINE
  8
0
 10
38.668
 20
12.4512
 11
38.6572
 21
12.4023
  0
LINE
  8
0
 10
38.6572
 20
12.4023
 11
38.6475
 21
12.3525
  0
LINE
  8
0
 10
38.6475
 20
12.3525
 11
38.6367
 21
12.3047
  0
LINE
  8
0
 10
38.6367
 20
12.3047
 11
38.6152
 21
12.207
  0
LINE
  8
0
 10
38.6152
 20
12.207
 11
38.5918
 21
12.1113
  0
LINE
  8
0
 10
38.5918
 20
12.1113
 11
38.5801
 21
12.0625
  0
LINE
  8
0
 10
38.5801
 20
12.0625
 11
38.5674
 21
12.0156
  0
LINE
  8
0
 10
38.5674
 20
12.0156
 11
38.542
 21
11.9199
  0
LINE
  8
0
 10
38.542
 20
11.9199
 11
38.5283
 21
11.873
  0
LINE
  8
0
 10
38.5283
 20
11.873
 11
38.5156
 21
11.8252
  0
LINE
  8
0
 10
38.5156
 20
11.8252
 11
38.502
 21
11.7783
  0
LINE
  8
0
 10
38.502
 20
11.7783
 11
38.4873
 21
11.7314
  0
LINE
  8
0
 10
38.4873
 20
11.7314
 11
38.4736
 21
11.6855
  0
LINE
  8
0
 10
38.4736
 20
11.6855
 11
38.4443
 21
11.5918
  0
LINE
  8
0
 10
38.4443
 20
11.5918
 11
38.4297
 21
11.5459
  0
LINE
  8
0
 10
38.4297
 20
11.5459
 11
38.3672
 21
11.3623
  0
LINE
  8
0
 10
38.3672
 20
11.3623
 11
38.3506
 21
11.3164
  0
LINE
  8
0
 10
38.3506
 20
11.3164
 11
38.334
 21
11.2715
  0
LINE
  8
0
 10
38.334
 20
11.2715
 11
38.3174
 21
11.2256
  0
LINE
  8
0
 10
38.3174
 20
11.2256
 11
38.2998
 21
11.1807
  0
LINE
  8
0
 10
38.2998
 20
11.1807
 11
38.2832
 21
11.1357
  0
LINE
  8
0
 10
38.2832
 20
11.1357
 11
38.248
 21
11.0459
  0
LINE
  8
0
 10
38.248
 20
11.0459
 11
38.2295
 21
11.002
  0
LINE
  8
0
 10
38.2295
 20
11.002
 11
38.2119
 21
10.957
  0
LINE
  8
0
 10
38.2119
 20
10.957
 11
38.1748
 21
10.8691
  0
LINE
  8
0
 10
38.1748
 20
10.8691
 11
38.1553
 21
10.8242
  0
LINE
  8
0
 10
38.1553
 20
10.8242
 11
38.1367
 21
10.7803
  0
LINE
  8
0
 10
38.1367
 20
10.7803
 11
38.1172
 21
10.7363
  0
LINE
  8
0
 10
38.1172
 20
10.7363
 11
38.0977
 21
10.6934
  0
LINE
  8
0
 10
38.0977
 20
10.6934
 11
38.0771
 21
10.6494
  0
LINE
  8
0
 10
38.0771
 20
10.6494
 11
38.0576
 21
10.6055
  0
LINE
  8
0
 10
38.0576
 20
10.6055
 11
37.9756
 21
10.4336
  0
LINE
  8
0
 10
37.9756
 20
10.4336
 11
37.9111
 21
10.3047
  0
LINE
  8
0
 10
37.9111
 20
10.3047
 11
37.8896
 21
10.2627
  0
LINE
  8
0
 10
37.8896
 20
10.2627
 11
37.8682
 21
10.2197
  0
LINE
  8
0
 10
37.8682
 20
10.2197
 11
37.8457
 21
10.1777
  0
LINE
  8
0
 10
37.8457
 20
10.1777
 11
37.8232
 21
10.1348
  0
LINE
  8
0
 10
37.8232
 20
10.1348
 11
37.7559
 21
10.0088
  0
LINE
  8
0
 10
37.7559
 20
10.0088
 11
37.7324
 21
9.9668
  0
LINE
  8
0
 10
37.7324
 20
9.9668
 11
37.709
 21
9.92578
  0
LINE
  8
0
 10
37.709
 20
9.92578
 11
37.6855
 21
9.88379
  0
LINE
  8
0
 10
37.6855
 20
9.88379
 11
37.6621
 21
9.84277
  0
LINE
  8
0
 10
37.6621
 20
9.84277
 11
37.6387
 21
9.80078
  0
LINE
  8
0
 10
37.6387
 20
9.80078
 11
37.6143
 21
9.75977
  0
LINE
  8
0
 10
37.6143
 20
9.75977
 11
37.5898
 21
9.71777
  0
LINE
  8
0
 10
37.5898
 20
9.71777
 11
37.4922
 21
9.55371
  0
LINE
  8
0
 10
37.4922
 20
9.55371
 11
37.4668
 21
9.51367
  0
LINE
  8
0
 10
37.4668
 20
9.51367
 11
37.416
 21
9.43164
  0
LINE
  8
0
 10
37.416
 20
9.43164
 11
37.3906
 21
9.3916
  0
LINE
  8
0
 10
37.3906
 20
9.3916
 11
37.3652
 21
9.35059
  0
LINE
  8
0
 10
37.3652
 20
9.35059
 11
37.3389
 21
9.31055
  0
LINE
  8
0
 10
37.3389
 20
9.31055
 11
37.3135
 21
9.27051
  0
LINE
  8
0
 10
37.3135
 20
9.27051
 11
37.2871
 21
9.23047
  0
LINE
  8
0
 10
37.2871
 20
9.23047
 11
37.2607
 21
9.18945
  0
LINE
  8
0
 10
37.2607
 20
9.18945
 11
37.208
 21
9.10938
  0
LINE
  8
0
 10
37.208
 20
9.10938
 11
37.1816
 21
9.07031
  0
LINE
  8
0
 10
37.1816
 20
9.07031
 11
37.127
 21
8.99023
  0
LINE
  8
0
 10
37.127
 20
8.99023
 11
37.1006
 21
8.9502
  0
LINE
  8
0
 10
37.1006
 20
8.9502
 11
37.0732
 21
8.91113
  0
LINE
  8
0
 10
37.0732
 20
8.91113
 11
37.0459
 21
8.87109
  0
LINE
  8
0
 10
37.0459
 20
8.87109
 11
37.0176
 21
8.83203
  0
LINE
  8
0
 10
37.0176
 20
8.83203
 11
36.9902
 21
8.79199
  0
LINE
  8
0
 10
36.9902
 20
8.79199
 11
36.9629
 21
8.75293
  0
LINE
  8
0
 10
36.9629
 20
8.75293
 11
36.9062
 21
8.6748
  0
LINE
  8
0
 10
36.9062
 20
8.6748
 11
36.8779
 21
8.63477
  0
LINE
  8
0
 10
36.8779
 20
8.63477
 11
36.793
 21
8.51758
  0
LINE
  8
0
 10
36.793
 20
8.51758
 11
36.7646
 21
8.47949
  0
LINE
  8
0
 10
36.7646
 20
8.47949
 11
36.7354
 21
8.44043
  0
LINE
  8
0
 10
36.7354
 20
8.44043
 11
36.707
 21
8.40137
  0
LINE
  8
0
 10
36.707
 20
8.40137
 11
36.6484
 21
8.32324
  0
LINE
  8
0
 10
36.6484
 20
8.32324
 11
36.6191
 21
8.28516
  0
LINE
  8
0
 10
36.6191
 20
8.28516
 11
36.5898
 21
8.24609
  0
LINE
  8
0
 10
36.5898
 20
8.24609
 11
36.5605
 21
8.20801
  0
LINE
  8
0
 10
36.5605
 20
8.20801
 11
36.5312
 21
8.16895
  0
LINE
  8
0
 10
36.5312
 20
8.16895
 11
36.502
 21
8.13086
  0
LINE
  8
0
 10
36.502
 20
8.13086
 11
36.4717
 21
8.0918
  0
LINE
  8
0
 10
36.4717
 20
8.0918
 11
36.4424
 21
8.05371
  0
LINE
  8
0
 10
36.4424
 20
8.05371
 11
36.4121
 21
8.01562
  0
LINE
  8
0
 10
36.4121
 20
8.01562
 11
36.3828
 21
7.97656
  0
LINE
  8
0
 10
36.3828
 20
7.97656
 11
36.2617
 21
7.82422
  0
LINE
  8
0
 10
36.2617
 20
7.82422
 11
36.2314
 21
7.78516
  0
LINE
  8
0
 10
36.2314
 20
7.78516
 11
36.2012
 21
7.74707
  0
LINE
  8
0
 10
36.2012
 20
7.74707
 11
36.1699
 21
7.70898
  0
LINE
  8
0
 10
36.1699
 20
7.70898
 11
36.1094
 21
7.63281
  0
LINE
  8
0
 10
36.1094
 20
7.63281
 11
36.0781
 21
7.59473
  0
LINE
  8
0
 10
36.0781
 20
7.59473
 11
36.0479
 21
7.55664
  0
LINE
  8
0
 10
36.0479
 20
7.55664
 11
36.0166
 21
7.51953
  0
LINE
  8
0
 10
36.0166
 20
7.51953
 11
35.9854
 21
7.48145
  0
LINE
  8
0
 10
35.9854
 20
7.48145
 11
35.9551
 21
7.44336
  0
LINE
  8
0
 10
35.9551
 20
7.44336
 11
35.8613
 21
7.3291
  0
LINE
  8
0
 10
35.8613
 20
7.3291
 11
35.8301
 21
7.29199
  0
LINE
  8
0
 10
35.8301
 20
7.29199
 11
35.7363
 21
7.17773
  0
LINE
  8
0
 10
35.7363
 20
7.17773
 11
35.7051
 21
7.14062
  0
LINE
  8
0
 10
35.7051
 20
7.14062
 11
35.6729
 21
7.10254
  0
LINE
  8
0
 10
35.6729
 20
7.10254
 11
35.6104
 21
7.02637
  0
LINE
  8
0
 10
35.6104
 20
7.02637
 11
35.5791
 21
6.98926
  0
LINE
  8
0
 10
35.5791
 20
6.98926
 11
35.5469
 21
6.95117
  0
LINE
  8
0
 10
35.5469
 20
6.95117
 11
35.5156
 21
6.91309
  0
LINE
  8
0
 10
35.5156
 20
6.91309
 11
35.4834
 21
6.87598
  0
LINE
  8
0
 10
35.4834
 20
6.87598
 11
35.4521
 21
6.83789
  0
LINE
  8
0
 10
35.4521
 20
6.83789
 11
35.4199
 21
6.7998
  0
LINE
  8
0
 10
35.4199
 20
6.7998
 11
35.3887
 21
6.7627
  0
LINE
  8
0
 10
35.3887
 20
6.7627
 11
35.3564
 21
6.72461
  0
LINE
  8
0
 10
35.3564
 20
6.72461
 11
35.3252
 21
6.68652
  0
LINE
  8
0
 10
35.3252
 20
6.68652
 11
35.293
 21
6.64844
  0
LINE
  8
0
 10
35.293
 20
6.64844
 11
35.2617
 21
6.61133
  0
LINE
  8
0
 10
35.2617
 20
6.61133
 11
35.1973
 21
6.53516
  0
LINE
  8
0
 10
35.1973
 20
6.53516
 11
35.166
 21
6.49805
  0
LINE
  8
0
 10
35.166
 20
6.49805
 11
35.1016
 21
6.42188
  0
LINE
  8
0
 10
35.1016
 20
6.42188
 11
35.0703
 21
6.38379
  0
LINE
  8
0
 10
35.0703
 20
6.38379
 11
35.0381
 21
6.34668
  0
LINE
  8
0
 10
35.0381
 20
6.34668
 11
35.0059
 21
6.30859
  0
LINE
  8
0
 10
35.0059
 20
6.30859
 11
34.9746
 21
6.27051
  0
LINE
  8
0
 10
34.9746
 20
6.27051
 11
34.9102
 21
6.19434
  0
LINE
  8
0
 10
34.9102
 20
6.19434
 11
34.8789
 21
6.15625
  0
LINE
  8
0
 10
34.8789
 20
6.15625
 11
34.8467
 21
6.11914
  0
LINE
  8
0
 10
34.8467
 20
6.11914
 11
34.8154
 21
6.08105
  0
LINE
  8
0
 10
34.8154
 20
6.08105
 11
34.751
 21
6.00488
  0
LINE
  8
0
 10
34.751
 20
6.00488
 11
34.7197
 21
5.9668
  0
LINE
  8
0
 10
34.7197
 20
5.9668
 11
34.6875
 21
5.92871
  0
LINE
  8
0
 10
34.6875
 20
5.92871
 11
34.6562
 21
5.89062
  0
LINE
  8
0
 10
34.6562
 20
5.89062
 11
34.624
 21
5.85254
  0
LINE
  8
0
 10
34.624
 20
5.85254
 11
34.5928
 21
5.81348
  0
LINE
  8
0
 10
34.5928
 20
5.81348
 11
34.5605
 21
5.77539
  0
LINE
  8
0
 10
34.5605
 20
5.77539
 11
34.5293
 21
5.7373
  0
LINE
  8
0
 10
34.5293
 20
5.7373
 11
34.4971
 21
5.69922
  0
LINE
  8
0
 10
34.4971
 20
5.69922
 11
34.4658
 21
5.66113
  0
LINE
  8
0
 10
34.4658
 20
5.66113
 11
34.4346
 21
5.62207
  0
LINE
  8
0
 10
34.4346
 20
5.62207
 11
34.4023
 21
5.58398
  0
LINE
  8
0
 10
34.4023
 20
5.58398
 11
34.3711
 21
5.5459
  0
LINE
  8
0
 10
34.3711
 20
5.5459
 11
34.3398
 21
5.50684
  0
LINE
  8
0
 10
34.3398
 20
5.50684
 11
34.3086
 21
5.46875
  0
LINE
  8
0
 10
34.3086
 20
5.46875
 11
34.2773
 21
5.42969
  0
LINE
  8
0
 10
34.2773
 20
5.42969
 11
34.2461
 21
5.3916
  0
LINE
  8
0
 10
34.2461
 20
5.3916
 11
34.2139
 21
5.35254
  0
LINE
  8
0
 10
34.2139
 20
5.35254
 11
34.1836
 21
5.31348
  0
LINE
  8
0
 10
34.1836
 20
5.31348
 11
34.1523
 21
5.27539
  0
LINE
  8
0
 10
34.1523
 20
5.27539
 11
34.0586
 21
5.1582
  0
LINE
  8
0
 10
34.0586
 20
5.1582
 11
34.0283
 21
5.11914
  0
LINE
  8
0
 10
34.0283
 20
5.11914
 11
33.9658
 21
5.04102
  0
LINE
  8
0
 10
33.9658
 20
5.04102
 11
33.9355
 21
5.00195
  0
LINE
  8
0
 10
33.9355
 20
5.00195
 11
33.9043
 21
4.96289
  0
LINE
  8
0
 10
33.9043
 20
4.96289
 11
33.874
 21
4.92383
  0
LINE
  8
0
 10
33.874
 20
4.92383
 11
33.8438
 21
4.88379
  0
LINE
  8
0
 10
33.8438
 20
4.88379
 11
33.7832
 21
4.80566
  0
LINE
  8
0
 10
33.7832
 20
4.80566
 11
33.7529
 21
4.76562
  0
LINE
  8
0
 10
33.7529
 20
4.76562
 11
33.7227
 21
4.72656
  0
LINE
  8
0
 10
33.7227
 20
4.72656
 11
33.6621
 21
4.64648
  0
LINE
  8
0
 10
33.6621
 20
4.64648
 11
33.6318
 21
4.60742
  0
LINE
  8
0
 10
33.6318
 20
4.60742
 11
33.6025
 21
4.56738
  0
LINE
  8
0
 10
33.6025
 20
4.56738
 11
33.5723
 21
4.52734
  0
LINE
  8
0
 10
33.5723
 20
4.52734
 11
33.5137
 21
4.44727
  0
LINE
  8
0
 10
33.5137
 20
4.44727
 11
33.4834
 21
4.40723
  0
LINE
  8
0
 10
33.4834
 20
4.40723
 11
33.4541
 21
4.36621
  0
LINE
  8
0
 10
33.4541
 20
4.36621
 11
33.3955
 21
4.28613
  0
LINE
  8
0
 10
33.3955
 20
4.28613
 11
33.3672
 21
4.24512
  0
LINE
  8
0
 10
33.3672
 20
4.24512
 11
33.3379
 21
4.20508
  0
LINE
  8
0
 10
33.3379
 20
4.20508
 11
33.3086
 21
4.16406
  0
LINE
  8
0
 10
33.3086
 20
4.16406
 11
33.252
 21
4.08203
  0
LINE
  8
0
 10
33.252
 20
4.08203
 11
33.2227
 21
4.04102
  0
LINE
  8
0
 10
33.2227
 20
4.04102
 11
33.1377
 21
3.91797
  0
LINE
  8
0
 10
33.1377
 20
3.91797
 11
33.1104
 21
3.87695
  0
LINE
  8
0
 10
33.1104
 20
3.87695
 11
33.082
 21
3.83594
  0
LINE
  8
0
 10
33.082
 20
3.83594
 11
33.0547
 21
3.79395
  0
LINE
  8
0
 10
33.0547
 20
3.79395
 11
33.0264
 21
3.75195
  0
LINE
  8
0
 10
33.0264
 20
3.75195
 11
32.999
 21
3.71094
  0
LINE
  8
0
 10
32.999
 20
3.71094
 11
32.917
 21
3.58496
  0
LINE
  8
0
 10
32.917
 20
3.58496
 11
32.8906
 21
3.54297
  0
LINE
  8
0
 10
32.8906
 20
3.54297
 11
32.8633
 21
3.50098
  0
LINE
  8
0
 10
32.8633
 20
3.50098
 11
32.8369
 21
3.45898
  0
LINE
  8
0
 10
32.8369
 20
3.45898
 11
32.8105
 21
3.41602
  0
LINE
  8
0
 10
32.8105
 20
3.41602
 11
32.7842
 21
3.37402
  0
LINE
  8
0
 10
32.7842
 20
3.37402
 11
32.7051
 21
3.24512
  0
LINE
  8
0
 10
32.7051
 20
3.24512
 11
32.6543
 21
3.15918
  0
LINE
  8
0
 10
32.6543
 20
3.15918
 11
32.6279
 21
3.11621
  0
LINE
  8
0
 10
32.6279
 20
3.11621
 11
32.6035
 21
3.07324
  0
LINE
  8
0
 10
32.6035
 20
3.07324
 11
32.5781
 21
3.0293
  0
LINE
  8
0
 10
32.5781
 20
3.0293
 11
32.5527
 21
2.98633
  0
LINE
  8
0
 10
32.5527
 20
2.98633
 11
32.5283
 21
2.94238
  0
LINE
  8
0
 10
32.5283
 20
2.94238
 11
32.5029
 21
2.89844
  0
LINE
  8
0
 10
32.5029
 20
2.89844
 11
32.4541
 21
2.81055
  0
LINE
  8
0
 10
32.4541
 20
2.81055
 11
32.4307
 21
2.7666
  0
LINE
  8
0
 10
32.4307
 20
2.7666
 11
32.4062
 21
2.72266
  0
LINE
  8
0
 10
32.4062
 20
2.72266
 11
32.3828
 21
2.67773
  0
LINE
  8
0
 10
32.3828
 20
2.67773
 11
32.3594
 21
2.63379
  0
LINE
  8
0
 10
32.3594
 20
2.63379
 11
32.2891
 21
2.49902
  0
LINE
  8
0
 10
32.2891
 20
2.49902
 11
32.2441
 21
2.40918
  0
LINE
  8
0
 10
32.2441
 20
2.40918
 11
32.2217
 21
2.36328
  0
LINE
  8
0
 10
32.2217
 20
2.36328
 11
32.1992
 21
2.31836
  0
LINE
  8
0
 10
32.1992
 20
2.31836
 11
32.1768
 21
2.27246
  0
LINE
  8
0
 10
32.1768
 20
2.27246
 11
32.0908
 21
2.08887
  0
LINE
  8
0
 10
32.0908
 20
2.08887
 11
32.0693
 21
2.04199
  0
LINE
  8
0
 10
32.0693
 20
2.04199
 11
32.0488
 21
1.99609
  0
LINE
  8
0
 10
32.0488
 20
1.99609
 11
31.9668
 21
1.80859
  0
LINE
  8
0
 10
31.9668
 20
1.80859
 11
31.9473
 21
1.76074
  0
LINE
  8
0
 10
31.9473
 20
1.76074
 11
31.9277
 21
1.71387
  0
LINE
  8
0
 10
31.9277
 20
1.71387
 11
31.9082
 21
1.66602
  0
LINE
  8
0
 10
31.9082
 20
1.66602
 11
31.8896
 21
1.61816
  0
LINE
  8
0
 10
31.8896
 20
1.61816
 11
31.8701
 21
1.57031
  0
LINE
  8
0
 10
31.8701
 20
1.57031
 11
31.833
 21
1.47461
  0
LINE
  8
0
 10
31.833
 20
1.47461
 11
31.8154
 21
1.42578
  0
LINE
  8
0
 10
31.8154
 20
1.42578
 11
31.7969
 21
1.37793
  0
LINE
  8
0
 10
31.7969
 20
1.37793
 11
31.7617
 21
1.28027
  0
LINE
  8
0
 10
31.7617
 20
1.28027
 11
31.7451
 21
1.23145
  0
LINE
  8
0
 10
31.7451
 20
1.23145
 11
31.7275
 21
1.18164
  0
LINE
  8
0
 10
31.7275
 20
1.18164
 11
31.7109
 21
1.13281
  0
LINE
  8
0
 10
31.7109
 20
1.13281
 11
31.6943
 21
1.08301
  0
LINE
  8
0
 10
31.6943
 20
1.08301
 11
31.6787
 21
1.0332
  0
LINE
  8
0
 10
31.6787
 20
1.0332
 11
31.6621
 21
0.983398
  0
LINE
  8
0
 10
31.6621
 20
0.983398
 11
31.6309
 21
0.883789
  0
LINE
  8
0
 10
31.6309
 20
0.883789
 11
31.6162
 21
0.833008
  0
LINE
  8
0
 10
31.6162
 20
0.833008
 11
31.6006
 21
0.783203
  0
LINE
  8
0
 10
31.6006
 20
0.783203
 11
31.5713
 21
0.681641
  0
LINE
  8
0
 10
31.5713
 20
0.681641
 11
31.5576
 21
0.629883
  0
LINE
  8
0
 10
31.5576
 20
0.629883
 11
31.543
 21
0.579102
  0
LINE
  8
0
 10
31.543
 20
0.579102
 11
31.5293
 21
0.527344
  0
LINE
  8
0
 10
31.5293
 20
0.527344
 11
31.5166
 21
0.475586
  0
LINE
  8
0
 10
31.5166
 20
0.475586
 11
31.5029
 21
0.423828
  0
LINE
  8
0
 10
31.5029
 20
0.423828
 11
31.4902
 21
0.37207
  0
LINE
  8
0
 10
31.4902
 20
0.37207
 11
31.4775
 21
0.319336
  0
LINE
  8
0
 10
31.4775
 20
0.319336
 11
31.4658
 21
0.267578
  0
LINE
  8
0
 10
31.4658
 20
0.267578
 11
31.4531
 21
0.214844
  0
LINE
  8
0
 10
31.4531
 20
0.214844
 11
31.4414
 21
0.162109
  0
LINE
  8
0
 10
31.4414
 20
0.162109
 11
31.4307
 21
0.109375
  0
LINE
  8
0
 10
31.4307
 20
0.109375
 11
31.4189
 21
0.0556641
  0
LINE
  8
0
 10
31.4189
 20
0.0556641
 11
31.4082
 21
0.00292969
  0
LINE
  8
0
 10
31.4082
 20
0.00292969
 11
31.3975
 21
-0.0507812
  0
LINE
  8
0
 10
31.3975
 20
-0.0507812
 11
31.3779
 21
-0.158203
  0
LINE
  8
0
 10
31.3779
 20
-0.158203
 11
31.3682
 21
-0.212891
  0
LINE
  8
0
 10
31.3682
 20
-0.212891
 11
31.3584
 21
-0.266602
  0
LINE
  8
0
 10
31.3584
 20
-0.266602
 11
31.3408
 21
-0.375977
  0
LINE
  8
0
 10
31.3408
 20
-0.375977
 11
31.332
 21
-0.431641
  0
LINE
  8
0
 10
31.332
 20
-0.431641
 11
31.3242
 21
-0.486328
  0
LINE
  8
0
 10
31.3242
 20
-0.486328
 11
31.3086
 21
-0.597656
  0
LINE
  8
0
 10
31.3086
 20
-0.597656
 11
31.3018
 21
-0.65332
  0
LINE
  8
0
 10
31.3018
 20
-0.65332
 11
31.2939
 21
-0.708984
  0
LINE
  8
0
 10
31.2939
 20
-0.708984
 11
31.2881
 21
-0.765625
  0
LINE
  8
0
 10
31.2881
 20
-0.765625
 11
31.2812
 21
-0.822266
  0
LINE
  8
0
 10
31.2812
 20
-0.822266
 11
31.2754
 21
-0.878906
  0
LINE
  8
0
 10
31.2754
 20
-0.878906
 11
31.2705
 21
-0.927734
  0
LINE
  8
0
 10
31.2705
 20
-0.927734
 11
31.2656
 21
-0.977539
  0
LINE
  8
0
 10
31.2656
 20
-0.977539
 11
31.2607
 21
-1.02637
  0
LINE
  8
0
 10
31.2607
 20
-1.02637
 11
31.2559
 21
-1.07617
  0
LINE
  8
0
 10
31.2559
 20
-1.07617
 11
31.25
 21
-1.12598
  0
LINE
  8
0
 10
31.25
 20
-1.12598
 11
31.2451
 21
-1.1748
  0
LINE
  8
0
 10
31.2451
 20
-1.1748
 11
31.2354
 21
-1.27441
  0
LINE
  8
0
 10
31.2354
 20
-1.27441
 11
31.2305
 21
-1.32324
  0
LINE
  8
0
 10
31.2305
 20
-1.32324
 11
31.2207
 21
-1.42285
  0
LINE
  8
0
 10
31.2207
 20
-1.42285
 11
31.2158
 21
-1.47168
  0
LINE
  8
0
 10
31.2158
 20
-1.47168
 11
31.2061
 21
-1.57129
  0
LINE
  8
0
 10
31.2061
 20
-1.57129
 11
31.2012
 21
-1.62012
  0
LINE
  8
0
 10
31.2012
 20
-1.62012
 11
31.1914
 21
-1.71973
  0
LINE
  8
0
 10
31.1914
 20
-1.71973
 11
31.1865
 21
-1.76855
  0
LINE
  8
0
 10
31.1865
 20
-1.76855
 11
31.1816
 21
-1.81836
  0
LINE
  8
0
 10
31.1816
 20
-1.81836
 11
31.1768
 21
-1.86719
  0
LINE
  8
0
 10
31.1768
 20
-1.86719
 11
31.1729
 21
-1.91699
  0
LINE
  8
0
 10
31.1729
 20
-1.91699
 11
31.168
 21
-1.9668
  0
LINE
  8
0
 10
31.168
 20
-1.9668
 11
31.1631
 21
-2.01562
  0
LINE
  8
0
 10
31.1631
 20
-2.01562
 11
31.1484
 21
-2.16504
  0
LINE
  8
0
 10
31.1484
 20
-2.16504
 11
31.1445
 21
-2.21387
  0
LINE
  8
0
 10
31.1445
 20
-2.21387
 11
31.1348
 21
-2.31348
  0
LINE
  8
0
 10
31.1348
 20
-2.31348
 11
31.1299
 21
-2.3623
  0
LINE
  8
0
 10
31.1299
 20
-2.3623
 11
31.125
 21
-2.41211
  0
LINE
  8
0
 10
31.125
 20
-2.41211
 11
31.1211
 21
-2.46191
  0
LINE
  8
0
 10
31.1211
 20
-2.46191
 11
31.1162
 21
-2.51074
  0
LINE
  8
0
 10
31.1162
 20
-2.51074
 11
31.1113
 21
-2.56055
  0
LINE
  8
0
 10
31.1113
 20
-2.56055
 11
31.1074
 21
-2.61035
  0
LINE
  8
0
 10
31.1074
 20
-2.61035
 11
31.1025
 21
-2.65918
  0
LINE
  8
0
 10
31.1025
 20
-2.65918
 11
31.0977
 21
-2.70898
  0
LINE
  8
0
 10
31.0977
 20
-2.70898
 11
31.0938
 21
-2.75879
  0
LINE
  8
0
 10
31.0938
 20
-2.75879
 11
31.0889
 21
-2.80762
  0
LINE
  8
0
 10
31.0889
 20
-2.80762
 11
31.084
 21
-2.85742
  0
LINE
  8
0
 10
31.084
 20
-2.85742
 11
31.0801
 21
-2.90723
  0
LINE
  8
0
 10
31.0801
 20
-2.90723
 11
31.0752
 21
-2.95703
  0
LINE
  8
0
 10
31.0752
 20
-2.95703
 11
31.0713
 21
-3.00586
  0
LINE
  8
0
 10
31.0713
 20
-3.00586
 11
31.0615
 21
-3.10547
  0
LINE
  8
0
 10
31.0615
 20
-3.10547
 11
31.0576
 21
-3.1543
  0
LINE
  8
0
 10
31.0576
 20
-3.1543
 11
31.0527
 21
-3.2041
  0
LINE
  8
0
 10
31.0527
 20
-3.2041
 11
31.0488
 21
-3.25391
  0
LINE
  8
0
 10
31.0488
 20
-3.25391
 11
31.0439
 21
-3.30371
  0
LINE
  8
0
 10
31.0439
 20
-3.30371
 11
31.04
 21
-3.35254
  0
LINE
  8
0
 10
31.04
 20
-3.35254
 11
31.0352
 21
-3.40234
  0
LINE
  8
0
 10
31.0352
 20
-3.40234
 11
31.0273
 21
-3.50195
  0
LINE
  8
0
 10
31.0273
 20
-3.50195
 11
31.0225
 21
-3.55078
  0
LINE
  8
0
 10
31.0225
 20
-3.55078
 11
31.0186
 21
-3.60059
  0
LINE
  8
0
 10
31.0186
 20
-3.60059
 11
31.0137
 21
-3.65039
  0
LINE
  8
0
 10
31.0137
 20
-3.65039
 11
31.0098
 21
-3.69922
  0
LINE
  8
0
 10
31.0098
 20
-3.69922
 11
31.0049
 21
-3.74902
  0
LINE
  8
0
 10
31.0049
 20
-3.74902
 11
30.9971
 21
-3.84863
  0
LINE
  8
0
 10
30.9971
 20
-3.84863
 11
30.9922
 21
-3.89746
  0
LINE
  8
0
 10
30.9922
 20
-3.89746
 11
30.9844
 21
-3.99707
  0
LINE
  8
0
 10
30.9844
 20
-3.99707
 11
30.9795
 21
-4.04688
  0
LINE
  8
0
 10
30.9795
 20
-4.04688
 11
30.9756
 21
-4.0957
  0
LINE
  8
0
 10
30.9756
 20
-4.0957
 11
30.9678
 21
-4.19531
  0
LINE
  8
0
 10
30.9678
 20
-4.19531
 11
30.9629
 21
-4.24512
  0
LINE
  8
0
 10
30.9629
 20
-4.24512
 11
30.959
 21
-4.29395
  0
LINE
  8
0
 10
30.959
 20
-4.29395
 11
30.9473
 21
-4.44336
  0
LINE
  8
0
 10
30.9473
 20
-4.44336
 11
30.9424
 21
-4.49316
  0
LINE
  8
0
 10
30.9424
 20
-4.49316
 11
30.9385
 21
-4.54199
  0
LINE
  8
0
 10
30.9385
 20
-4.54199
 11
30.9268
 21
-4.69141
  0
LINE
  8
0
 10
30.9268
 20
-4.69141
 11
30.9229
 21
-4.74023
  0
LINE
  8
0
 10
30.9229
 20
-4.74023
 11
30.918
 21
-4.79004
  0
LINE
  8
0
 10
30.918
 20
-4.79004
 11
30.9062
 21
-4.93945
  0
LINE
  8
0
 10
30.9062
 20
-4.93945
 11
30.9023
 21
-4.98828
  0
LINE
  8
0
 10
30.9023
 20
-4.98828
 11
30.8906
 21
-5.1377
  0
LINE
  8
0
 10
30.8906
 20
-5.1377
 11
30.8867
 21
-5.18652
  0
LINE
  8
0
 10
30.8867
 20
-5.18652
 11
30.8711
 21
-5.38574
  0
LINE
  8
0
 10
30.8711
 20
-5.38574
 11
30.8672
 21
-5.43457
  0
LINE
  8
0
 10
30.8672
 20
-5.43457
 11
30.8555
 21
-5.58398
  0
LINE
  8
0
 10
30.8555
 20
-5.58398
 11
30.8525
 21
-5.63379
  0
LINE
  8
0
 10
30.8525
 20
-5.63379
 11
30.8486
 21
-5.68359
  0
LINE
  8
0
 10
30.8486
 20
-5.68359
 11
30.8447
 21
-5.73242
  0
LINE
  8
0
 10
30.8447
 20
-5.73242
 11
30.8291
 21
-5.93164
  0
LINE
  8
0
 10
30.8291
 20
-5.93164
 11
30.8262
 21
-5.98047
  0
LINE
  8
0
 10
30.8262
 20
-5.98047
 11
30.8145
 21
-6.12988
  0
LINE
  8
0
 10
30.8145
 20
-6.12988
 11
30.8115
 21
-6.17969
  0
LINE
  8
0
 10
30.8115
 20
-6.17969
 11
30.8076
 21
-6.22949
  0
LINE
  8
0
 10
30.8076
 20
-6.22949
 11
30.8037
 21
-6.27832
  0
LINE
  8
0
 10
30.8037
 20
-6.27832
 11
30.7998
 21
-6.32812
  0
LINE
  8
0
 10
30.7998
 20
-6.32812
 11
30.7969
 21
-6.37793
  0
LINE
  8
0
 10
30.7969
 20
-6.37793
 11
30.7891
 21
-6.47754
  0
LINE
  8
0
 10
30.7891
 20
-6.47754
 11
30.7861
 21
-6.52734
  0
LINE
  8
0
 10
30.7861
 20
-6.52734
 11
30.7822
 21
-6.57617
  0
LINE
  8
0
 10
30.7822
 20
-6.57617
 11
30.7783
 21
-6.62598
  0
LINE
  8
0
 10
30.7783
 20
-6.62598
 11
30.7754
 21
-6.67578
  0
LINE
  8
0
 10
30.7754
 20
-6.67578
 11
30.7676
 21
-6.77539
  0
LINE
  8
0
 10
30.7676
 20
-6.77539
 11
30.7646
 21
-6.8252
  0
LINE
  8
0
 10
30.7646
 20
-6.8252
 11
30.7607
 21
-6.875
  0
LINE
  8
0
 10
30.7607
 20
-6.875
 11
30.7578
 21
-6.92383
  0
LINE
  8
0
 10
30.7578
 20
-6.92383
 11
30.75
 21
-7.02344
  0
LINE
  8
0
 10
30.75
 20
-7.02344
 11
30.7471
 21
-7.07324
  0
LINE
  8
0
 10
30.7471
 20
-7.07324
 11
30.7432
 21
-7.12305
  0
LINE
  8
0
 10
30.7432
 20
-7.12305
 11
30.7402
 21
-7.17285
  0
LINE
  8
0
 10
30.7402
 20
-7.17285
 11
30.7363
 21
-7.22266
  0
LINE
  8
0
 10
30.7363
 20
-7.22266
 11
30.7334
 21
-7.27246
  0
LINE
  8
0
 10
30.7334
 20
-7.27246
 11
30.7295
 21
-7.32129
  0
LINE
  8
0
 10
30.7295
 20
-7.32129
 11
30.7266
 21
-7.37109
  0
LINE
  8
0
 10
30.7266
 20
-7.37109
 11
30.7227
 21
-7.4209
  0
LINE
  8
0
 10
30.7227
 20
-7.4209
 11
30.7197
 21
-7.4707
  0
LINE
  8
0
 10
30.7197
 20
-7.4707
 11
30.7158
 21
-7.52051
  0
LINE
  8
0
 10
30.7158
 20
-7.52051
 11
30.71
 21
-7.62012
  0
LINE
  8
0
 10
30.71
 20
-7.62012
 11
30.7061
 21
-7.66992
  0
LINE
  8
0
 10
30.7061
 20
-7.66992
 11
30.7031
 21
-7.71875
  0
LINE
  8
0
 10
30.7031
 20
-7.71875
 11
30.6992
 21
-7.76855
  0
LINE
  8
0
 10
30.6992
 20
-7.76855
 11
30.6934
 21
-7.86816
  0
LINE
  8
0
 10
30.6934
 20
-7.86816
 11
30.6895
 21
-7.91797
  0
LINE
  8
0
 10
30.6895
 20
-7.91797
 11
30.6836
 21
-8.01758
  0
LINE
  8
0
 10
30.6836
 20
-8.01758
 11
30.6797
 21
-8.06738
  0
LINE
  8
0
 10
30.6797
 20
-8.06738
 11
30.6768
 21
-8.11719
  0
LINE
  8
0
 10
30.6768
 20
-8.11719
 11
30.6738
 21
-8.16602
  0
LINE
  8
0
 10
30.6738
 20
-8.16602
 11
30.6709
 21
-8.21582
  0
LINE
  8
0
 10
30.6709
 20
-8.21582
 11
30.667
 21
-8.26562
  0
LINE
  8
0
 10
30.667
 20
-8.26562
 11
30.6611
 21
-8.36523
  0
LINE
  8
0
 10
30.6611
 20
-8.36523
 11
30.6572
 21
-8.41504
  0
LINE
  8
0
 10
30.6572
 20
-8.41504
 11
30.6455
 21
-8.61426
  0
LINE
  8
0
 10
30.6455
 20
-8.61426
 11
30.6416
 21
-8.66406
  0
LINE
  8
0
 10
30.6416
 20
-8.66406
 11
30.6387
 21
-8.71289
  0
LINE
  8
0
 10
30.6387
 20
-8.71289
 11
30.6211
 21
-9.01172
  0
LINE
  8
0
 10
30.6211
 20
-9.01172
 11
30.6172
 21
-9.06152
  0
LINE
  8
0
 10
30.6172
 20
-9.06152
 11
30.5967
 21
-9.41016
  0
LINE
  8
0
 10
30.5967
 20
-9.41016
 11
30.5938
 21
-9.45898
  0
LINE
  8
0
 10
30.5938
 20
-9.45898
 11
30.5674
 21
-9.90723
  0
LINE
  8
0
 10
30.5674
 20
-9.90723
 11
30.5654
 21
-9.95703
  0
LINE
  8
0
 10
30.5654
 20
-9.95703
 11
30.5479
 21
-10.2559
  0
LINE
  8
0
 10
30.5479
 20
-10.2559
 11
30.5459
 21
-10.3057
  0
LINE
  8
0
 10
30.5459
 20
-10.3057
 11
30.5342
 21
-10.5049
  0
LINE
  8
0
 10
30.5342
 20
-10.5049
 11
30.5322
 21
-10.5547
  0
LINE
  8
0
 10
30.5322
 20
-10.5547
 11
30.5234
 21
-10.7041
  0
LINE
  8
0
 10
30.5234
 20
-10.7041
 11
30.5215
 21
-10.7539
  0
LINE
  8
0
 10
30.5215
 20
-10.7539
 11
30.5127
 21
-10.9033
  0
LINE
  8
0
 10
30.5127
 20
-10.9033
 11
30.5107
 21
-10.9531
  0
LINE
  8
0
 10
30.5107
 20
-10.9531
 11
30.5078
 21
-11.002
  0
LINE
  8
0
 10
30.5078
 20
-11.002
 11
30.5049
 21
-11.0518
  0
LINE
  8
0
 10
30.5049
 20
-11.0518
 11
30.5029
 21
-11.1016
  0
LINE
  8
0
 10
30.5029
 20
-11.1016
 11
30.4971
 21
-11.2012
  0
LINE
  8
0
 10
30.4971
 20
-11.2012
 11
30.4951
 21
-11.251
  0
LINE
  8
0
 10
30.4951
 20
-11.251
 11
30.4922
 21
-11.3008
  0
LINE
  8
0
 10
30.4922
 20
-11.3008
 11
30.4902
 21
-11.3506
  0
LINE
  8
0
 10
30.4902
 20
-11.3506
 11
30.4844
 21
-11.4502
  0
LINE
  8
0
 10
30.4844
 20
-11.4502
 11
30.4824
 21
-11.5
  0
LINE
  8
0
 10
30.4824
 20
-11.5
 11
30.4795
 21
-11.5498
  0
LINE
  8
0
 10
30.4795
 20
-11.5498
 11
30.4775
 21
-11.6006
  0
LINE
  8
0
 10
30.4775
 20
-11.6006
 11
30.4717
 21
-11.7002
  0
LINE
  8
0
 10
30.4717
 20
-11.7002
 11
30.4697
 21
-11.75
  0
LINE
  8
0
 10
30.4697
 20
-11.75
 11
30.4668
 21
-11.7998
  0
LINE
  8
0
 10
30.4668
 20
-11.7998
 11
30.4648
 21
-11.8496
  0
LINE
  8
0
 10
30.4648
 20
-11.8496
 11
30.4619
 21
-11.8994
  0
LINE
  8
0
 10
30.4619
 20
-11.8994
 11
30.46
 21
-11.9492
  0
LINE
  8
0
 10
30.46
 20
-11.9492
 11
30.457
 21
-11.999
  0
LINE
  8
0
 10
30.457
 20
-11.999
 11
30.4551
 21
-12.0488
  0
LINE
  8
0
 10
30.4551
 20
-12.0488
 11
30.4521
 21
-12.0986
  0
LINE
  8
0
 10
30.4521
 20
-12.0986
 11
30.4482
 21
-12.1982
  0
LINE
  8
0
 10
30.4482
 20
-12.1982
 11
30.4453
 21
-12.248
  0
LINE
  8
0
 10
30.4453
 20
-12.248
 11
30.4434
 21
-12.2979
  0
LINE
  8
0
 10
30.4434
 20
-12.2979
 11
30.4404
 21
-12.3477
  0
LINE
  8
0
 10
30.4404
 20
-12.3477
 11
30.4385
 21
-12.3975
  0
LINE
  8
0
 10
30.4385
 20
-12.3975
 11
30.4355
 21
-12.4473
  0
LINE
  8
0
 10
30.4355
 20
-12.4473
 11
30.4316
 21
-12.5469
  0
LINE
  8
0
 10
30.4316
 20
-12.5469
 11
30.4287
 21
-12.5967
  0
LINE
  8
0
 10
30.4287
 20
-12.5967
 11
30.4248
 21
-12.6963
  0
LINE
  8
0
 10
30.4248
 20
-12.6963
 11
30.4219
 21
-12.7461
  0
LINE
  8
0
 10
30.4219
 20
-12.7461
 11
30.418
 21
-12.8457
  0
LINE
  8
0
 10
30.418
 20
-12.8457
 11
30.415
 21
-12.8955
  0
LINE
  8
0
 10
30.415
 20
-12.8955
 11
30.4111
 21
-12.9951
  0
LINE
  8
0
 10
30.4111
 20
-12.9951
 11
30.4082
 21
-13.0449
  0
LINE
  8
0
 10
30.4082
 20
-13.0449
 11
30.4043
 21
-13.1445
  0
LINE
  8
0
 10
30.4043
 20
-13.1445
 11
30.4014
 21
-13.1953
  0
LINE
  8
0
 10
30.4014
 20
-13.1953
 11
30.3936
 21
-13.3945
  0
LINE
  8
0
 10
30.3936
 20
-13.3945
 11
30.3906
 21
-13.4443
  0
LINE
  8
0
 10
30.3906
 20
-13.4443
 11
30.3848
 21
-13.5938
  0
LINE
  8
0
 10
30.3848
 20
-13.5938
 11
30.3818
 21
-13.6436
  0
LINE
  8
0
 10
30.3818
 20
-13.6436
 11
30.3721
 21
-13.8926
  0
LINE
  8
0
 10
30.3721
 20
-13.8926
 11
30.3701
 21
-13.9434
  0
LINE
  8
0
 10
30.3701
 20
-13.9434
 11
30.3672
 21
-13.9932
  0
LINE
  8
0
 10
30.3672
 20
-13.9932
 11
30.3477
 21
-14.4912
  0
LINE
  8
0
 10
30.3477
 20
-14.4912
 11
30.3457
 21
-14.542
  0
LINE
  8
0
 10
30.3457
 20
-14.542
 11
30.3262
 21
-15.04
  0
LINE
  8
0
 10
30.3262
 20
-15.04
 11
30.3242
 21
-15.0908
  0
LINE
  8
0
 10
30.3242
 20
-15.0908
 11
30.3145
 21
-15.3398
  0
LINE
  8
0
 10
30.3145
 20
-15.3398
 11
30.3135
 21
-15.3896
  0
LINE
  8
0
 10
30.3135
 20
-15.3896
 11
30.3096
 21
-15.4893
  0
LINE
  8
0
 10
30.3096
 20
-15.4893
 11
30.3076
 21
-15.54
  0
LINE
  8
0
 10
30.3076
 20
-15.54
 11
30.3018
 21
-15.6895
  0
LINE
  8
0
 10
30.3018
 20
-15.6895
 11
30.3008
 21
-15.7393
  0
LINE
  8
0
 10
30.3008
 20
-15.7393
 11
30.2949
 21
-15.8887
  0
LINE
  8
0
 10
30.2949
 20
-15.8887
 11
30.293
 21
-15.9395
  0
LINE
  8
0
 10
30.293
 20
-15.9395
 11
30.292
 21
-15.9893
  0
LINE
  8
0
 10
30.292
 20
-15.9893
 11
30.2842
 21
-16.1885
  0
LINE
  8
0
 10
30.2842
 20
-16.1885
 11
30.2832
 21
-16.2383
  0
LINE
  8
0
 10
30.2832
 20
-16.2383
 11
30.2773
 21
-16.3887
  0
LINE
  8
0
 10
30.2773
 20
-16.3887
 11
30.2764
 21
-16.4385
  0
LINE
  8
0
 10
30.2764
 20
-16.4385
 11
30.2725
 21
-16.5381
  0
LINE
  8
0
 10
30.2725
 20
-16.5381
 11
30.2715
 21
-16.5879
  0
LINE
  8
0
 10
30.2715
 20
-16.5879
 11
30.2676
 21
-16.6885
  0
LINE
  8
0
 10
30.2676
 20
-16.6885
 11
30.2666
 21
-16.7383
  0
LINE
  8
0
 10
30.2666
 20
-16.7383
 11
30.2627
 21
-16.8379
  0
LINE
  8
0
 10
30.2627
 20
-16.8379
 11
30.2617
 21
-16.8877
  0
LINE
  8
0
 10
30.2617
 20
-16.8877
 11
30.2578
 21
-16.9873
  0
LINE
  8
0
 10
30.2578
 20
-16.9873
 11
30.2568
 21
-17.0381
  0
LINE
  8
0
 10
30.2568
 20
-17.0381
 11
30.2529
 21
-17.1377
  0
LINE
  8
0
 10
30.2529
 20
-17.1377
 11
30.252
 21
-17.1875
  0
LINE
  8
0
 10
30.252
 20
-17.1875
 11
30.25
 21
-17.2373
  0
LINE
  8
0
 10
30.25
 20
-17.2373
 11
30.249
 21
-17.2871
  0
LINE
  8
0
 10
30.249
 20
-17.2871
 11
30.2471
 21
-17.3379
  0
LINE
  8
0
 10
30.2471
 20
-17.3379
 11
30.2461
 21
-17.3877
  0
LINE
  8
0
 10
30.2461
 20
-17.3877
 11
30.2422
 21
-17.4873
  0
LINE
  8
0
 10
30.2422
 20
-17.4873
 11
30.2412
 21
-17.5371
  0
LINE
  8
0
 10
30.2412
 20
-17.5371
 11
30.2393
 21
-17.5869
  0
LINE
  8
0
 10
30.2393
 20
-17.5869
 11
30.2383
 21
-17.6367
  0
LINE
  8
0
 10
30.2383
 20
-17.6367
 11
30.2363
 21
-17.6875
  0
LINE
  8
0
 10
30.2363
 20
-17.6875
 11
30.2354
 21
-17.7373
  0
LINE
  8
0
 10
30.2354
 20
-17.7373
 11
30.2334
 21
-17.7871
  0
LINE
  8
0
 10
30.2334
 20
-17.7871
 11
30.2324
 21
-17.8369
  0
LINE
  8
0
 10
30.2324
 20
-17.8369
 11
30.2305
 21
-17.8867
  0
LINE
  8
0
 10
30.2305
 20
-17.8867
 11
30.2295
 21
-17.9365
  0
LINE
  8
0
 10
30.2295
 20
-17.9365
 11
30.2275
 21
-17.9873
  0
LINE
  8
0
 10
30.2275
 20
-17.9873
 11
30.2266
 21
-18.0371
  0
LINE
  8
0
 10
30.2266
 20
-18.0371
 11
30.2246
 21
-18.0869
  0
LINE
  8
0
 10
30.2246
 20
-18.0869
 11
30.2236
 21
-18.1367
  0
LINE
  8
0
 10
30.2236
 20
-18.1367
 11
30.2217
 21
-18.1865
  0
LINE
  8
0
 10
30.2217
 20
-18.1865
 11
30.2207
 21
-18.2373
  0
LINE
  8
0
 10
30.2207
 20
-18.2373
 11
30.2188
 21
-18.2871
  0
LINE
  8
0
 10
30.2188
 20
-18.2871
 11
30.2178
 21
-18.3369
  0
LINE
  8
0
 10
30.2178
 20
-18.3369
 11
30.2158
 21
-18.3867
  0
LINE
  8
0
 10
30.2158
 20
-18.3867
 11
30.2139
 21
-18.4863
  0
LINE
  8
0
 10
30.2139
 20
-18.4863
 11
30.2119
 21
-18.5371
  0
LINE
  8
0
 10
30.2119
 20
-18.5371
 11
30.2109
 21
-18.5869
  0
LINE
  8
0
 10
30.2109
 20
-18.5869
 11
30.209
 21
-18.6367
  0
LINE
  8
0
 10
30.209
 20
-18.6367
 11
30.207
 21
-18.7363
  0
LINE
  8
0
 10
30.207
 20
-18.7363
 11
30.2051
 21
-18.7871
  0
LINE
  8
0
 10
30.2051
 20
-18.7871
 11
30.2041
 21
-18.8369
  0
LINE
  8
0
 10
30.2041
 20
-18.8369
 11
30.2021
 21
-18.8867
  0
LINE
  8
0
 10
30.2021
 20
-18.8867
 11
30.2002
 21
-18.9863
  0
LINE
  8
0
 10
30.2002
 20
-18.9863
 11
30.1982
 21
-19.0361
  0
LINE
  8
0
 10
30.1982
 20
-19.0361
 11
30.1963
 21
-19.1367
  0
LINE
  8
0
 10
30.1963
 20
-19.1367
 11
30.1943
 21
-19.1865
  0
LINE
  8
0
 10
30.1943
 20
-19.1865
 11
30.1924
 21
-19.2861
  0
LINE
  8
0
 10
30.1924
 20
-19.2861
 11
30.1904
 21
-19.3369
  0
LINE
  8
0
 10
30.1904
 20
-19.3369
 11
30.1875
 21
-19.4863
  0
LINE
  8
0
 10
30.1875
 20
-19.4863
 11
30.1855
 21
-19.5361
  0
LINE
  8
0
 10
30.1855
 20
-19.5361
 11
30.1836
 21
-19.6367
  0
LINE
  8
0
 10
30.1836
 20
-19.6367
 11
30.1816
 21
-19.6865
  0
LINE
  8
0
 10
30.1816
 20
-19.6865
 11
30.1787
 21
-19.8369
  0
LINE
  8
0
 10
30.1787
 20
-19.8369
 11
30.1768
 21
-19.8867
  0
LINE
  8
0
 10
30.1768
 20
-19.8867
 11
30.1729
 21
-20.0869
  0
LINE
  8
0
 10
30.1729
 20
-20.0869
 11
30.1709
 21
-20.1367
  0
LINE
  8
0
 10
30.1709
 20
-20.1367
 11
30.167
 21
-20.3369
  0
LINE
  8
0
 10
30.167
 20
-20.3369
 11
30.165
 21
-20.3867
  0
LINE
  8
0
 10
30.165
 20
-20.3867
 11
30.1602
 21
-20.6367
  0
LINE
  8
0
 10
30.1602
 20
-20.6367
 11
30.1582
 21
-20.6865
  0
LINE
  8
0
 10
30.1582
 20
-20.6865
 11
30.1504
 21
-21.0869
  0
LINE
  8
0
 10
30.1504
 20
-21.0869
 11
30.1484
 21
-21.1367
  0
LINE
  8
0
 10
30.1484
 20
-21.1367
 11
30.1162
 21
-22.7891
  0
LINE
  8
0
 10
30.1162
 20
-22.7891
 11
30.1162
 21
-22.8389
  0
LINE
  8
0
 10
30.1162
 20
-22.8389
 11
30.1084
 21
-23.2393
  0
LINE
  8
0
 10
30.1084
 20
-23.2393
 11
30.1084
 21
-23.2891
  0
LINE
  8
0
 10
30.1084
 20
-23.2891
 11
30.1025
 21
-23.5898
  0
LINE
  8
0
 10
30.1025
 20
-23.5898
 11
30.1025
 21
-23.6396
  0
LINE
  8
0
 10
30.1025
 20
-23.6396
 11
30.0977
 21
-23.8906
  0
LINE
  8
0
 10
30.0977
 20
-23.8906
 11
30.0977
 21
-23.9404
  0
LINE
  8
0
 10
30.0977
 20
-23.9404
 11
30.0938
 21
-24.1406
  0
LINE
  8
0
 10
30.0938
 20
-24.1406
 11
30.0938
 21
-24.1904
  0
LINE
  8
0
 10
30.0938
 20
-24.1904
 11
30.0908
 21
-24.3408
  0
LINE
  8
0
 10
30.0908
 20
-24.3408
 11
30.0908
 21
-24.3906
  0
LINE
  8
0
 10
30.0908
 20
-24.3906
 11
30.0879
 21
-24.541
  0
LINE
  8
0
 10
30.0879
 20
-24.541
 11
30.0879
 21
-24.5908
  0
LINE
  8
0
 10
30.0879
 20
-24.5908
 11
30.085
 21
-24.7412
  0
LINE
  8
0
 10
30.085
 20
-24.7412
 11
30.085
 21
-24.792
  0
LINE
  8
0
 10
30.085
 20
-24.792
 11
30.082
 21
-24.9414
  0
LINE
  8
0
 10
30.082
 20
-24.9414
 11
30.082
 21
-24.9922
  0
LINE
  8
0
 10
30.082
 20
-24.9922
 11
30.0801
 21
-25.0918
  0
LINE
  8
0
 10
30.0801
 20
-25.0918
 11
30.0801
 21
-25.1426
  0
LINE
  8
0
 10
30.0801
 20
-25.1426
 11
30.0771
 21
-25.293
  0
LINE
  8
0
 10
30.0771
 20
-25.293
 11
30.0771
 21
-25.3428
  0
LINE
  8
0
 10
30.0771
 20
-25.3428
 11
30.0752
 21
-25.4424
  0
LINE
  8
0
 10
30.0752
 20
-25.4424
 11
30.0752
 21
-25.4932
  0
LINE
  8
0
 10
30.0752
 20
-25.4932
 11
30.0732
 21
-25.5928
  0
LINE
  8
0
 10
30.0732
 20
-25.5928
 11
30.0732
 21
-25.6436
  0
LINE
  8
0
 10
30.0732
 20
-25.6436
 11
30.0713
 21
-25.7432
  0
LINE
  8
0
 10
30.0713
 20
-25.7432
 11
30.0713
 21
-25.7939
  0
LINE
  8
0
 10
30.0713
 20
-25.7939
 11
30.0693
 21
-25.8936
  0
LINE
  8
0
 10
30.0693
 20
-25.8936
 11
30.0693
 21
-25.9434
  0
LINE
  8
0
 10
30.0693
 20
-25.9434
 11
30.0674
 21
-26.0439
  0
LINE
  8
0
 10
30.0674
 20
-26.0439
 11
30.0674
 21
-26.0938
  0
LINE
  8
0
 10
30.0674
 20
-26.0938
 11
30.0664
 21
-26.1445
  0
LINE
  8
0
 10
30.0664
 20
-26.1445
 11
30.0664
 21
-26.1943
  0
LINE
  8
0
 10
30.0664
 20
-26.1943
 11
30.0645
 21
-26.2949
  0
LINE
  8
0
 10
30.0645
 20
-26.2949
 11
30.0645
 21
-26.3447
  0
LINE
  8
0
 10
30.0645
 20
-26.3447
 11
30.0625
 21
-26.4443
  0
LINE
  8
0
 10
30.0625
 20
-26.4443
 11
30.0625
 21
-26.4951
  0
LINE
  8
0
 10
30.0625
 20
-26.4951
 11
30.0615
 21
-26.5449
  0
LINE
  8
0
 10
30.0615
 20
-26.5449
 11
30.0615
 21
-26.5947
  0
LINE
  8
0
 10
30.0615
 20
-26.5947
 11
30.0596
 21
-26.6953
  0
LINE
  8
0
 10
30.0596
 20
-26.6953
 11
30.0596
 21
-26.7451
  0
LINE
  8
0
 10
30.0596
 20
-26.7451
 11
30.0586
 21
-26.7959
  0
LINE
  8
0
 10
30.0586
 20
-26.7959
 11
30.0586
 21
-26.8457
  0
LINE
  8
0
 10
30.0586
 20
-26.8457
 11
30.0566
 21
-26.9463
  0
LINE
  8
0
 10
30.0566
 20
-26.9463
 11
30.0566
 21
-26.9961
  0
LINE
  8
0
 10
30.0566
 20
-26.9961
 11
30.0557
 21
-27.0459
  0
LINE
  8
0
 10
30.0557
 20
-27.0459
 11
30.0557
 21
-27.0967
  0
LINE
  8
0
 10
30.0557
 20
-27.0967
 11
30.0547
 21
-27.1465
  0
LINE
  8
0
 10
30.0547
 20
-27.1465
 11
30.0547
 21
-27.1963
  0
LINE
  8
0
 10
30.0547
 20
-27.1963
 11
30.0527
 21
-27.2969
  0
LINE
  8
0
 10
30.0527
 20
-27.2969
 11
30.0527
 21
-27.3467
  0
LINE
  8
0
 10
30.0527
 20
-27.3467
 11
30.0518
 21
-27.3965
  0
LINE
  8
0
 10
30.0518
 20
-27.3965
 11
30.0518
 21
-27.4473
  0
LINE
  8
0
 10
30.0518
 20
-27.4473
 11
30.0508
 21
-27.4971
  0
LINE
  8
0
 10
30.0508
 20
-27.4971
 11
30.0508
 21
-27.5469
  0
LINE
  8
0
 10
30.0508
 20
-27.5469
 11
30.0498
 21
-27.5977
  0
LINE
  8
0
 10
30.0498
 20
-27.5977
 11
30.0498
 21
-27.6475
  0
LINE
  8
0
 10
30.0498
 20
-27.6475
 11
30.0488
 21
-27.6973
  0
LINE
  8
0
 10
30.0488
 20
-27.6973
 11
30.0488
 21
-27.748
  0
LINE
  8
0
 10
30.0488
 20
-27.748
 11
30.0479
 21
-27.7979
  0
LINE
  8
0
 10
30.0479
 20
-27.7979
 11
30.0479
 21
-27.8477
  0
LINE
  8
0
 10
30.0479
 20
-27.8477
 11
30.0459
 21
-27.9482
  0
LINE
  8
0
 10
30.0459
 20
-27.9482
 11
30.0459
 21
-27.998
  0
LINE
  8
0
 10
30.0459
 20
-27.998
 11
30.0449
 21
-28.0488
  0
LINE
  8
0
 10
30.0449
 20
-28.0488
 11
30.0449
 21
-28.0986
  0
LINE
  8
0
 10
30.0449
 20
-28.0986
 11
30.0439
 21
-28.1484
  0
LINE
  8
0
 10
30.0439
 20
-28.1484
 11
30.0439
 21
-28.1992
  0
LINE
  8
0
 10
30.0439
 20
-28.1992
 11
30.043
 21
-28.249
  0
LINE
  8
0
 10
30.043
 20
-28.249
 11
30.043
 21
-28.2988
  0
LINE
  8
0
 10
30.043
 20
-28.2988
 11
30.042
 21
-28.3496
  0
LINE
  8
0
 10
30.042
 20
-28.3496
 11
30.042
 21
-28.3994
  0
LINE
  8
0
 10
30.042
 20
-28.3994
 11
30.041
 21
-28.4492
  0
LINE
  8
0
 10
30.041
 20
-28.4492
 11
30.041
 21
-28.5
  0
LINE
  8
0
 10
30.041
 20
-28.5
 11
30.04
 21
-28.5498
  0
LINE
  8
0
 10
30.04
 20
-28.5498
 11
30.04
 21
-28.5996
  0
LINE
  8
0
 10
30.04
 20
-28.5996
 11
30.0391
 21
-28.6504
  0
LINE
  8
0
 10
30.0391
 20
-28.6504
 11
30.0391
 21
-28.75
  0
LINE
  8
0
 10
30.0391
 20
-28.75
 11
30.0381
 21
-28.8008
  0
LINE
  8
0
 10
30.0381
 20
-28.8008
 11
30.0381
 21
-28.8506
  0
LINE
  8
0
 10
30.0381
 20
-28.8506
 11
30.0371
 21
-28.9004
  0
LINE
  8
0
 10
30.0371
 20
-28.9004
 11
30.0371
 21
-28.9512
  0
LINE
  8
0
 10
30.0371
 20
-28.9512
 11
30.0361
 21
-29.001
  0
LINE
  8
0
 10
30.0361
 20
-29.001
 11
30.0361
 21
-29.0508
  0
LINE
  8
0
 10
30.0361
 20
-29.0508
 11
30.0352
 21
-29.1016
  0
LINE
  8
0
 10
30.0352
 20
-29.1016
 11
30.0352
 21
-29.1514
  0
LINE
  8
0
 10
30.0352
 20
-29.1514
 11
30.0342
 21
-29.2012
  0
LINE
  8
0
 10
30.0342
 20
-29.2012
 11
30.0342
 21
-29.252
  0
LINE
  8
0
 10
30.0342
 20
-29.252
 11
30.0332
 21
-29.3018
  0
LINE
  8
0
 10
30.0332
 20
-29.3018
 11
30.0332
 21
-29.3516
  0
LINE
  8
0
 10
30.0332
 20
-29.3516
 11
30.0322
 21
-29.4023
  0
LINE
  8
0
 10
30.0322
 20
-29.4023
 11
30.0322
 21
-29.502
  0
LINE
  8
0
 10
30.0322
 20
-29.502
 11
30.0312
 21
-29.5527
  0
LINE
  8
0
 10
30.0312
 20
-29.5527
 11
30.0312
 21
-29.6025
  0
LINE
  8
0
 10
30.0312
 20
-29.6025
 11
30.0303
 21
-29.6523
  0
LINE
  8
0
 10
30.0303
 20
-29.6523
 11
30.0303
 21
-29.7031
  0
LINE
  8
0
 10
30.0303
 20
-29.7031
 11
30.0293
 21
-29.7529
  0
LINE
  8
0
 10
30.0293
 20
-29.7529
 11
30.0293
 21
-29.8027
  0
LINE
  8
0
 10
30.0293
 20
-29.8027
 11
30.0283
 21
-29.8535
  0
LINE
  8
0
 10
30.0283
 20
-29.8535
 11
30.0283
 21
-29.9531
  0
LINE
  8
0
 10
30.0283
 20
-29.9531
 11
30.0273
 21
-30.0039
  0
LINE
  8
0
 10
30.0273
 20
-30.0039
 11
30.0273
 21
-30.0537
  0
LINE
  8
0
 10
30.0273
 20
-30.0537
 11
30.0264
 21
-30.1035
  0
LINE
  8
0
 10
30.0264
 20
-30.1035
 11
30.0264
 21
-30.2041
  0
LINE
  8
0
 10
30.0264
 20
-30.2041
 11
30.0254
 21
-30.2539
  0
LINE
  8
0
 10
30.0254
 20
-30.2539
 11
30.0254
 21
-30.3047
  0
LINE
  8
0
 10
30.0254
 20
-30.3047
 11
30.0244
 21
-30.3545
  0
LINE
  8
0
 10
30.0244
 20
-30.3545
 11
30.0244
 21
-30.4043
  0
LINE
  8
0
 10
30.0244
 20
-30.4043
 11
30.0234
 21
-30.4551
  0
LINE
  8
0
 10
30.0234
 20
-30.4551
 11
30.0234
 21
-30.5547
  0
LINE
  8
0
 10
30.0234
 20
-30.5547
 11
30.0225
 21
-30.6055
  0
LINE
  8
0
 10
30.0225
 20
-30.6055
 11
30.0225
 21
-30.6553
  0
LINE
  8
0
 10
30.0225
 20
-30.6553
 11
30.0215
 21
-30.7051
  0
LINE
  8
0
 10
30.0215
 20
-30.7051
 11
30.0215
 21
-30.8057
  0
LINE
  8
0
 10
30.0215
 20
-30.8057
 11
30.0205
 21
-30.8555
  0
LINE
  8
0
 10
30.0205
 20
-30.8555
 11
30.0205
 21
-30.9062
  0
LINE
  8
0
 10
30.0205
 20
-30.9062
 11
30.0195
 21
-30.9561
  0
LINE
  8
0
 10
30.0195
 20
-30.9561
 11
30.0195
 21
-31.0566
  0
LINE
  8
0
 10
30.0195
 20
-31.0566
 11
30.0186
 21
-31.1064
  0
LINE
  8
0
 10
30.0186
 20
-31.1064
 11
30.0186
 21
-31.1562
  0
LINE
  8
0
 10
30.0186
 20
-31.1562
 11
30.0176
 21
-31.207
  0
LINE
  8
0
 10
30.0176
 20
-31.207
 11
30.0176
 21
-31.3076
  0
LINE
  8
0
 10
30.0176
 20
-31.3076
 11
30.0166
 21
-31.3574
  0
LINE
  8
0
 10
30.0166
 20
-31.3574
 11
30.0166
 21
-31.458
  0
LINE
  8
0
 10
30.0166
 20
-31.458
 11
30.0156
 21
-31.5078
  0
LINE
  8
0
 10
30.0156
 20
-31.5078
 11
30.0156
 21
-31.5576
  0
LINE
  8
0
 10
30.0156
 20
-31.5576
 11
30.0146
 21
-31.6084
  0
LINE
  8
0
 10
30.0146
 20
-31.6084
 11
30.0146
 21
-31.708
  0
LINE
  8
0
 10
30.0146
 20
-31.708
 11
30.0137
 21
-31.7588
  0
LINE
  8
0
 10
30.0137
 20
-31.7588
 11
30.0137
 21
-31.8086
  0
LINE
  8
0
 10
30.0137
 20
-31.8086
 11
30.0127
 21
-31.8584
  0
LINE
  8
0
 10
30.0127
 20
-31.8584
 11
30.0127
 21
-31.959
  0
LINE
  8
0
 10
30.0127
 20
-31.959
 11
30.0117
 21
-32.0088
  0
LINE
  8
0
 10
30.0117
 20
-32.0088
 11
30.0117
 21
-32.1094
  0
LINE
  8
0
 10
30.0117
 20
-32.1094
 11
30.0107
 21
-32.1592
  0
LINE
  8
0
 10
30.0107
 20
-32.1592
 11
30.0107
 21
-32.2598
  0
LINE
  8
0
 10
30.0107
 20
-32.2598
 11
30.0098
 21
-32.3105
  0
LINE
  8
0
 10
30.0098
 20
-32.3105
 11
30.0098
 21
-32.3604
  0
LINE
  8
0
 10
30.0098
 20
-32.3604
 11
30.0088
 21
-32.4102
  0
LINE
  8
0
 10
30.0088
 20
-32.4102
 11
30.0088
 21
-32.5107
  0
LINE
  8
0
 10
30.0088
 20
-32.5107
 11
30.0078
 21
-32.5605
  0
LINE
  8
0
 10
30.0078
 20
-32.5605
 11
30.0078
 21
-32.6611
  0
LINE
  8
0
 10
30.0078
 20
-32.6611
 11
30.0068
 21
-32.7109
  0
LINE
  8
0
 10
30.0068
 20
-32.7109
 11
30.0068
 21
-32.8115
  0
LINE
  8
0
 10
30.0068
 20
-32.8115
 11
30.0059
 21
-32.8613
  0
LINE
  8
0
 10
30.0059
 20
-32.8613
 11
30.0059
 21
-32.9121
  0
LINE
  8
0
 10
30.0059
 20
-32.9121
 11
30.0049
 21
-32.9619
  0
LINE
  8
0
 10
30.0049
 20
-32.9619
 11
30.0049
 21
-33.0625
  0
LINE
  8
0
 10
30.0049
 20
-33.0625
 11
30.0039
 21
-33.1123
  0
LINE
  8
0
 10
30.0039
 20
-33.1123
 11
30.0039
 21
-33.2129
  0
LINE
  8
0
 10
30.0039
 20
-33.2129
 11
30.0029
 21
-33.2627
  0
LINE
  8
0
 10
30.0029
 20
-33.2627
 11
30.0029
 21
-33.3633
  0
LINE
  8
0
 10
30.0029
 20
-33.3633
 11
30.002
 21
-33.4131
  0
LINE
  8
0
 10
30.002
 20
-33.4131
 11
30.002
 21
-33.5137
  0
LINE
  8
0
 10
30.002
 20
-33.5137
 11
30.001
 21
-33.5635
  0
LINE
  8
0
 10
30.001
 20
-33.5635
 11
30.001
 21
-33.6641
  0
LINE
  8
0
 10
30.001
 20
-33.6641
 11
30
 21
-33.7139
  0
LINE
  8
0
 10
30
 20
-33.7139
 11
30
 21
-33.7646
  0
LINE
  8
0
 10
30
 20
-33.7646
 11
29.999
 21
-33.8145
  0
LINE
  8
0
 10
29.999
 20
-33.8145
 11
29.999
 21
-33.915
  0
LINE
  8
0
 10
29.999
 20
-33.915
 11
29.998
 21
-33.9648
  0
LINE
  8
0
 10
29.998
 20
-33.9648
 11
29.998
 21
-34.0654
  0
LINE
  8
0
 10
29.998
 20
-34.0654
 11
29.9971
 21
-34.1152
  0
LINE
  8
0
 10
29.9971
 20
-34.1152
 11
29.9971
 21
-34.2158
  0
LINE
  8
0
 10
29.9971
 20
-34.2158
 11
29.9961
 21
-34.2656
  0
LINE
  8
0
 10
29.9961
 20
-34.2656
 11
29.9961
 21
-34.3662
  0
LINE
  8
0
 10
29.9961
 20
-34.3662
 11
29.9951
 21
-34.416
  0
LINE
  8
0
 10
29.9951
 20
-34.416
 11
29.9951
 21
-34.5166
  0
LINE
  8
0
 10
29.9951
 20
-34.5166
 11
29.9941
 21
-34.5674
  0
LINE
  8
0
 10
29.9941
 20
-34.5674
 11
29.9941
 21
-34.667
  0
LINE
  8
0
 10
29.9941
 20
-34.667
 11
29.9932
 21
-34.7178
  0
LINE
  8
0
 10
29.9932
 20
-34.7178
 11
29.9932
 21
-34.7676
  0
LINE
  8
0
 10
29.9932
 20
-34.7676
 11
29.9922
 21
-34.8174
  0
LINE
  8
0
 10
29.9922
 20
-34.8174
 11
29.9922
 21
-34.918
  0
LINE
  8
0
 10
29.9922
 20
-34.918
 11
29.9912
 21
-34.9678
  0
LINE
  8
0
 10
29.9912
 20
-34.9678
 11
29.9912
 21
-35.0684
  0
LINE
  8
0
 10
29.9912
 20
-35.0684
 11
29.9902
 21
-35.1182
  0
LINE
  8
0
 10
29.9902
 20
-35.1182
 11
29.9902
 21
-35.2188
  0
LINE
  8
0
 10
29.9902
 20
-35.2188
 11
29.9893
 21
-35.2695
  0
LINE
  8
0
 10
29.9893
 20
-35.2695
 11
29.9893
 21
-35.3691
  0
LINE
  8
0
 10
29.9893
 20
-35.3691
 11
29.9883
 21
-35.4199
  0
LINE
  8
0
 10
29.9883
 20
-35.4199
 11
29.9883
 21
-35.5195
  0
LINE
  8
0
 10
29.9883
 20
-35.5195
 11
29.9873
 21
-35.5703
  0
LINE
  8
0
 10
29.9873
 20
-35.5703
 11
29.9873
 21
-35.6201
  0
LINE
  8
0
 10
29.9873
 20
-35.6201
 11
29.9863
 21
-35.6699
  0
LINE
  8
0
 10
29.9863
 20
-35.6699
 11
29.9863
 21
-35.7705
  0
LINE
  8
0
 10
29.9863
 20
-35.7705
 11
29.9854
 21
-35.8203
  0
LINE
  8
0
 10
29.9854
 20
-35.8203
 11
29.9854
 21
-35.9209
  0
LINE
  8
0
 10
29.9854
 20
-35.9209
 11
29.9844
 21
-35.9717
  0
LINE
  8
0
 10
29.9844
 20
-35.9717
 11
29.9844
 21
-36.0713
  0
LINE
  8
0
 10
29.9844
 20
-36.0713
 11
29.9834
 21
-36.1221
  0
LINE
  8
0
 10
29.9834
 20
-36.1221
 11
29.9834
 21
-36.1719
  0
LINE
  8
0
 10
29.9834
 20
-36.1719
 11
29.9824
 21
-36.2217
  0
LINE
  8
0
 10
29.9824
 20
-36.2217
 11
29.9824
 21
-36.3223
  0
LINE
  8
0
 10
29.9824
 20
-36.3223
 11
29.9814
 21
-36.3721
  0
LINE
  8
0
 10
29.9814
 20
-36.3721
 11
29.9814
 21
-36.4727
  0
LINE
  8
0
 10
29.9814
 20
-36.4727
 11
29.9805
 21
-36.5225
  0
LINE
  8
0
 10
29.9805
 20
-36.5225
 11
29.9805
 21
-36.623
  0
LINE
  8
0
 10
29.9805
 20
-36.623
 11
29.9795
 21
-36.6738
  0
LINE
  8
0
 10
29.9795
 20
-36.6738
 11
29.9795
 21
-36.7236
  0
LINE
  8
0
 10
29.9795
 20
-36.7236
 11
29.9785
 21
-36.7734
  0
LINE
  8
0
 10
29.9785
 20
-36.7734
 11
29.9785
 21
-36.874
  0
LINE
  8
0
 10
29.9785
 20
-36.874
 11
29.9775
 21
-36.9238
  0
LINE
  8
0
 10
29.9775
 20
-36.9238
 11
29.9775
 21
-37.0244
  0
LINE
  8
0
 10
29.9775
 20
-37.0244
 11
29.9766
 21
-37.0742
  0
LINE
  8
0
 10
29.9766
 20
-37.0742
 11
29.9766
 21
-37.125
  0
LINE
  8
0
 10
29.9766
 20
-37.125
 11
29.9756
 21
-37.1748
  0
LINE
  8
0
 10
29.9756
 20
-37.1748
 11
29.9756
 21
-37.2754
  0
LINE
  8
0
 10
29.9756
 20
-37.2754
 11
29.9746
 21
-37.3252
  0
LINE
  8
0
 10
29.9746
 20
-37.3252
 11
29.9746
 21
-37.376
  0
LINE
  8
0
 10
29.9746
 20
-37.376
 11
29.9736
 21
-37.4258
  0
LINE
  8
0
 10
29.9736
 20
-37.4258
 11
29.9736
 21
-37.5264
  0
LINE
  8
0
 10
29.9736
 20
-37.5264
 11
29.9727
 21
-37.5762
  0
LINE
  8
0
 10
29.9727
 20
-37.5762
 11
29.9727
 21
-37.626
  0
LINE
  8
0
 10
29.9727
 20
-37.626
 11
29.9717
 21
-37.6768
  0
LINE
  8
0
 10
29.9717
 20
-37.6768
 11
29.9717
 21
-37.7764
  0
LINE
  8
0
 10
29.9717
 20
-37.7764
 11
29.9707
 21
-37.8271
  0
LINE
  8
0
 10
29.9707
 20
-37.8271
 11
29.9707
 21
-37.877
  0
LINE
  8
0
 10
29.9707
 20
-37.877
 11
29.9697
 21
-37.9268
  0
LINE
  8
0
 10
29.9697
 20
-37.9268
 11
29.9697
 21
-38.0273
  0
LINE
  8
0
 10
29.9697
 20
-38.0273
 11
29.9688
 21
-38.0781
  0
LINE
  8
0
 10
29.9688
 20
-38.0781
 11
29.9688
 21
-38.1279
  0
LINE
  8
0
 10
29.9688
 20
-38.1279
 11
29.9678
 21
-38.1777
  0
LINE
  8
0
 10
29.9678
 20
-38.1777
 11
29.9678
 21
-38.2783
  0
LINE
  8
0
 10
29.9678
 20
-38.2783
 11
29.9668
 21
-38.3281
  0
LINE
  8
0
 10
29.9668
 20
-38.3281
 11
29.9668
 21
-38.3789
  0
LINE
  8
0
 10
29.9668
 20
-38.3789
 11
29.9658
 21
-38.4287
  0
LINE
  8
0
 10
29.9658
 20
-38.4287
 11
29.9658
 21
-38.4785
  0
LINE
  8
0
 10
29.9658
 20
-38.4785
 11
29.9648
 21
-38.5293
  0
LINE
  8
0
 10
29.9648
 20
-38.5293
 11
29.9648
 21
-38.6289
  0
LINE
  8
0
 10
29.9648
 20
-38.6289
 11
29.9639
 21
-38.6797
  0
LINE
  8
0
 10
29.9639
 20
-38.6797
 11
29.9639
 21
-38.7295
  0
LINE
  8
0
 10
29.9639
 20
-38.7295
 11
29.9629
 21
-38.7793
  0
LINE
  8
0
 10
29.9629
 20
-38.7793
 11
29.9629
 21
-38.8301
  0
LINE
  8
0
 10
29.9629
 20
-38.8301
 11
29.9619
 21
-38.8799
  0
LINE
  8
0
 10
29.9619
 20
-38.8799
 11
29.9619
 21
-38.9805
  0
LINE
  8
0
 10
29.9619
 20
-38.9805
 11
29.9609
 21
-39.0303
  0
LINE
  8
0
 10
29.9609
 20
-39.0303
 11
29.9609
 21
-39.0811
  0
LINE
  8
0
 10
29.9609
 20
-39.0811
 11
29.96
 21
-39.1309
  0
LINE
  8
0
 10
29.96
 20
-39.1309
 11
29.96
 21
-39.1807
  0
LINE
  8
0
 10
29.96
 20
-39.1807
 11
29.959
 21
-39.2314
  0
LINE
  8
0
 10
29.959
 20
-39.2314
 11
29.959
 21
-39.2812
  0
LINE
  8
0
 10
29.959
 20
-39.2812
 11
29.958
 21
-39.3311
  0
LINE
  8
0
 10
29.958
 20
-39.3311
 11
29.958
 21
-39.3818
  0
LINE
  8
0
 10
29.958
 20
-39.3818
 11
29.957
 21
-39.4316
  0
LINE
  8
0
 10
29.957
 20
-39.4316
 11
29.957
 21
-39.4814
  0
LINE
  8
0
 10
29.957
 20
-39.4814
 11
29.9561
 21
-39.5322
  0
LINE
  8
0
 10
29.9561
 20
-39.5322
 11
29.9561
 21
-39.6318
  0
LINE
  8
0
 10
29.9561
 20
-39.6318
 11
29.9551
 21
-39.6826
  0
LINE
  8
0
 10
29.9551
 20
-39.6826
 11
29.9551
 21
-39.7324
  0
LINE
  8
0
 10
29.9551
 20
-39.7324
 11
29.9541
 21
-39.7822
  0
LINE
  8
0
 10
29.9541
 20
-39.7822
 11
29.9541
 21
-39.833
  0
LINE
  8
0
 10
29.9541
 20
-39.833
 11
29.9531
 21
-39.8828
  0
LINE
  8
0
 10
29.9531
 20
-39.8828
 11
29.9531
 21
-39.9326
  0
LINE
  8
0
 10
29.9531
 20
-39.9326
 11
29.9521
 21
-39.9834
  0
LINE
  8
0
 10
29.9521
 20
-39.9834
 11
29.9521
 21
-40.0332
  0
LINE
  8
0
 10
29.9521
 20
-40.0332
 11
29.9512
 21
-40.084
  0
LINE
  8
0
 10
29.9512
 20
-40.084
 11
29.9512
 21
-40.1338
  0
LINE
  8
0
 10
29.9512
 20
-40.1338
 11
29.9502
 21
-40.1836
  0
LINE
  8
0
 10
29.9502
 20
-40.1836
 11
29.9502
 21
-40.2344
  0
LINE
  8
0
 10
29.9502
 20
-40.2344
 11
29.9492
 21
-40.2842
  0
LINE
  8
0
 10
29.9492
 20
-40.2842
 11
29.9492
 21
-40.334
  0
LINE
  8
0
 10
29.9492
 20
-40.334
 11
29.9482
 21
-40.3848
  0
LINE
  8
0
 10
29.9482
 20
-40.3848
 11
29.9482
 21
-40.4346
  0
LINE
  8
0
 10
29.9482
 20
-40.4346
 11
29.9473
 21
-40.4844
  0
LINE
  8
0
 10
29.9473
 20
-40.4844
 11
29.9473
 21
-40.5352
  0
LINE
  8
0
 10
29.9473
 20
-40.5352
 11
29.9463
 21
-40.585
  0
LINE
  8
0
 10
29.9463
 20
-40.585
 11
29.9463
 21
-40.6348
  0
LINE
  8
0
 10
29.9463
 20
-40.6348
 11
29.9453
 21
-40.6855
  0
LINE
  8
0
 10
29.9453
 20
-40.6855
 11
29.9453
 21
-40.7354
  0
LINE
  8
0
 10
29.9453
 20
-40.7354
 11
29.9434
 21
-40.8359
  0
LINE
  8
0
 10
29.9434
 20
-40.8359
 11
29.9434
 21
-40.8857
  0
LINE
  8
0
 10
29.9434
 20
-40.8857
 11
29.9424
 21
-40.9355
  0
LINE
  8
0
 10
29.9424
 20
-40.9355
 11
29.9424
 21
-40.9863
  0
LINE
  8
0
 10
29.9424
 20
-40.9863
 11
29.9414
 21
-41.0361
  0
LINE
  8
0
 10
29.9414
 20
-41.0361
 11
29.9414
 21
-41.0859
  0
LINE
  8
0
 10
29.9414
 20
-41.0859
 11
29.9404
 21
-41.1367
  0
LINE
  8
0
 10
29.9404
 20
-41.1367
 11
29.9404
 21
-41.1865
  0
LINE
  8
0
 10
29.9404
 20
-41.1865
 11
29.9395
 21
-41.2363
  0
LINE
  8
0
 10
29.9395
 20
-41.2363
 11
29.9395
 21
-41.2871
  0
LINE
  8
0
 10
29.9395
 20
-41.2871
 11
29.9375
 21
-41.3867
  0
LINE
  8
0
 10
29.9375
 20
-41.3867
 11
29.9375
 21
-41.4375
  0
LINE
  8
0
 10
29.9375
 20
-41.4375
 11
29.9365
 21
-41.4873
  0
LINE
  8
0
 10
29.9365
 20
-41.4873
 11
29.9365
 21
-41.5371
  0
LINE
  8
0
 10
29.9365
 20
-41.5371
 11
29.9355
 21
-41.5879
  0
LINE
  8
0
 10
29.9355
 20
-41.5879
 11
29.9355
 21
-41.6377
  0
LINE
  8
0
 10
29.9355
 20
-41.6377
 11
29.9336
 21
-41.7383
  0
LINE
  8
0
 10
29.9336
 20
-41.7383
 11
29.9336
 21
-41.7881
  0
LINE
  8
0
 10
29.9336
 20
-41.7881
 11
29.9326
 21
-41.8379
  0
LINE
  8
0
 10
29.9326
 20
-41.8379
 11
29.9326
 21
-41.8887
  0
LINE
  8
0
 10
29.9326
 20
-41.8887
 11
29.9307
 21
-41.9883
  0
LINE
  8
0
 10
29.9307
 20
-41.9883
 11
29.9307
 21
-42.0391
  0
LINE
  8
0
 10
29.9307
 20
-42.0391
 11
29.9297
 21
-42.0889
  0
LINE
  8
0
 10
29.9297
 20
-42.0889
 11
29.9297
 21
-42.1387
  0
LINE
  8
0
 10
29.9297
 20
-42.1387
 11
29.9277
 21
-42.2393
  0
LINE
  8
0
 10
29.9277
 20
-42.2393
 11
29.9277
 21
-42.2891
  0
LINE
  8
0
 10
29.9277
 20
-42.2891
 11
29.9258
 21
-42.3896
  0
LINE
  8
0
 10
29.9258
 20
-42.3896
 11
29.9258
 21
-42.4395
  0
LINE
  8
0
 10
29.9258
 20
-42.4395
 11
29.9248
 21
-42.4902
  0
LINE
  8
0
 10
29.9248
 20
-42.4902
 11
29.9248
 21
-42.54
  0
LINE
  8
0
 10
29.9248
 20
-42.54
 11
29.9229
 21
-42.6406
  0
LINE
  8
0
 10
29.9229
 20
-42.6406
 11
29.9229
 21
-42.6904
  0
LINE
  8
0
 10
29.9229
 20
-42.6904
 11
29.9209
 21
-42.791
  0
LINE
  8
0
 10
29.9209
 20
-42.791
 11
29.9209
 21
-42.8408
  0
LINE
  8
0
 10
29.9209
 20
-42.8408
 11
29.9189
 21
-42.9414
  0
LINE
  8
0
 10
29.9189
 20
-42.9414
 11
29.9189
 21
-42.9912
  0
LINE
  8
0
 10
29.9189
 20
-42.9912
 11
29.917
 21
-43.0918
  0
LINE
  8
0
 10
29.917
 20
-43.0918
 11
29.917
 21
-43.1416
  0
LINE
  8
0
 10
29.917
 20
-43.1416
 11
29.9141
 21
-43.292
  0
LINE
  8
0
 10
29.9141
 20
-43.292
 11
29.9141
 21
-43.3418
  0
LINE
  8
0
 10
29.9141
 20
-43.3418
 11
29.9121
 21
-43.4424
  0
LINE
  8
0
 10
29.9121
 20
-43.4424
 11
29.9121
 21
-43.4922
  0
LINE
  8
0
 10
29.9121
 20
-43.4922
 11
29.9092
 21
-43.6426
  0
LINE
  8
0
 10
29.9092
 20
-43.6426
 11
29.9092
 21
-43.6924
  0
LINE
  8
0
 10
29.9092
 20
-43.6924
 11
29.9072
 21
-43.793
  0
LINE
  8
0
 10
29.9072
 20
-43.793
 11
29.9072
 21
-43.8428
  0
LINE
  8
0
 10
29.9072
 20
-43.8428
 11
29.9043
 21
-43.9932
  0
LINE
  8
0
 10
29.9043
 20
-43.9932
 11
29.9043
 21
-44.0439
  0
LINE
  8
0
 10
29.9043
 20
-44.0439
 11
29.9004
 21
-44.2441
  0
LINE
  8
0
 10
29.9004
 20
-44.2441
 11
29.9004
 21
-44.2939
  0
LINE
  8
0
 10
29.9004
 20
-44.2939
 11
29.8975
 21
-44.4443
  0
LINE
  8
0
 10
29.8975
 20
-44.4443
 11
29.8975
 21
-44.4941
  0
LINE
  8
0
 10
29.8975
 20
-44.4941
 11
29.8926
 21
-44.7451
  0
LINE
  8
0
 10
29.8926
 20
-44.7451
 11
29.8926
 21
-44.7949
  0
LINE
  8
0
 10
29.8926
 20
-44.7949
 11
29.8877
 21
-45.0459
  0
LINE
  8
0
 10
29.8877
 20
-45.0459
 11
29.8877
 21
-45.0957
  0
LINE
  8
0
 10
29.8877
 20
-45.0957
 11
29.8818
 21
-45.3965
  0
LINE
  8
0
 10
29.8818
 20
-45.3965
 11
29.8818
 21
-45.4463
  0
LINE
  8
0
 10
29.8818
 20
-45.4463
 11
29.8721
 21
-45.9473
  0
LINE
  8
0
 10
29.8721
 20
-45.9473
 11
29.8721
 21
-45.9971
  0
LINE
  8
0
 10
29.8721
 20
-45.9971
 11
29.8496
 21
-47.1494
  0
LINE
  8
0
 10
29.8496
 20
-47.1494
 11
29.8477
 21
-47.1992
  0
LINE
  8
0
 10
29.8477
 20
-47.1992
 11
29.8389
 21
-47.6504
  0
LINE
  8
0
 10
29.8389
 20
-47.6504
 11
29.8369
 21
-47.7002
  0
LINE
  8
0
 10
29.8369
 20
-47.7002
 11
29.8311
 21
-48.001
  0
LINE
  8
0
 10
29.8311
 20
-48.001
 11
29.8291
 21
-48.0508
  0
LINE
  8
0
 10
29.8291
 20
-48.0508
 11
29.8242
 21
-48.3008
  0
LINE
  8
0
 10
29.8242
 20
-48.3008
 11
29.8223
 21
-48.3506
  0
LINE
  8
0
 10
29.8223
 20
-48.3506
 11
29.8184
 21
-48.5508
  0
LINE
  8
0
 10
29.8184
 20
-48.5508
 11
29.8164
 21
-48.6016
  0
LINE
  8
0
 10
29.8164
 20
-48.6016
 11
29.8135
 21
-48.751
  0
LINE
  8
0
 10
29.8135
 20
-48.751
 11
29.8115
 21
-48.8018
  0
LINE
  8
0
 10
29.8115
 20
-48.8018
 11
29.8086
 21
-48.9512
  0
LINE
  8
0
 10
29.8086
 20
-48.9512
 11
29.8066
 21
-49.002
  0
LINE
  8
0
 10
29.8066
 20
-49.002
 11
29.8047
 21
-49.1016
  0
LINE
  8
0
 10
29.8047
 20
-49.1016
 11
29.8027
 21
-49.1514
  0
LINE
  8
0
 10
29.8027
 20
-49.1514
 11
29.8008
 21
-49.252
  0
LINE
  8
0
 10
29.8008
 20
-49.252
 11
29.7988
 21
-49.3018
  0
LINE
  8
0
 10
29.7988
 20
-49.3018
 11
29.7969
 21
-49.4023
  0
LINE
  8
0
 10
29.7969
 20
-49.4023
 11
29.7949
 21
-49.4521
  0
LINE
  8
0
 10
29.7949
 20
-49.4521
 11
29.793
 21
-49.5518
  0
LINE
  8
0
 10
29.793
 20
-49.5518
 11
29.791
 21
-49.6025
  0
LINE
  8
0
 10
29.791
 20
-49.6025
 11
29.7891
 21
-49.7021
  0
LINE
  8
0
 10
29.7891
 20
-49.7021
 11
29.7871
 21
-49.752
  0
LINE
  8
0
 10
29.7871
 20
-49.752
 11
29.7852
 21
-49.8525
  0
LINE
  8
0
 10
29.7852
 20
-49.8525
 11
29.7832
 21
-49.9023
  0
LINE
  8
0
 10
29.7832
 20
-49.9023
 11
29.7822
 21
-49.9521
  0
LINE
  8
0
 10
29.7822
 20
-49.9521
 11
29.7803
 21
-50.002
  0
LINE
  8
0
 10
29.7803
 20
-50.002
 11
29.7793
 21
-50.0527
  0
LINE
  8
0
 10
29.7793
 20
-50.0527
 11
29.7773
 21
-50.1025
  0
LINE
  8
0
 10
29.7773
 20
-50.1025
 11
29.7754
 21
-50.2021
  0
LINE
  8
0
 10
29.7754
 20
-50.2021
 11
29.7734
 21
-50.2529
  0
LINE
  8
0
 10
29.7734
 20
-50.2529
 11
29.7725
 21
-50.3027
  0
LINE
  8
0
 10
29.7725
 20
-50.3027
 11
29.7705
 21
-50.3525
  0
LINE
  8
0
 10
29.7705
 20
-50.3525
 11
29.7695
 21
-50.4023
  0
LINE
  8
0
 10
29.7695
 20
-50.4023
 11
29.7676
 21
-50.4521
  0
LINE
  8
0
 10
29.7676
 20
-50.4521
 11
29.7666
 21
-50.5029
  0
LINE
  8
0
 10
29.7666
 20
-50.5029
 11
29.7646
 21
-50.5527
  0
LINE
  8
0
 10
29.7646
 20
-50.5527
 11
29.7637
 21
-50.6025
  0
LINE
  8
0
 10
29.7637
 20
-50.6025
 11
29.7617
 21
-50.6523
  0
LINE
  8
0
 10
29.7617
 20
-50.6523
 11
29.7607
 21
-50.7031
  0
LINE
  8
0
 10
29.7607
 20
-50.7031
 11
29.7588
 21
-50.7529
  0
LINE
  8
0
 10
29.7588
 20
-50.7529
 11
29.7578
 21
-50.8027
  0
LINE
  8
0
 10
29.7578
 20
-50.8027
 11
29.7559
 21
-50.8525
  0
LINE
  8
0
 10
29.7559
 20
-50.8525
 11
29.7549
 21
-50.9023
  0
LINE
  8
0
 10
29.7549
 20
-50.9023
 11
29.7529
 21
-50.9531
  0
LINE
  8
0
 10
29.7529
 20
-50.9531
 11
29.752
 21
-51.0029
  0
LINE
  8
0
 10
29.752
 20
-51.0029
 11
29.75
 21
-51.0527
  0
LINE
  8
0
 10
29.75
 20
-51.0527
 11
29.749
 21
-51.1025
  0
LINE
  8
0
 10
29.749
 20
-51.1025
 11
29.7451
 21
-51.2031
  0
LINE
  8
0
 10
29.7451
 20
-51.2031
 11
29.7441
 21
-51.2529
  0
LINE
  8
0
 10
29.7441
 20
-51.2529
 11
29.7422
 21
-51.3027
  0
LINE
  8
0
 10
29.7422
 20
-51.3027
 11
29.7412
 21
-51.3525
  0
LINE
  8
0
 10
29.7412
 20
-51.3525
 11
29.7373
 21
-51.4531
  0
LINE
  8
0
 10
29.7373
 20
-51.4531
 11
29.7363
 21
-51.5029
  0
LINE
  8
0
 10
29.7363
 20
-51.5029
 11
29.7324
 21
-51.6025
  0
LINE
  8
0
 10
29.7324
 20
-51.6025
 11
29.7314
 21
-51.6533
  0
LINE
  8
0
 10
29.7314
 20
-51.6533
 11
29.7295
 21
-51.7031
  0
LINE
  8
0
 10
29.7295
 20
-51.7031
 11
29.7285
 21
-51.7529
  0
LINE
  8
0
 10
29.7285
 20
-51.7529
 11
29.7246
 21
-51.8525
  0
LINE
  8
0
 10
29.7246
 20
-51.8525
 11
29.7236
 21
-51.9023
  0
LINE
  8
0
 10
29.7236
 20
-51.9023
 11
29.7217
 21
-51.9531
  0
LINE
  8
0
 10
29.7217
 20
-51.9531
 11
29.7178
 21
-52.0527
  0
LINE
  8
0
 10
29.7178
 20
-52.0527
 11
29.7168
 21
-52.1025
  0
LINE
  8
0
 10
29.7168
 20
-52.1025
 11
29.7129
 21
-52.2031
  0
LINE
  8
0
 10
29.7129
 20
-52.2031
 11
29.7119
 21
-52.2529
  0
LINE
  8
0
 10
29.7119
 20
-52.2529
 11
29.7061
 21
-52.4023
  0
LINE
  8
0
 10
29.7061
 20
-52.4023
 11
29.7051
 21
-52.4531
  0
LINE
  8
0
 10
29.7051
 20
-52.4531
 11
29.6973
 21
-52.6523
  0
LINE
  8
0
 10
29.6973
 20
-52.6523
 11
29.6963
 21
-52.7021
  0
LINE
  8
0
 10
29.6963
 20
-52.7021
 11
29.6943
 21
-52.7529
  0
LINE
  8
0
 10
29.6943
 20
-52.7529
 11
29.6865
 21
-52.9521
  0
LINE
  8
0
 10
29.6865
 20
-52.9521
 11
29.6855
 21
-53.002
  0
LINE
  8
0
 10
29.6855
 20
-53.002
 11
29.6836
 21
-53.0527
  0
LINE
  8
0
 10
29.6836
 20
-53.0527
 11
29.6758
 21
-53.252
  0
LINE
  8
0
 10
29.6758
 20
-53.252
 11
29.6738
 21
-53.3027
  0
LINE
  8
0
 10
29.6738
 20
-53.3027
 11
29.668
 21
-53.4521
  0
LINE
  8
0
 10
29.668
 20
-53.4521
 11
29.667
 21
-53.502
  0
LINE
  8
0
 10
29.667
 20
-53.502
 11
29.6631
 21
-53.6016
  0
LINE
  8
0
 10
29.6631
 20
-53.6016
 11
29.6611
 21
-53.6523
  0
LINE
  8
0
 10
29.6611
 20
-53.6523
 11
29.6514
 21
-53.9014
  0
LINE
  8
0
 10
29.6514
 20
-53.9014
 11
29.6494
 21
-53.9521
  0
LINE
  8
0
 10
29.6494
 20
-53.9521
 11
29.6377
 21
-54.251
  0
LINE
  8
0
 10
29.6377
 20
-54.251
 11
29.6348
 21
-54.3018
  0
LINE
  8
0
 10
29.6348
 20
-54.3018
 11
29.623
 21
-54.6006
  0
LINE
  8
0
 10
29.623
 20
-54.6006
 11
29.6191
 21
-54.7012
  0
LINE
  8
0
 10
29.6191
 20
-54.7012
 11
29.6162
 21
-54.751
  0
LINE
  8
0
 10
29.6162
 20
-54.751
 11
29.6064
 21
-55
  0
LINE
  8
0
 10
29.6064
 20
-55
 11
29.6035
 21
-55.0508
  0
LINE
  8
0
 10
29.6035
 20
-55.0508
 11
29.5977
 21
-55.2002
  0
LINE
  8
0
 10
29.5977
 20
-55.2002
 11
29.5947
 21
-55.25
  0
LINE
  8
0
 10
29.5947
 20
-55.25
 11
29.5889
 21
-55.3994
  0
LINE
  8
0
 10
29.5889
 20
-55.3994
 11
29.5859
 21
-55.4502
  0
LINE
  8
0
 10
29.5859
 20
-55.4502
 11
29.582
 21
-55.5498
  0
LINE
  8
0
 10
29.582
 20
-55.5498
 11
29.5791
 21
-55.5996
  0
LINE
  8
0
 10
29.5791
 20
-55.5996
 11
29.5732
 21
-55.749
  0
LINE
  8
0
 10
29.5732
 20
-55.749
 11
29.5703
 21
-55.7988
  0
LINE
  8
0
 10
29.5703
 20
-55.7988
 11
29.5684
 21
-55.8486
  0
LINE
  8
0
 10
29.5684
 20
-55.8486
 11
29.5654
 21
-55.8994
  0
LINE
  8
0
 10
29.5654
 20
-55.8994
 11
29.5615
 21
-55.999
  0
LINE
  8
0
 10
29.5615
 20
-55.999
 11
29.5586
 21
-56.0488
  0
LINE
  8
0
 10
29.5586
 20
-56.0488
 11
29.5547
 21
-56.1484
  0
LINE
  8
0
 10
29.5547
 20
-56.1484
 11
29.5518
 21
-56.1982
  0
LINE
  8
0
 10
29.5518
 20
-56.1982
 11
29.5498
 21
-56.248
  0
LINE
  8
0
 10
29.5498
 20
-56.248
 11
29.5469
 21
-56.2979
  0
LINE
  8
0
 10
29.5469
 20
-56.2979
 11
29.5449
 21
-56.3477
  0
LINE
  8
0
 10
29.5449
 20
-56.3477
 11
29.542
 21
-56.3975
  0
LINE
  8
0
 10
29.542
 20
-56.3975
 11
29.54
 21
-56.4482
  0
LINE
  8
0
 10
29.54
 20
-56.4482
 11
29.5371
 21
-56.498
  0
LINE
  8
0
 10
29.5371
 20
-56.498
 11
29.5352
 21
-56.5479
  0
LINE
  8
0
 10
29.5352
 20
-56.5479
 11
29.5322
 21
-56.5977
  0
LINE
  8
0
 10
29.5322
 20
-56.5977
 11
29.5303
 21
-56.6475
  0
LINE
  8
0
 10
29.5303
 20
-56.6475
 11
29.5273
 21
-56.6973
  0
LINE
  8
0
 10
29.5273
 20
-56.6973
 11
29.5254
 21
-56.7471
  0
LINE
  8
0
 10
29.5254
 20
-56.7471
 11
29.5225
 21
-56.7969
  0
LINE
  8
0
 10
29.5225
 20
-56.7969
 11
29.5205
 21
-56.8467
  0
LINE
  8
0
 10
29.5205
 20
-56.8467
 11
29.5176
 21
-56.8965
  0
LINE
  8
0
 10
29.5176
 20
-56.8965
 11
29.5156
 21
-56.9463
  0
LINE
  8
0
 10
29.5156
 20
-56.9463
 11
29.5127
 21
-56.9961
  0
LINE
  8
0
 10
29.5127
 20
-56.9961
 11
29.5107
 21
-57.0469
  0
LINE
  8
0
 10
29.5107
 20
-57.0469
 11
29.5049
 21
-57.1465
  0
LINE
  8
0
 10
29.5049
 20
-57.1465
 11
29.5029
 21
-57.1963
  0
LINE
  8
0
 10
29.5029
 20
-57.1963
 11
29.5
 21
-57.2461
  0
LINE
  8
0
 10
29.5
 20
-57.2461
 11
29.498
 21
-57.2959
  0
LINE
  8
0
 10
29.498
 20
-57.2959
 11
29.4922
 21
-57.3955
  0
LINE
  8
0
 10
29.4922
 20
-57.3955
 11
29.4902
 21
-57.4453
  0
LINE
  8
0
 10
29.4902
 20
-57.4453
 11
29.4844
 21
-57.5449
  0
LINE
  8
0
 10
29.4844
 20
-57.5449
 11
29.4824
 21
-57.5947
  0
LINE
  8
0
 10
29.4824
 20
-57.5947
 11
29.4736
 21
-57.7441
  0
LINE
  8
0
 10
29.4736
 20
-57.7441
 11
29.4717
 21
-57.7949
  0
LINE
  8
0
 10
29.4717
 20
-57.7949
 11
29.4658
 21
-57.8945
  0
LINE
  8
0
 10
29.4658
 20
-57.8945
 11
29.4639
 21
-57.9443
  0
LINE
  8
0
 10
29.4639
 20
-57.9443
 11
29.4521
 21
-58.1436
  0
LINE
  8
0
 10
29.4521
 20
-58.1436
 11
29.4502
 21
-58.1934
  0
LINE
  8
0
 10
29.4502
 20
-58.1934
 11
29.4355
 21
-58.4424
  0
LINE
  8
0
 10
29.4355
 20
-58.4424
 11
29.4336
 21
-58.4922
  0
LINE
  8
0
 10
29.4336
 20
-58.4922
 11
29.3867
 21
-59.2891
  0
LINE
  8
0
 10
29.3867
 20
-59.2891
 11
29.3838
 21
-59.3398
  0
LINE
  8
0
 10
29.3838
 20
-59.3398
 11
29.3662
 21
-59.6387
  0
LINE
  8
0
 10
29.3662
 20
-59.6387
 11
29.3623
 21
-59.6885
  0
LINE
  8
0
 10
29.3623
 20
-59.6885
 11
29.3477
 21
-59.9375
  0
LINE
  8
0
 10
29.3477
 20
-59.9375
 11
29.3438
 21
-59.9873
  0
LINE
  8
0
 10
29.3438
 20
-59.9873
 11
29.3408
 21
-60.0371
  0
LINE
  8
0
 10
29.3408
 20
-60.0371
 11
29.3379
 21
-60.0859
  0
LINE
  8
0
 10
29.3379
 20
-60.0859
 11
29.332
 21
-60.1855
  0
LINE
  8
0
 10
29.332
 20
-60.1855
 11
29.3281
 21
-60.2354
  0
LINE
  8
0
 10
29.3281
 20
-60.2354
 11
29.3223
 21
-60.335
  0
LINE
  8
0
 10
29.3223
 20
-60.335
 11
29.3184
 21
-60.3848
  0
LINE
  8
0
 10
29.3184
 20
-60.3848
 11
29.3096
 21
-60.5342
  0
LINE
  8
0
 10
29.3096
 20
-60.5342
 11
29.3057
 21
-60.584
  0
LINE
  8
0
 10
29.3057
 20
-60.584
 11
29.2998
 21
-60.6836
  0
LINE
  8
0
 10
29.2998
 20
-60.6836
 11
29.2959
 21
-60.7334
  0
LINE
  8
0
 10
29.2959
 20
-60.7334
 11
29.293
 21
-60.7832
  0
LINE
  8
0
 10
29.293
 20
-60.7832
 11
29.2891
 21
-60.833
  0
LINE
  8
0
 10
29.2891
 20
-60.833
 11
29.2832
 21
-60.9326
  0
LINE
  8
0
 10
29.2832
 20
-60.9326
 11
29.2793
 21
-60.9824
  0
LINE
  8
0
 10
29.2793
 20
-60.9824
 11
29.2764
 21
-61.0322
  0
LINE
  8
0
 10
29.2764
 20
-61.0322
 11
29.2725
 21
-61.082
  0
LINE
  8
0
 10
29.2725
 20
-61.082
 11
29.2695
 21
-61.1318
  0
LINE
  8
0
 10
29.2695
 20
-61.1318
 11
29.2656
 21
-61.1816
  0
LINE
  8
0
 10
29.2656
 20
-61.1816
 11
29.2627
 21
-61.2314
  0
LINE
  8
0
 10
29.2627
 20
-61.2314
 11
29.2588
 21
-61.2812
  0
LINE
  8
0
 10
29.2588
 20
-61.2812
 11
29.2559
 21
-61.3311
  0
LINE
  8
0
 10
29.2559
 20
-61.3311
 11
29.252
 21
-61.3809
  0
LINE
  8
0
 10
29.252
 20
-61.3809
 11
29.249
 21
-61.4307
  0
LINE
  8
0
 10
29.249
 20
-61.4307
 11
29.2451
 21
-61.4805
  0
LINE
  8
0
 10
29.2451
 20
-61.4805
 11
29.2422
 21
-61.5293
  0
LINE
  8
0
 10
29.2422
 20
-61.5293
 11
29.2383
 21
-61.5791
  0
LINE
  8
0
 10
29.2383
 20
-61.5791
 11
29.2354
 21
-61.624
  0
LINE
  8
0
 10
29.2354
 20
-61.624
 11
29.2295
 21
-61.7119
  0
LINE
  8
0
 10
29.2295
 20
-61.7119
 11
29.2266
 21
-61.7568
  0
LINE
  8
0
 10
29.2266
 20
-61.7568
 11
29.2236
 21
-61.8008
  0
LINE
  8
0
 10
29.2236
 20
-61.8008
 11
29.2178
 21
-61.8906
  0
LINE
  8
0
 10
29.2178
 20
-61.8906
 11
29.2158
 21
-61.9346
  0
LINE
  8
0
 10
29.2158
 20
-61.9346
 11
29.21
 21
-62.0244
  0
LINE
  8
0
 10
29.21
 20
-62.0244
 11
29.208
 21
-62.0693
  0
LINE
  8
0
 10
29.208
 20
-62.0693
 11
29.2051
 21
-62.1152
  0
LINE
  8
0
 10
29.2051
 20
-62.1152
 11
29.2031
 21
-62.1602
  0
LINE
  8
0
 10
29.2031
 20
-62.1602
 11
29.2002
 21
-62.2051
  0
LINE
  8
0
 10
29.2002
 20
-62.2051
 11
29.1982
 21
-62.251
  0
LINE
  8
0
 10
29.1982
 20
-62.251
 11
29.1953
 21
-62.2959
  0
LINE
  8
0
 10
29.1953
 20
-62.2959
 11
29.1895
 21
-62.4336
  0
LINE
  8
0
 10
29.1895
 20
-62.4336
 11
29.1865
 21
-62.4785
  0
LINE
  8
0
 10
29.1865
 20
-62.4785
 11
29.1826
 21
-62.5713
  0
LINE
  8
0
 10
29.1826
 20
-62.5713
 11
29.1768
 21
-62.709
  0
LINE
  8
0
 10
29.1768
 20
-62.709
 11
29.1709
 21
-62.8486
  0
LINE
  8
0
 10
29.1709
 20
-62.8486
 11
29.1699
 21
-62.8955
  0
LINE
  8
0
 10
29.1699
 20
-62.8955
 11
29.166
 21
-62.9883
  0
LINE
  8
0
 10
29.166
 20
-62.9883
 11
29.165
 21
-63.0352
  0
LINE
  8
0
 10
29.165
 20
-63.0352
 11
29.1611
 21
-63.1289
  0
LINE
  8
0
 10
29.1611
 20
-63.1289
 11
29.1602
 21
-63.1758
  0
LINE
  8
0
 10
29.1602
 20
-63.1758
 11
29.1582
 21
-63.2227
  0
LINE
  8
0
 10
29.1582
 20
-63.2227
 11
29.1572
 21
-63.2705
  0
LINE
  8
0
 10
29.1572
 20
-63.2705
 11
29.1553
 21
-63.3174
  0
LINE
  8
0
 10
29.1553
 20
-63.3174
 11
29.1543
 21
-63.3652
  0
LINE
  8
0
 10
29.1543
 20
-63.3652
 11
29.1523
 21
-63.4121
  0
LINE
  8
0
 10
29.1523
 20
-63.4121
 11
29.1504
 21
-63.5078
  0
LINE
  8
0
 10
29.1504
 20
-63.5078
 11
29.1484
 21
-63.5547
  0
LINE
  8
0
 10
29.1484
 20
-63.5547
 11
29.1436
 21
-63.7939
  0
LINE
  8
0
 10
29.1436
 20
-63.7939
 11
29.1416
 21
-63.8418
  0
LINE
  8
0
 10
29.1416
 20
-63.8418
 11
29.1357
 21
-64.1318
  0
LINE
  8
0
 10
29.1357
 20
-64.1318
 11
29.1357
 21
-64.1807
  0
LINE
  8
0
 10
29.1357
 20
-64.1807
 11
29.1309
 21
-64.4238
  0
LINE
  8
0
 10
29.1309
 20
-64.4238
 11
29.1309
 21
-64.4736
  0
LINE
  8
0
 10
29.1309
 20
-64.4736
 11
29.1289
 21
-64.5713
  0
LINE
  8
0
 10
29.1289
 20
-64.5713
 11
29.1289
 21
-64.6201
  0
LINE
  8
0
 10
29.1289
 20
-64.6201
 11
29.127
 21
-64.7188
  0
LINE
  8
0
 10
29.127
 20
-64.7188
 11
29.127
 21
-64.7686
  0
LINE
  8
0
 10
29.127
 20
-64.7686
 11
29.126
 21
-64.8174
  0
LINE
  8
0
 10
29.126
 20
-64.8174
 11
29.126
 21
-64.8672
  0
LINE
  8
0
 10
29.126
 20
-64.8672
 11
29.124
 21
-64.9658
  0
LINE
  8
0
 10
29.124
 20
-64.9658
 11
29.124
 21
-65.0156
  0
LINE
  8
0
 10
29.124
 20
-65.0156
 11
29.123
 21
-65.0654
  0
LINE
  8
0
 10
29.123
 20
-65.0654
 11
29.123
 21
-65.1152
  0
LINE
  8
0
 10
29.123
 20
-65.1152
 11
29.1221
 21
-65.165
  0
LINE
  8
0
 10
29.1221
 20
-65.165
 11
29.1221
 21
-65.2646
  0
LINE
  8
0
 10
29.1221
 20
-65.2646
 11
29.1211
 21
-65.3145
  0
LINE
  8
0
 10
29.1211
 20
-65.3145
 11
29.1211
 21
-65.3643
  0
LINE
  8
0
 10
29.1211
 20
-65.3643
 11
29.1201
 21
-65.4141
  0
LINE
  8
0
 10
29.1201
 20
-65.4141
 11
29.1201
 21
-65.5146
  0
LINE
  8
0
 10
29.1201
 20
-65.5146
 11
29.1191
 21
-65.5645
  0
LINE
  8
0
 10
29.1191
 20
-65.5645
 11
29.1191
 21
-65.6152
  0
LINE
  8
0
 10
29.1191
 20
-65.6152
 11
29.1182
 21
-65.665
  0
LINE
  8
0
 10
29.1182
 20
-65.665
 11
29.1182
 21
-65.8164
  0
LINE
  8
0
 10
29.1182
 20
-65.8164
 11
29.1172
 21
-65.8672
  0
LINE
  8
0
 10
29.1172
 20
-65.8672
 11
29.1172
 21
-65.9678
  0
LINE
  8
0
 10
29.1172
 20
-65.9678
 11
29.1162
 21
-66.0186
  0
LINE
  8
0
 10
29.1162
 20
-66.0186
 11
29.1162
 21
-66.1709
  0
LINE
  8
0
 10
29.1162
 20
-66.1709
 11
29.1152
 21
-66.2217
  0
LINE
  8
0
 10
29.1152
 20
-66.2217
 11
29.1152
 21
-66.374
  0
LINE
  8
0
 10
29.1152
 20
-66.374
 11
29.1143
 21
-66.4258
  0
LINE
  8
0
 10
29.1143
 20
-66.4258
 11
29.1143
 21
-66.5791
  0
LINE
  8
0
 10
29.1143
 20
-66.5791
 11
29.1133
 21
-66.6299
  0
LINE
  8
0
 10
29.1133
 20
-66.6299
 11
29.1133
 21
-66.835
  0
LINE
  8
0
 10
29.1133
 20
-66.835
 11
29.1123
 21
-66.8867
  0
LINE
  8
0
 10
29.1123
 20
-66.8867
 11
29.1123
 21
-67.041
  0
LINE
  8
0
 10
29.1123
 20
-67.041
 11
29.1113
 21
-67.0928
  0
LINE
  8
0
 10
29.1113
 20
-67.0928
 11
29.1113
 21
-67.2471
  0
LINE
  8
0
 10
29.1113
 20
-67.2471
 11
29.1104
 21
-67.2988
  0
LINE
  8
0
 10
29.1104
 20
-67.2988
 11
29.1104
 21
-67.4541
  0
LINE
  8
0
 10
29.1104
 20
-67.4541
 11
29.1094
 21
-67.5059
  0
LINE
  8
0
 10
29.1094
 20
-67.5059
 11
29.1094
 21
-67.6094
  0
LINE
  8
0
 10
29.1094
 20
-67.6094
 11
29.1084
 21
-67.6611
  0
LINE
  8
0
 10
29.1084
 20
-67.6611
 11
29.1084
 21
-67.7656
  0
LINE
  8
0
 10
29.1084
 20
-67.7656
 11
29.1074
 21
-67.8174
  0
LINE
  8
0
 10
29.1074
 20
-67.8174
 11
29.1074
 21
-67.9209
  0
LINE
  8
0
 10
29.1074
 20
-67.9209
 11
29.1064
 21
-67.9736
  0
LINE
  8
0
 10
29.1064
 20
-67.9736
 11
29.1064
 21
-68.0771
  0
LINE
  8
0
 10
29.1064
 20
-68.0771
 11
29.1055
 21
-68.1299
  0
LINE
  8
0
 10
29.1055
 20
-68.1299
 11
29.1055
 21
-68.1816
  0
LINE
  8
0
 10
29.1055
 20
-68.1816
 11
29.1045
 21
-68.2344
  0
LINE
  8
0
 10
29.1045
 20
-68.2344
 11
29.1045
 21
-68.2861
  0
LINE
  8
0
 10
29.1045
 20
-68.2861
 11
29.1035
 21
-68.3389
  0
LINE
  8
0
 10
29.1035
 20
-68.3389
 11
29.1035
 21
-68.3906
  0
LINE
  8
0
 10
29.1035
 20
-68.3906
 11
29.1025
 21
-68.4434
  0
LINE
  8
0
 10
29.1025
 20
-68.4434
 11
29.1025
 21
-68.4951
  0
LINE
  8
0
 10
29.1025
 20
-68.4951
 11
29.1016
 21
-68.5479
  0
LINE
  8
0
 10
29.1016
 20
-68.5479
 11
29.1016
 21
-68.6006
  0
LINE
  8
0
 10
29.1016
 20
-68.6006
 11
29.1006
 21
-68.6523
  0
LINE
  8
0
 10
29.1006
 20
-68.6523
 11
29.1006
 21
-68.7051
  0
LINE
  8
0
 10
29.1006
 20
-68.7051
 11
29.0986
 21
-68.8096
  0
LINE
  8
0
 10
29.0986
 20
-68.8096
 11
29.0986
 21
-68.8623
  0
LINE
  8
0
 10
29.0986
 20
-68.8623
 11
29.0967
 21
-68.9678
  0
LINE
  8
0
 10
29.0967
 20
-68.9678
 11
29.0967
 21
-69.0195
  0
LINE
  8
0
 10
29.0967
 20
-69.0195
 11
29.0938
 21
-69.1777
  0
LINE
  8
0
 10
29.0938
 20
-69.1777
 11
29.0938
 21
-69.2305
  0
LINE
  8
0
 10
29.0938
 20
-69.2305
 11
29.082
 21
-69.8623
  0
LINE
  8
0
 10
29.082
 20
-69.8623
 11
29.0801
 21
-69.915
  0
LINE
  8
0
 10
29.0801
 20
-69.915
 11
29.0771
 21
-70.0732
  0
LINE
  8
0
 10
29.0771
 20
-70.0732
 11
29.0752
 21
-70.126
  0
LINE
  8
0
 10
29.0752
 20
-70.126
 11
29.0732
 21
-70.2314
  0
LINE
  8
0
 10
29.0732
 20
-70.2314
 11
29.0713
 21
-70.2852
  0
LINE
  8
0
 10
29.0713
 20
-70.2852
 11
29.0703
 21
-70.3379
  0
LINE
  8
0
 10
29.0703
 20
-70.3379
 11
29.0684
 21
-70.3906
  0
LINE
  8
0
 10
29.0684
 20
-70.3906
 11
29.0674
 21
-70.4434
  0
LINE
  8
0
 10
29.0674
 20
-70.4434
 11
29.0654
 21
-70.4961
  0
LINE
  8
0
 10
29.0654
 20
-70.4961
 11
29.0645
 21
-70.5488
  0
LINE
  8
0
 10
29.0645
 20
-70.5488
 11
29.0605
 21
-70.6543
  0
LINE
  8
0
 10
29.0605
 20
-70.6543
 11
29.0596
 21
-70.707
  0
LINE
  8
0
 10
29.0596
 20
-70.707
 11
29.0537
 21
-70.8652
  0
LINE
  8
0
 10
29.0537
 20
-70.8652
 11
29.0518
 21
-70.9189
  0
LINE
  8
0
 10
29.0518
 20
-70.9189
 11
29.0508
 21
-70.9717
  0
LINE
  8
0
 10
29.0508
 20
-70.9717
 11
29.0449
 21
-71.1299
  0
LINE
  8
0
 10
29.0449
 20
-71.1299
 11
29.042
 21
-71.1826
  0
LINE
  8
0
 10
29.042
 20
-71.1826
 11
29.0342
 21
-71.3936
  0
LINE
  8
0
 10
29.0342
 20
-71.3936
 11
29.0312
 21
-71.4463
  0
LINE
  8
0
 10
29.0312
 20
-71.4463
 11
29.0273
 21
-71.5527
  0
LINE
  8
0
 10
29.0273
 20
-71.5527
 11
29.0244
 21
-71.6055
  0
LINE
  8
0
 10
29.0244
 20
-71.6055
 11
29.0225
 21
-71.6582
  0
LINE
  8
0
 10
29.0225
 20
-71.6582
 11
29.0195
 21
-71.7109
  0
LINE
  8
0
 10
29.0195
 20
-71.7109
 11
29.0176
 21
-71.7637
  0
LINE
  8
0
 10
29.0176
 20
-71.7637
 11
29.0088
 21
-71.9219
  0
LINE
  8
0
 10
29.0088
 20
-71.9219
 11
29.0068
 21
-71.9746
  0
LINE
  8
0
 10
29.0068
 20
-71.9746
 11
29.0039
 21
-72.0273
  0
LINE
  8
0
 10
29.0039
 20
-72.0273
 11
29.001
 21
-72.0791
  0
LINE
  8
0
 10
29.001
 20
-72.0791
 11
28.9863
 21
-72.3428
  0
LINE
  8
0
 10
28.9863
 20
-72.3428
 11
28.9824
 21
-72.3955
  0
LINE
  8
0
 10
28.9824
 20
-72.3955
 11
28.9766
 21
-72.501
  0
LINE
  8
0
 10
28.9766
 20
-72.501
 11
28.9727
 21
-72.5527
  0
LINE
  8
0
 10
28.9727
 20
-72.5527
 11
28.9697
 21
-72.6055
  0
LINE
  8
0
 10
28.9697
 20
-72.6055
 11
28.9658
 21
-72.6582
  0
LINE
  8
0
 10
28.9658
 20
-72.6582
 11
28.9629
 21
-72.7109
  0
LINE
  8
0
 10
28.9629
 20
-72.7109
 11
28.959
 21
-72.7627
  0
LINE
  8
0
 10
28.959
 20
-72.7627
 11
28.9551
 21
-72.8154
  0
LINE
  8
0
 10
28.9551
 20
-72.8154
 11
28.9521
 21
-72.8682
  0
LINE
  8
0
 10
28.9521
 20
-72.8682
 11
28.9482
 21
-72.9209
  0
LINE
  8
0
 10
28.9482
 20
-72.9209
 11
28.9443
 21
-72.9727
  0
LINE
  8
0
 10
28.9443
 20
-72.9727
 11
28.9404
 21
-73.0254
  0
LINE
  8
0
 10
28.9404
 20
-73.0254
 11
28.9365
 21
-73.0771
  0
LINE
  8
0
 10
28.9365
 20
-73.0771
 11
28.9287
 21
-73.1826
  0
LINE
  8
0
 10
28.9287
 20
-73.1826
 11
28.9248
 21
-73.2344
  0
LINE
  8
0
 10
28.9248
 20
-73.2344
 11
28.9209
 21
-73.2871
  0
LINE
  8
0
 10
28.9209
 20
-73.2871
 11
28.916
 21
-73.3389
  0
LINE
  8
0
 10
28.916
 20
-73.3389
 11
28.9121
 21
-73.3916
  0
LINE
  8
0
 10
28.9121
 20
-73.3916
 11
28.9072
 21
-73.4434
  0
LINE
  8
0
 10
28.9072
 20
-73.4434
 11
28.9033
 21
-73.4961
  0
LINE
  8
0
 10
28.9033
 20
-73.4961
 11
28.8984
 21
-73.5479
  0
LINE
  8
0
 10
28.8984
 20
-73.5479
 11
28.8945
 21
-73.5996
  0
LINE
  8
0
 10
28.8945
 20
-73.5996
 11
28.8896
 21
-73.6523
  0
LINE
  8
0
 10
28.8896
 20
-73.6523
 11
28.875
 21
-73.8076
  0
LINE
  8
0
 10
28.875
 20
-73.8076
 11
28.8701
 21
-73.8604
  0
LINE
  8
0
 10
28.8701
 20
-73.8604
 11
28.8506
 21
-74.0674
  0
LINE
  8
0
 10
28.8506
 20
-74.0674
 11
28.8447
 21
-74.1191
  0
LINE
  8
0
 10
28.8447
 20
-74.1191
 11
28.8398
 21
-74.1709
  0
LINE
  8
0
 10
28.8398
 20
-74.1709
 11
28.834
 21
-74.2227
  0
LINE
  8
0
 10
28.834
 20
-74.2227
 11
28.8291
 21
-74.2744
  0
LINE
  8
0
 10
28.8291
 20
-74.2744
 11
28.8232
 21
-74.3262
  0
LINE
  8
0
 10
28.8232
 20
-74.3262
 11
28.8184
 21
-74.3779
  0
LINE
  8
0
 10
28.8184
 20
-74.3779
 11
28.8008
 21
-74.5332
  0
LINE
  8
0
 10
28.8008
 20
-74.5332
 11
28.7949
 21
-74.584
  0
LINE
  8
0
 10
28.7949
 20
-74.584
 11
28.7832
 21
-74.6875
  0
LINE
  8
0
 10
28.7832
 20
-74.6875
 11
28.7764
 21
-74.7383
  0
LINE
  8
0
 10
28.7764
 20
-74.7383
 11
28.7705
 21
-74.79
  0
LINE
  8
0
 10
28.7705
 20
-74.79
 11
28.7646
 21
-74.8408
  0
LINE
  8
0
 10
28.7646
 20
-74.8408
 11
28.7578
 21
-74.8926
  0
LINE
  8
0
 10
28.7578
 20
-74.8926
 11
28.752
 21
-74.9434
  0
LINE
  8
0
 10
28.752
 20
-74.9434
 11
28.7451
 21
-74.9951
  0
LINE
  8
0
 10
28.7451
 20
-74.9951
 11
28.7314
 21
-75.0967
  0
LINE
  8
0
 10
28.7314
 20
-75.0967
 11
28.7246
 21
-75.1484
  0
LINE
  8
0
 10
28.7246
 20
-75.1484
 11
28.7041
 21
-75.3008
  0
LINE
  8
0
 10
28.7041
 20
-75.3008
 11
28.6973
 21
-75.3525
  0
LINE
  8
0
 10
28.6973
 20
-75.3525
 11
28.6904
 21
-75.4033
  0
LINE
  8
0
 10
28.6904
 20
-75.4033
 11
28.6826
 21
-75.4541
  0
LINE
  8
0
 10
28.6826
 20
-75.4541
 11
28.6758
 21
-75.5049
  0
LINE
  8
0
 10
28.6758
 20
-75.5049
 11
28.668
 21
-75.5557
  0
LINE
  8
0
 10
28.668
 20
-75.5557
 11
28.6611
 21
-75.6055
  0
LINE
  8
0
 10
28.6611
 20
-75.6055
 11
28.6377
 21
-75.7578
  0
LINE
  8
0
 10
28.6377
 20
-75.7578
 11
28.6299
 21
-75.8076
  0
LINE
  8
0
 10
28.6299
 20
-75.8076
 11
28.6143
 21
-75.9092
  0
LINE
  8
0
 10
28.6143
 20
-75.9092
 11
28.6055
 21
-75.959
  0
LINE
  8
0
 10
28.6055
 20
-75.959
 11
28.5977
 21
-76.0098
  0
LINE
  8
0
 10
28.5977
 20
-76.0098
 11
28.5889
 21
-76.0596
  0
LINE
  8
0
 10
28.5889
 20
-76.0596
 11
28.5811
 21
-76.1094
  0
LINE
  8
0
 10
28.5811
 20
-76.1094
 11
28.5723
 21
-76.1602
  0
LINE
  8
0
 10
28.5723
 20
-76.1602
 11
28.5635
 21
-76.21
  0
LINE
  8
0
 10
28.5635
 20
-76.21
 11
28.5557
 21
-76.2598
  0
LINE
  8
0
 10
28.5557
 20
-76.2598
 11
28.5381
 21
-76.3594
  0
LINE
  8
0
 10
28.5381
 20
-76.3594
 11
28.5283
 21
-76.4092
  0
LINE
  8
0
 10
28.5283
 20
-76.4092
 11
28.5107
 21
-76.5088
  0
LINE
  8
0
 10
28.5107
 20
-76.5088
 11
28.501
 21
-76.5586
  0
LINE
  8
0
 10
28.501
 20
-76.5586
 11
28.4922
 21
-76.6084
  0
LINE
  8
0
 10
28.4922
 20
-76.6084
 11
28.4824
 21
-76.6582
  0
LINE
  8
0
 10
28.4824
 20
-76.6582
 11
28.4736
 21
-76.707
  0
LINE
  8
0
 10
28.4736
 20
-76.707
 11
28.4541
 21
-76.8066
  0
LINE
  8
0
 10
28.4541
 20
-76.8066
 11
28.4443
 21
-76.8555
  0
LINE
  8
0
 10
28.4443
 20
-76.8555
 11
28.4346
 21
-76.9053
  0
LINE
  8
0
 10
28.4346
 20
-76.9053
 11
28.4238
 21
-76.9541
  0
LINE
  8
0
 10
28.4238
 20
-76.9541
 11
28.4141
 21
-77.0029
  0
LINE
  8
0
 10
28.4141
 20
-77.0029
 11
28.4043
 21
-77.0527
  0
LINE
  8
0
 10
28.4043
 20
-77.0527
 11
28.3936
 21
-77.1016
  0
LINE
  8
0
 10
28.3936
 20
-77.1016
 11
28.3838
 21
-77.1504
  0
LINE
  8
0
 10
28.3838
 20
-77.1504
 11
28.3301
 21
-77.3945
  0
LINE
  8
0
 10
28.3301
 20
-77.3945
 11
28.3193
 21
-77.4424
  0
LINE
  8
0
 10
28.3193
 20
-77.4424
 11
28.3076
 21
-77.4912
  0
LINE
  8
0
 10
28.3076
 20
-77.4912
 11
28.2969
 21
-77.54
  0
LINE
  8
0
 10
28.2969
 20
-77.54
 11
28.2852
 21
-77.5879
  0
LINE
  8
0
 10
28.2852
 20
-77.5879
 11
28.2734
 21
-77.6367
  0
LINE
  8
0
 10
28.2734
 20
-77.6367
 11
28.2627
 21
-77.6846
  0
LINE
  8
0
 10
28.2627
 20
-77.6846
 11
28.2393
 21
-77.7803
  0
LINE
  8
0
 10
28.2393
 20
-77.7803
 11
28.2266
 21
-77.8291
  0
LINE
  8
0
 10
28.2266
 20
-77.8291
 11
28.2031
 21
-77.9248
  0
LINE
  8
0
 10
28.2031
 20
-77.9248
 11
28.1904
 21
-77.9727
  0
LINE
  8
0
 10
28.1904
 20
-77.9727
 11
28.1787
 21
-78.0205
  0
LINE
  8
0
 10
28.1787
 20
-78.0205
 11
28.166
 21
-78.0674
  0
LINE
  8
0
 10
28.166
 20
-78.0674
 11
28.1406
 21
-78.1631
  0
LINE
  8
0
 10
28.1406
 20
-78.1631
 11
28.1279
 21
-78.21
  0
LINE
  8
0
 10
28.1279
 20
-78.21
 11
28.1152
 21
-78.2578
  0
LINE
  8
0
 10
28.1152
 20
-78.2578
 11
28.1025
 21
-78.3047
  0
LINE
  8
0
 10
28.1025
 20
-78.3047
 11
28.0898
 21
-78.3525
  0
LINE
  8
0
 10
28.0898
 20
-78.3525
 11
28.0625
 21
-78.4463
  0
LINE
  8
0
 10
28.0625
 20
-78.4463
 11
28.0498
 21
-78.4932
  0
LINE
  8
0
 10
28.0498
 20
-78.4932
 11
28.0088
 21
-78.6338
  0
LINE
  8
0
 10
28.0088
 20
-78.6338
 11
27.9941
 21
-78.6807
  0
LINE
  8
0
 10
27.9941
 20
-78.6807
 11
27.9805
 21
-78.7275
  0
LINE
  8
0
 10
27.9805
 20
-78.7275
 11
27.9668
 21
-78.7734
  0
LINE
  8
0
 10
27.9668
 20
-78.7734
 11
27.9521
 21
-78.8203
  0
LINE
  8
0
 10
27.9521
 20
-78.8203
 11
27.9375
 21
-78.8662
  0
LINE
  8
0
 10
27.9375
 20
-78.8662
 11
27.9238
 21
-78.9131
  0
LINE
  8
0
 10
27.9238
 20
-78.9131
 11
27.8945
 21
-79.0049
  0
LINE
  8
0
 10
27.8945
 20
-79.0049
 11
27.8789
 21
-79.0508
  0
LINE
  8
0
 10
27.8789
 20
-79.0508
 11
27.8496
 21
-79.1426
  0
LINE
  8
0
 10
27.8496
 20
-79.1426
 11
27.8184
 21
-79.2344
  0
LINE
  8
0
 10
27.8184
 20
-79.2344
 11
27.8027
 21
-79.2793
  0
LINE
  8
0
 10
27.8027
 20
-79.2793
 11
27.7881
 21
-79.3252
  0
LINE
  8
0
 10
27.7881
 20
-79.3252
 11
27.7715
 21
-79.3711
  0
LINE
  8
0
 10
27.7715
 20
-79.3711
 11
27.7402
 21
-79.4609
  0
LINE
  8
0
 10
27.7402
 20
-79.4609
 11
27.7236
 21
-79.5068
  0
LINE
  8
0
 10
27.7236
 20
-79.5068
 11
27.708
 21
-79.5518
  0
LINE
  8
0
 10
27.708
 20
-79.5518
 11
27.6582
 21
-79.6865
  0
LINE
  8
0
 10
27.6582
 20
-79.6865
 11
27.6416
 21
-79.7305
  0
LINE
  8
0
 10
27.6416
 20
-79.7305
 11
27.6084
 21
-79.8203
  0
LINE
  8
0
 10
27.6084
 20
-79.8203
 11
27.5908
 21
-79.8643
  0
LINE
  8
0
 10
27.5908
 20
-79.8643
 11
27.5732
 21
-79.9092
  0
LINE
  8
0
 10
27.5732
 20
-79.9092
 11
27.5566
 21
-79.9531
  0
LINE
  8
0
 10
27.5566
 20
-79.9531
 11
27.5215
 21
-80.041
  0
LINE
  8
0
 10
27.5215
 20
-80.041
 11
27.5029
 21
-80.085
  0
LINE
  8
0
 10
27.5029
 20
-80.085
 11
27.4678
 21
-80.1729
  0
LINE
  8
0
 10
27.4678
 20
-80.1729
 11
27.4492
 21
-80.2168
  0
LINE
  8
0
 10
27.4492
 20
-80.2168
 11
27.4307
 21
-80.2598
  0
LINE
  8
0
 10
27.4307
 20
-80.2598
 11
27.4121
 21
-80.3037
  0
LINE
  8
0
 10
27.4121
 20
-80.3037
 11
27.375
 21
-80.3896
  0
LINE
  8
0
 10
27.375
 20
-80.3896
 11
27.3564
 21
-80.4336
  0
LINE
  8
0
 10
27.3564
 20
-80.4336
 11
27.3369
 21
-80.4766
  0
LINE
  8
0
 10
27.3369
 20
-80.4766
 11
27.3184
 21
-80.5195
  0
LINE
  8
0
 10
27.3184
 20
-80.5195
 11
27.2988
 21
-80.5625
  0
LINE
  8
0
 10
27.2988
 20
-80.5625
 11
27.2793
 21
-80.6045
  0
LINE
  8
0
 10
27.2793
 20
-80.6045
 11
27.2402
 21
-80.6904
  0
LINE
  8
0
 10
27.2402
 20
-80.6904
 11
27.2207
 21
-80.7324
  0
LINE
  8
0
 10
27.2207
 20
-80.7324
 11
27.2002
 21
-80.7754
  0
LINE
  8
0
 10
27.2002
 20
-80.7754
 11
27.1807
 21
-80.8174
  0
LINE
  8
0
 10
27.1807
 20
-80.8174
 11
27.0781
 21
-81.0273
  0
LINE
  8
0
 10
27.0781
 20
-81.0273
 11
27.0566
 21
-81.0684
  0
LINE
  8
0
 10
27.0566
 20
-81.0684
 11
27.0361
 21
-81.1104
  0
LINE
  8
0
 10
27.0361
 20
-81.1104
 11
26.9932
 21
-81.1924
  0
LINE
  8
0
 10
26.9932
 20
-81.1924
 11
26.9717
 21
-81.2344
  0
LINE
  8
0
 10
26.9717
 20
-81.2344
 11
26.9502
 21
-81.2754
  0
LINE
  8
0
 10
26.9502
 20
-81.2754
 11
26.9277
 21
-81.3164
  0
LINE
  8
0
 10
26.9277
 20
-81.3164
 11
26.9062
 21
-81.3564
  0
LINE
  8
0
 10
26.9062
 20
-81.3564
 11
26.8613
 21
-81.4385
  0
LINE
  8
0
 10
26.8613
 20
-81.4385
 11
26.8389
 21
-81.4785
  0
LINE
  8
0
 10
26.8389
 20
-81.4785
 11
26.8164
 21
-81.5195
  0
LINE
  8
0
 10
26.8164
 20
-81.5195
 11
26.7715
 21
-81.5996
  0
LINE
  8
0
 10
26.7715
 20
-81.5996
 11
26.6709
 21
-81.7715
  0
LINE
  8
0
 10
26.6709
 20
-81.7715
 11
26.6396
 21
-81.8223
  0
LINE
  8
0
 10
26.6396
 20
-81.8223
 11
26.6094
 21
-81.874
  0
LINE
  8
0
 10
26.6094
 20
-81.874
 11
26.5781
 21
-81.9248
  0
LINE
  8
0
 10
26.5781
 20
-81.9248
 11
26.5469
 21
-81.9746
  0
LINE
  8
0
 10
26.5469
 20
-81.9746
 11
26.5146
 21
-82.0244
  0
LINE
  8
0
 10
26.5146
 20
-82.0244
 11
26.4521
 21
-82.124
  0
LINE
  8
0
 10
26.4521
 20
-82.124
 11
26.4199
 21
-82.1729
  0
LINE
  8
0
 10
26.4199
 20
-82.1729
 11
26.3877
 21
-82.2207
  0
LINE
  8
0
 10
26.3877
 20
-82.2207
 11
26.3555
 21
-82.2695
  0
LINE
  8
0
 10
26.3555
 20
-82.2695
 11
26.3232
 21
-82.3174
  0
LINE
  8
0
 10
26.3232
 20
-82.3174
 11
26.291
 21
-82.3643
  0
LINE
  8
0
 10
26.291
 20
-82.3643
 11
26.2578
 21
-82.4121
  0
LINE
  8
0
 10
26.2578
 20
-82.4121
 11
26.2246
 21
-82.459
  0
LINE
  8
0
 10
26.2246
 20
-82.459
 11
26.1924
 21
-82.5049
  0
LINE
  8
0
 10
26.1924
 20
-82.5049
 11
26.126
 21
-82.5967
  0
LINE
  8
0
 10
26.126
 20
-82.5967
 11
26.0918
 21
-82.6426
  0
LINE
  8
0
 10
26.0918
 20
-82.6426
 11
26.0586
 21
-82.6875
  0
LINE
  8
0
 10
26.0586
 20
-82.6875
 11
26.0254
 21
-82.7314
  0
LINE
  8
0
 10
26.0254
 20
-82.7314
 11
25.9912
 21
-82.7764
  0
LINE
  8
0
 10
25.9912
 20
-82.7764
 11
25.9229
 21
-82.8643
  0
LINE
  8
0
 10
25.9229
 20
-82.8643
 11
25.8545
 21
-82.9502
  0
LINE
  8
0
 10
25.8545
 20
-82.9502
 11
25.8193
 21
-82.9932
  0
LINE
  8
0
 10
25.8193
 20
-82.9932
 11
25.7852
 21
-83.0352
  0
LINE
  8
0
 10
25.7852
 20
-83.0352
 11
25.75
 21
-83.0771
  0
LINE
  8
0
 10
25.75
 20
-83.0771
 11
25.7148
 21
-83.1182
  0
LINE
  8
0
 10
25.7148
 20
-83.1182
 11
25.6797
 21
-83.1602
  0
LINE
  8
0
 10
25.6797
 20
-83.1602
 11
25.6445
 21
-83.2012
  0
LINE
  8
0
 10
25.6445
 20
-83.2012
 11
25.6094
 21
-83.2412
  0
LINE
  8
0
 10
25.6094
 20
-83.2412
 11
25.5732
 21
-83.2812
  0
LINE
  8
0
 10
25.5732
 20
-83.2812
 11
25.5381
 21
-83.3213
  0
LINE
  8
0
 10
25.5381
 20
-83.3213
 11
25.502
 21
-83.3613
  0
LINE
  8
0
 10
25.502
 20
-83.3613
 11
25.4297
 21
-83.4395
  0
LINE
  8
0
 10
25.4297
 20
-83.4395
 11
25.3936
 21
-83.4775
  0
LINE
  8
0
 10
25.3936
 20
-83.4775
 11
25.3574
 21
-83.5166
  0
LINE
  8
0
 10
25.3574
 20
-83.5166
 11
25.2842
 21
-83.5918
  0
LINE
  8
0
 10
25.2842
 20
-83.5918
 11
25.1729
 21
-83.7031
  0
LINE
  8
0
 10
25.1729
 20
-83.7031
 11
25.0986
 21
-83.7754
  0
LINE
  8
0
 10
25.0986
 20
-83.7754
 11
24.9863
 21
-83.8818
  0
LINE
  8
0
 10
24.9863
 20
-83.8818
 11
24.9482
 21
-83.916
  0
LINE
  8
0
 10
24.9482
 20
-83.916
 11
24.9102
 21
-83.9512
  0
LINE
  8
0
 10
24.9102
 20
-83.9512
 11
24.8721
 21
-83.9844
  0
LINE
  8
0
 10
24.8721
 20
-83.9844
 11
24.834
 21
-84.0186
  0
LINE
  8
0
 10
24.834
 20
-84.0186
 11
24.7578
 21
-84.085
  0
LINE
  8
0
 10
24.7578
 20
-84.085
 11
24.7188
 21
-84.1182
  0
LINE
  8
0
 10
24.7188
 20
-84.1182
 11
24.6797
 21
-84.1504
  0
LINE
  8
0
 10
24.6797
 20
-84.1504
 11
24.6416
 21
-84.1836
  0
LINE
  8
0
 10
24.6416
 20
-84.1836
 11
24.6025
 21
-84.2148
  0
LINE
  8
0
 10
24.6025
 20
-84.2148
 11
24.5635
 21
-84.2471
  0
LINE
  8
0
 10
24.5635
 20
-84.2471
 11
24.4854
 21
-84.3096
  0
LINE
  8
0
 10
24.4854
 20
-84.3096
 11
24.4453
 21
-84.3398
  0
LINE
  8
0
 10
24.4453
 20
-84.3398
 11
24.4062
 21
-84.3701
  0
LINE
  8
0
 10
24.4062
 20
-84.3701
 11
24.3262
 21
-84.4307
  0
LINE
  8
0
 10
24.3262
 20
-84.4307
 11
24.2871
 21
-84.46
  0
LINE
  8
0
 10
24.2871
 20
-84.46
 11
24.207
 21
-84.5186
  0
LINE
  8
0
 10
24.207
 20
-84.5186
 11
24.166
 21
-84.5469
  0
LINE
  8
0
 10
24.166
 20
-84.5469
 11
24.0859
 21
-84.6035
  0
LINE
  8
0
 10
24.0859
 20
-84.6035
 11
24.0039
 21
-84.6582
  0
LINE
  8
0
 10
24.0039
 20
-84.6582
 11
23.9639
 21
-84.6855
  0
LINE
  8
0
 10
23.9639
 20
-84.6855
 11
23.9229
 21
-84.7129
  0
LINE
  8
0
 10
23.9229
 20
-84.7129
 11
23.7998
 21
-84.792
  0
LINE
  8
0
 10
23.7998
 20
-84.792
 11
23.7578
 21
-84.8174
  0
LINE
  8
0
 10
23.7578
 20
-84.8174
 11
23.7168
 21
-84.8428
  0
LINE
  8
0
 10
23.7168
 20
-84.8428
 11
23.6748
 21
-84.8682
  0
LINE
  8
0
 10
23.6748
 20
-84.8682
 11
23.6338
 21
-84.8926
  0
LINE
  8
0
 10
23.6338
 20
-84.8926
 11
23.5918
 21
-84.918
  0
LINE
  8
0
 10
23.5918
 20
-84.918
 11
23.5498
 21
-84.9424
  0
LINE
  8
0
 10
23.5498
 20
-84.9424
 11
23.5078
 21
-84.9658
  0
LINE
  8
0
 10
23.5078
 20
-84.9658
 11
23.4658
 21
-84.9902
  0
LINE
  8
0
 10
23.4658
 20
-84.9902
 11
23.3818
 21
-85.0371
  0
LINE
  8
0
 10
23.3818
 20
-85.0371
 11
23.3389
 21
-85.0596
  0
LINE
  8
0
 10
23.3389
 20
-85.0596
 11
23.2969
 21
-85.082
  0
LINE
  8
0
 10
23.2969
 20
-85.082
 11
23.2109
 21
-85.127
  0
LINE
  8
0
 10
23.2109
 20
-85.127
 11
23.1689
 21
-85.1484
  0
LINE
  8
0
 10
23.1689
 20
-85.1484
 11
23.04
 21
-85.2129
  0
LINE
  8
0
 10
23.04
 20
-85.2129
 11
22.9961
 21
-85.2334
  0
LINE
  8
0
 10
22.9961
 20
-85.2334
 11
22.9102
 21
-85.2744
  0
LINE
  8
0
 10
22.9102
 20
-85.2744
 11
22.8662
 21
-85.2939
  0
LINE
  8
0
 10
22.8662
 20
-85.2939
 11
22.8232
 21
-85.3145
  0
LINE
  8
0
 10
22.8232
 20
-85.3145
 11
22.7793
 21
-85.334
  0
LINE
  8
0
 10
22.7793
 20
-85.334
 11
22.7354
 21
-85.3525
  0
LINE
  8
0
 10
22.7354
 20
-85.3525
 11
22.6914
 21
-85.3721
  0
LINE
  8
0
 10
22.6914
 20
-85.3721
 11
22.6035
 21
-85.4092
  0
LINE
  8
0
 10
22.6035
 20
-85.4092
 11
22.5596
 21
-85.4268
  0
LINE
  8
0
 10
22.5596
 20
-85.4268
 11
22.5156
 21
-85.4453
  0
LINE
  8
0
 10
22.5156
 20
-85.4453
 11
22.4717
 21
-85.4629
  0
LINE
  8
0
 10
22.4717
 20
-85.4629
 11
22.4268
 21
-85.4805
  0
LINE
  8
0
 10
22.4268
 20
-85.4805
 11
22.3828
 21
-85.4971
  0
LINE
  8
0
 10
22.3828
 20
-85.4971
 11
22.3379
 21
-85.5146
  0
LINE
  8
0
 10
22.3379
 20
-85.5146
 11
22.2939
 21
-85.5312
  0
LINE
  8
0
 10
22.2939
 20
-85.5312
 11
22.249
 21
-85.5469
  0
LINE
  8
0
 10
22.249
 20
-85.5469
 11
22.2041
 21
-85.5635
  0
LINE
  8
0
 10
22.2041
 20
-85.5635
 11
22.0244
 21
-85.626
  0
LINE
  8
0
 10
22.0244
 20
-85.626
 11
21.9795
 21
-85.6406
  0
LINE
  8
0
 10
21.9795
 20
-85.6406
 11
21.9336
 21
-85.6553
  0
LINE
  8
0
 10
21.9336
 20
-85.6553
 11
21.8887
 21
-85.6699
  0
LINE
  8
0
 10
21.8887
 20
-85.6699
 11
21.8428
 21
-85.6836
  0
LINE
  8
0
 10
21.8428
 20
-85.6836
 11
21.7979
 21
-85.6982
  0
LINE
  8
0
 10
21.7979
 20
-85.6982
 11
21.7061
 21
-85.7256
  0
LINE
  8
0
 10
21.7061
 20
-85.7256
 11
21.6602
 21
-85.7383
  0
LINE
  8
0
 10
21.6602
 20
-85.7383
 11
21.6152
 21
-85.752
  0
LINE
  8
0
 10
21.6152
 20
-85.752
 11
21.5234
 21
-85.7773
  0
LINE
  8
0
 10
21.5234
 20
-85.7773
 11
21.4766
 21
-85.7891
  0
LINE
  8
0
 10
21.4766
 20
-85.7891
 11
21.4307
 21
-85.8018
  0
LINE
  8
0
 10
21.4307
 20
-85.8018
 11
21.3389
 21
-85.8252
  0
LINE
  8
0
 10
21.3389
 20
-85.8252
 11
21.292
 21
-85.8359
  0
LINE
  8
0
 10
21.292
 20
-85.8359
 11
21.2461
 21
-85.8477
  0
LINE
  8
0
 10
21.2461
 20
-85.8477
 11
21.1523
 21
-85.8691
  0
LINE
  8
0
 10
21.1523
 20
-85.8691
 11
21.1064
 21
-85.8799
  0
LINE
  8
0
 10
21.1064
 20
-85.8799
 11
21.0127
 21
-85.8994
  0
LINE
  8
0
 10
21.0127
 20
-85.8994
 11
20.9658
 21
-85.9102
  0
LINE
  8
0
 10
20.9658
 20
-85.9102
 11
20.9189
 21
-85.9189
  0
LINE
  8
0
 10
20.9189
 20
-85.9189
 11
20.8721
 21
-85.9287
  0
LINE
  8
0
 10
20.8721
 20
-85.9287
 11
20.8252
 21
-85.9375
  0
LINE
  8
0
 10
20.8252
 20
-85.9375
 11
20.7783
 21
-85.9473
  0
LINE
  8
0
 10
20.7783
 20
-85.9473
 11
20.7314
 21
-85.9561
  0
LINE
  8
0
 10
20.7314
 20
-85.9561
 11
20.6836
 21
-85.9639
  0
LINE
  8
0
 10
20.6836
 20
-85.9639
 11
20.6367
 21
-85.9727
  0
LINE
  8
0
 10
20.6367
 20
-85.9727
 11
20.5889
 21
-85.9805
  0
LINE
  8
0
 10
20.5889
 20
-85.9805
 11
20.542
 21
-85.9883
  0
LINE
  8
0
 10
20.542
 20
-85.9883
 11
20.4941
 21
-85.9961
  0
LINE
  8
0
 10
20.4941
 20
-85.9961
 11
20.4473
 21
-86.0039
  0
LINE
  8
0
 10
20.4473
 20
-86.0039
 11
20.3037
 21
-86.0244
  0
LINE
  8
0
 10
20.3037
 20
-86.0244
 11
20.2568
 21
-86.0312
  0
LINE
  8
0
 10
20.2568
 20
-86.0312
 11
20.209
 21
-86.0381
  0
LINE
  8
0
 10
20.209
 20
-86.0381
 11
20.1133
 21
-86.0498
  0
LINE
  8
0
 10
20.1133
 20
-86.0498
 11
20.0645
 21
-86.0557
  0
LINE
  8
0
 10
20.0645
 20
-86.0557
 11
19.9688
 21
-86.0674
  0
LINE
  8
0
 10
19.9688
 20
-86.0674
 11
19.873
 21
-86.0771
  0
LINE
  8
0
 10
19.873
 20
-86.0771
 11
19.8242
 21
-86.082
  0
LINE
  8
0
 10
19.8242
 20
-86.082
 11
19.7764
 21
-86.0869
  0
LINE
  8
0
 10
19.7764
 20
-86.0869
 11
19.7275
 21
-86.0908
  0
LINE
  8
0
 10
19.7275
 20
-86.0908
 11
19.6797
 21
-86.0957
  0
LINE
  8
0
 10
19.6797
 20
-86.0957
 11
19.6309
 21
-86.0996
  0
LINE
  8
0
 10
19.6309
 20
-86.0996
 11
19.583
 21
-86.1035
  0
LINE
  8
0
 10
19.583
 20
-86.1035
 11
19.5342
 21
-86.1064
  0
LINE
  8
0
 10
19.5342
 20
-86.1064
 11
19.4854
 21
-86.1104
  0
LINE
  8
0
 10
19.4854
 20
-86.1104
 11
19.4365
 21
-86.1133
  0
LINE
  8
0
 10
19.4365
 20
-86.1133
 11
19.3887
 21
-86.1172
  0
LINE
  8
0
 10
19.3887
 20
-86.1172
 11
19.3398
 21
-86.1201
  0
LINE
  8
0
 10
19.3398
 20
-86.1201
 11
19.291
 21
-86.1221
  0
LINE
  8
0
 10
19.291
 20
-86.1221
 11
19.2422
 21
-86.125
  0
LINE
  8
0
 10
19.2422
 20
-86.125
 11
19.1934
 21
-86.127
  0
LINE
  8
0
 10
19.1934
 20
-86.127
 11
19.1445
 21
-86.1299
  0
LINE
  8
0
 10
19.1445
 20
-86.1299
 11
19.0957
 21
-86.1318
  0
LINE
  8
0
 10
19.0957
 20
-86.1318
 11
19.0469
 21
-86.1328
  0
LINE
  8
0
 10
19.0469
 20
-86.1328
 11
18.9482
 21
-86.1367
  0
LINE
  8
0
 10
18.9482
 20
-86.1367
 11
18.752
 21
-86.1406
  0
LINE
  8
0
 10
18.752
 20
-86.1406
 11
18.7031
 21
-86.1406
  0
LINE
  8
0
 10
18.7031
 20
-86.1406
 11
18.6533
 21
-86.1416
  0
LINE
  8
0
 10
18.6533
 20
-86.1416
 11
18.4561
 21
-86.1416
  0
LINE
  8
0
 10
18.4561
 20
-86.1416
 11
18.4072
 21
-86.1406
  0
LINE
  8
0
 10
18.4072
 20
-86.1406
 11
18.3574
 21
-86.1406
  0
LINE
  8
0
 10
18.3574
 20
-86.1406
 11
18.209
 21
-86.1377
  0
LINE
  8
0
 10
18.209
 20
-86.1377
 11
18.1592
 21
-86.1357
  0
LINE
  8
0
 10
18.1592
 20
-86.1357
 11
18.1094
 21
-86.1348
  0
LINE
  8
0
 10
18.1094
 20
-86.1348
 11
18.0107
 21
-86.1309
  0
LINE
  8
0
 10
18.0107
 20
-86.1309
 11
17.9609
 21
-86.1299
  0
LINE
  8
0
 10
17.9609
 20
-86.1299
 11
17.9111
 21
-86.127
  0
LINE
  8
0
 10
17.9111
 20
-86.127
 11
17.8115
 21
-86.123
  0
LINE
  8
0
 10
17.8115
 20
-86.123
 11
17.5127
 21
-86.1055
  0
LINE
  8
0
 10
17.5127
 20
-86.1055
 11
17.4629
 21
-86.1016
  0
LINE
  8
0
 10
17.4629
 20
-86.1016
 11
17.4131
 21
-86.0986
  0
LINE
  8
0
 10
17.4131
 20
-86.0986
 11
17.3633
 21
-86.0947
  0
LINE
  8
0
 10
17.3633
 20
-86.0947
 11
17.3125
 21
-86.0908
  0
LINE
  8
0
 10
17.3125
 20
-86.0908
 11
17.2627
 21
-86.0869
  0
LINE
  8
0
 10
17.2627
 20
-86.0869
 11
17.2129
 21
-86.082
  0
LINE
  8
0
 10
17.2129
 20
-86.082
 11
17.1631
 21
-86.0781
  0
LINE
  8
0
 10
17.1631
 20
-86.0781
 11
17.1133
 21
-86.0732
  0
LINE
  8
0
 10
17.1133
 20
-86.0732
 11
17.0625
 21
-86.0693
  0
LINE
  8
0
 10
17.0625
 20
-86.0693
 11
16.9629
 21
-86.0596
  0
LINE
  8
0
 10
16.9629
 20
-86.0596
 11
16.9121
 21
-86.0547
  0
LINE
  8
0
 10
16.9121
 20
-86.0547
 11
16.8623
 21
-86.0498
  0
LINE
  8
0
 10
16.8623
 20
-86.0498
 11
16.8125
 21
-86.0439
  0
LINE
  8
0
 10
16.8125
 20
-86.0439
 11
16.7617
 21
-86.0391
  0
LINE
  8
0
 10
16.7617
 20
-86.0391
 11
16.6621
 21
-86.0273
  0
LINE
  8
0
 10
16.6621
 20
-86.0273
 11
16.6113
 21
-86.0215
  0
LINE
  8
0
 10
16.6113
 20
-86.0215
 11
16.5117
 21
-86.0098
  0
LINE
  8
0
 10
16.5117
 20
-86.0098
 11
16.4609
 21
-86.0039
  0
LINE
  8
0
 10
16.4609
 20
-86.0039
 11
16.4111
 21
-85.9971
  0
LINE
  8
0
 10
16.4111
 20
-85.9971
 11
16.3613
 21
-85.9912
  0
LINE
  8
0
 10
16.3613
 20
-85.9912
 11
16.3105
 21
-85.9844
  0
LINE
  8
0
 10
16.3105
 20
-85.9844
 11
16.2607
 21
-85.9775
  0
LINE
  8
0
 10
16.2607
 20
-85.9775
 11
16.21
 21
-85.9707
  0
LINE
  8
0
 10
16.21
 20
-85.9707
 11
16.1602
 21
-85.9639
  0
LINE
  8
0
 10
16.1602
 20
-85.9639
 11
16.1094
 21
-85.957
  0
LINE
  8
0
 10
16.1094
 20
-85.957
 11
16.0596
 21
-85.9492
  0
LINE
  8
0
 10
16.0596
 20
-85.9492
 11
16.0098
 21
-85.9424
  0
LINE
  8
0
 10
16.0098
 20
-85.9424
 11
15.959
 21
-85.9346
  0
LINE
  8
0
 10
15.959
 20
-85.9346
 11
15.9092
 21
-85.9268
  0
LINE
  8
0
 10
15.9092
 20
-85.9268
 11
15.8584
 21
-85.9199
  0
LINE
  8
0
 10
15.8584
 20
-85.9199
 11
15.7588
 21
-85.9043
  0
LINE
  8
0
 10
15.7588
 20
-85.9043
 11
15.708
 21
-85.8955
  0
LINE
  8
0
 10
15.708
 20
-85.8955
 11
15.6582
 21
-85.8877
  0
LINE
  8
0
 10
15.6582
 20
-85.8877
 11
15.6074
 21
-85.8799
  0
LINE
  8
0
 10
15.6074
 20
-85.8799
 11
15.5576
 21
-85.8711
  0
LINE
  8
0
 10
15.5576
 20
-85.8711
 11
15.5068
 21
-85.8633
  0
LINE
  8
0
 10
15.5068
 20
-85.8633
 11
15.4072
 21
-85.8457
  0
LINE
  8
0
 10
15.4072
 20
-85.8457
 11
15.3564
 21
-85.8369
  0
LINE
  8
0
 10
15.3564
 20
-85.8369
 11
15.2568
 21
-85.8193
  0
LINE
  8
0
 10
15.2568
 20
-85.8193
 11
15.2061
 21
-85.8096
  0
LINE
  8
0
 10
15.2061
 20
-85.8096
 11
15.1064
 21
-85.792
  0
LINE
  8
0
 10
15.1064
 20
-85.792
 11
15.0557
 21
-85.7822
  0
LINE
  8
0
 10
15.0557
 20
-85.7822
 11
15.0059
 21
-85.7725
  0
LINE
  8
0
 10
15.0059
 20
-85.7725
 11
14.9561
 21
-85.7637
  0
LINE
  8
0
 10
14.9561
 20
-85.7637
 11
14.9053
 21
-85.7539
  0
LINE
  8
0
 10
14.9053
 20
-85.7539
 11
14.8057
 21
-85.7344
  0
LINE
  8
0
 10
14.8057
 20
-85.7344
 11
14.7559
 21
-85.7236
  0
LINE
  8
0
 10
14.7559
 20
-85.7236
 11
14.7051
 21
-85.7139
  0
LINE
  8
0
 10
14.7051
 20
-85.7139
 11
14.6553
 21
-85.7041
  0
LINE
  8
0
 10
14.6553
 20
-85.7041
 11
14.6055
 21
-85.6934
  0
LINE
  8
0
 10
14.6055
 20
-85.6934
 11
14.5557
 21
-85.6836
  0
LINE
  8
0
 10
14.5557
 20
-85.6836
 11
14.5059
 21
-85.6729
  0
LINE
  8
0
 10
14.5059
 20
-85.6729
 11
14.4551
 21
-85.6621
  0
LINE
  8
0
 10
14.4551
 20
-85.6621
 11
14.4053
 21
-85.6523
  0
LINE
  8
0
 10
14.4053
 20
-85.6523
 11
14.2559
 21
-85.6201
  0
LINE
  8
0
 10
14.2559
 20
-85.6201
 11
14.2061
 21
-85.6084
  0
LINE
  8
0
 10
14.2061
 20
-85.6084
 11
14.1064
 21
-85.5869
  0
LINE
  8
0
 10
14.1064
 20
-85.5869
 11
14.0566
 21
-85.5752
  0
LINE
  8
0
 10
14.0566
 20
-85.5752
 11
14.0068
 21
-85.5645
  0
LINE
  8
0
 10
14.0068
 20
-85.5645
 11
13.957
 21
-85.5527
  0
LINE
  8
0
 10
13.957
 20
-85.5527
 11
13.9072
 21
-85.542
  0
LINE
  8
0
 10
13.9072
 20
-85.542
 11
13.8574
 21
-85.5303
  0
LINE
  8
0
 10
13.8574
 20
-85.5303
 11
13.8086
 21
-85.5186
  0
LINE
  8
0
 10
13.8086
 20
-85.5186
 11
13.6592
 21
-85.4834
  0
LINE
  8
0
 10
13.6592
 20
-85.4834
 11
13.6104
 21
-85.4717
  0
LINE
  8
0
 10
13.6104
 20
-85.4717
 11
13.5107
 21
-85.4482
  0
LINE
  8
0
 10
13.5107
 20
-85.4482
 11
13.4619
 21
-85.4355
  0
LINE
  8
0
 10
13.4619
 20
-85.4355
 11
13.3623
 21
-85.4121
  0
LINE
  8
0
 10
13.3623
 20
-85.4121
 11
13.3135
 21
-85.3994
  0
LINE
  8
0
 10
13.3135
 20
-85.3994
 11
13.2637
 21
-85.3877
  0
LINE
  8
0
 10
13.2637
 20
-85.3877
 11
13.166
 21
-85.3623
  0
LINE
  8
0
 10
13.166
 20
-85.3623
 11
13.1162
 21
-85.3506
  0
LINE
  8
0
 10
13.1162
 20
-85.3506
 11
13.0186
 21
-85.3252
  0
LINE
  8
0
 10
13.0186
 20
-85.3252
 11
12.9688
 21
-85.3125
  0
LINE
  8
0
 10
12.9688
 20
-85.3125
 11
12.7734
 21
-85.2617
  0
LINE
  8
0
 10
12.7734
 20
-85.2617
 11
12.7246
 21
-85.248
  0
LINE
  8
0
 10
12.7246
 20
-85.248
 11
12.627
 21
-85.2227
  0
LINE
  8
0
 10
12.627
 20
-85.2227
 11
12.5781
 21
-85.209
  0
LINE
  8
0
 10
12.5781
 20
-85.209
 11
12.4805
 21
-85.1836
  0
LINE
  8
0
 10
12.4805
 20
-85.1836
 11
12.3828
 21
-85.1562
  0
LINE
  8
0
 10
12.3828
 20
-85.1562
 11
12.335
 21
-85.1436
  0
LINE
  8
0
 10
12.335
 20
-85.1436
 11
12.2861
 21
-85.1299
  0
LINE
  8
0
 10
12.2861
 20
-85.1299
 11
12.2373
 21
-85.1172
  0
LINE
  8
0
 10
12.2373
 20
-85.1172
 11
12.1895
 21
-85.1035
  0
LINE
  8
0
 10
12.1895
 20
-85.1035
 11
12.1406
 21
-85.0898
  0
LINE
  8
0
 10
12.1406
 20
-85.0898
 11
12.0449
 21
-85.0625
  0
LINE
  8
0
 10
12.0449
 20
-85.0625
 11
11.9961
 21
-85.0488
  0
LINE
  8
0
 10
11.9961
 20
-85.0488
 11
11.9482
 21
-85.0361
  0
LINE
  8
0
 10
11.9482
 20
-85.0361
 11
11.9004
 21
-85.0225
  0
LINE
  8
0
 10
11.9004
 20
-85.0225
 11
11.8516
 21
-85.0088
  0
LINE
  8
0
 10
11.8516
 20
-85.0088
 11
11.8037
 21
-84.9951
  0
LINE
  8
0
 10
11.8037
 20
-84.9951
 11
11.7559
 21
-84.9805
  0
LINE
  8
0
 10
11.7559
 20
-84.9805
 11
11.6123
 21
-84.9395
  0
LINE
  8
0
 10
11.6123
 20
-84.9395
 11
11.5654
 21
-84.9258
  0
LINE
  8
0
 10
11.5654
 20
-84.9258
 11
11.4697
 21
-84.8984
  0
LINE
  8
0
 10
11.4697
 20
-84.8984
 11
11.4219
 21
-84.8838
  0
LINE
  8
0
 10
11.4219
 20
-84.8838
 11
11.375
 21
-84.8701
  0
LINE
  8
0
 10
11.375
 20
-84.8701
 11
11.3271
 21
-84.8564
  0
LINE
  8
0
 10
11.3271
 20
-84.8564
 11
11.2803
 21
-84.8418
  0
LINE
  8
0
 10
11.2803
 20
-84.8418
 11
11.2324
 21
-84.8281
  0
LINE
  8
0
 10
11.2324
 20
-84.8281
 11
11.1855
 21
-84.8145
  0
LINE
  8
0
 10
11.1855
 20
-84.8145
 11
11.1387
 21
-84.7998
  0
LINE
  8
0
 10
11.1387
 20
-84.7998
 11
11.0908
 21
-84.7861
  0
LINE
  8
0
 10
11.0908
 20
-84.7861
 11
11.0439
 21
-84.7715
  0
LINE
  8
0
 10
11.0439
 20
-84.7715
 11
10.9502
 21
-84.7441
  0
LINE
  8
0
 10
10.9502
 20
-84.7441
 11
10.9033
 21
-84.7295
  0
LINE
  8
0
 10
10.9033
 20
-84.7295
 11
10.8564
 21
-84.7158
  0
LINE
  8
0
 10
10.8564
 20
-84.7158
 11
10.8096
 21
-84.7012
  0
LINE
  8
0
 10
10.8096
 20
-84.7012
 11
10.7637
 21
-84.6875
  0
LINE
  8
0
 10
10.7637
 20
-84.6875
 11
10.7168
 21
-84.6729
  0
LINE
  8
0
 10
10.7168
 20
-84.6729
 11
10.6699
 21
-84.6592
  0
LINE
  8
0
 10
10.6699
 20
-84.6592
 11
10.624
 21
-84.6445
  0
LINE
  8
0
 10
10.624
 20
-84.6445
 11
10.5771
 21
-84.6309
  0
LINE
  8
0
 10
10.5771
 20
-84.6309
 11
10.4854
 21
-84.6016
  0
LINE
  8
0
 10
10.4854
 20
-84.6016
 11
10.4385
 21
-84.5879
  0
LINE
  8
0
 10
10.4385
 20
-84.5879
 11
10.3926
 21
-84.5732
  0
LINE
  8
0
 10
10.3926
 20
-84.5732
 11
10.3467
 21
-84.5596
  0
LINE
  8
0
 10
10.3467
 20
-84.5596
 11
10.3008
 21
-84.5449
  0
LINE
  8
0
 10
10.3008
 20
-84.5449
 11
10.2549
 21
-84.5312
  0
LINE
  8
0
 10
10.2549
 20
-84.5312
 11
10.209
 21
-84.5166
  0
LINE
  8
0
 10
10.209
 20
-84.5166
 11
10.1631
 21
-84.5029
  0
LINE
  8
0
 10
10.1631
 20
-84.5029
 11
10.1182
 21
-84.4883
  0
LINE
  8
0
 10
10.1182
 20
-84.4883
 11
10.0723
 21
-84.4746
  0
LINE
  8
0
 10
10.0723
 20
-84.4746
 11
10.0264
 21
-84.46
  0
LINE
  8
0
 10
10.0264
 20
-84.46
 11
9.98145
 21
-84.4453
  0
LINE
  8
0
 10
9.98145
 20
-84.4453
 11
9.93652
 21
-84.4316
  0
LINE
  8
0
 10
9.93652
 20
-84.4316
 11
9.89062
 21
-84.417
  0
LINE
  8
0
 10
9.89062
 20
-84.417
 11
9.8457
 21
-84.4033
  0
LINE
  8
0
 10
9.8457
 20
-84.4033
 11
9.80078
 21
-84.3887
  0
LINE
  8
0
 10
9.80078
 20
-84.3887
 11
9.71094
 21
-84.3613
  0
LINE
  8
0
 10
9.71094
 20
-84.3613
 11
9.66602
 21
-84.3467
  0
LINE
  8
0
 10
9.66602
 20
-84.3467
 11
9.62109
 21
-84.333
  0
LINE
  8
0
 10
9.62109
 20
-84.333
 11
9.57617
 21
-84.3184
  0
LINE
  8
0
 10
9.57617
 20
-84.3184
 11
9.53223
 21
-84.3047
  0
LINE
  8
0
 10
9.53223
 20
-84.3047
 11
9.4873
 21
-84.29
  0
LINE
  8
0
 10
9.4873
 20
-84.29
 11
-9.48633
 21
-84.29
  0
LINE
  8
0
 10
-9.48633
 20
-84.29
 11
-9.53223
 21
-84.3047
  0
LINE
  8
0
 10
-9.53223
 20
-84.3047
 11
-9.57617
 21
-84.3184
  0
LINE
  8
0
 10
-9.57617
 20
-84.3184
 11
-9.62109
 21
-84.333
  0
LINE
  8
0
 10
-9.62109
 20
-84.333
 11
-9.66602
 21
-84.3467
  0
LINE
  8
0
 10
-9.66602
 20
-84.3467
 11
-9.71094
 21
-84.3613
  0
LINE
  8
0
 10
-9.71094
 20
-84.3613
 11
-9.80078
 21
-84.3887
  0
LINE
  8
0
 10
-9.80078
 20
-84.3887
 11
-9.8457
 21
-84.4033
  0
LINE
  8
0
 10
-9.8457
 20
-84.4033
 11
-9.89062
 21
-84.417
  0
LINE
  8
0
 10
-9.89062
 20
-84.417
 11
-9.93652
 21
-84.4316
  0
LINE
  8
0
 10
-9.93652
 20
-84.4316
 11
-9.98145
 21
-84.4453
  0
LINE
  8
0
 10
-9.98145
 20
-84.4453
 11
-10.0264
 21
-84.46
  0
LINE
  8
0
 10
-10.0264
 20
-84.46
 11
-10.0723
 21
-84.4746
  0
LINE
  8
0
 10
-10.0723
 20
-84.4746
 11
-10.1182
 21
-84.4883
  0
LINE
  8
0
 10
-10.1182
 20
-84.4883
 11
-10.1631
 21
-84.5029
  0
LINE
  8
0
 10
-10.1631
 20
-84.5029
 11
-10.209
 21
-84.5166
  0
LINE
  8
0
 10
-10.209
 20
-84.5166
 11
-10.2549
 21
-84.5312
  0
LINE
  8
0
 10
-10.2549
 20
-84.5312
 11
-10.3008
 21
-84.5449
  0
LINE
  8
0
 10
-10.3008
 20
-84.5449
 11
-10.3467
 21
-84.5596
  0
LINE
  8
0
 10
-10.3467
 20
-84.5596
 11
-10.3926
 21
-84.5732
  0
LINE
  8
0
 10
-10.3926
 20
-84.5732
 11
-10.4385
 21
-84.5879
  0
LINE
  8
0
 10
-10.4385
 20
-84.5879
 11
-10.4854
 21
-84.6016
  0
LINE
  8
0
 10
-10.4854
 20
-84.6016
 11
-10.5771
 21
-84.6309
  0
LINE
  8
0
 10
-10.5771
 20
-84.6309
 11
-10.624
 21
-84.6445
  0
LINE
  8
0
 10
-10.624
 20
-84.6445
 11
-10.6699
 21
-84.6592
  0
LINE
  8
0
 10
-10.6699
 20
-84.6592
 11
-10.7168
 21
-84.6729
  0
LINE
  8
0
 10
-10.7168
 20
-84.6729
 11
-10.7637
 21
-84.6875
  0
LINE
  8
0
 10
-10.7637
 20
-84.6875
 11
-10.8096
 21
-84.7012
  0
LINE
  8
0
 10
-10.8096
 20
-84.7012
 11
-10.8564
 21
-84.7158
  0
LINE
  8
0
 10
-10.8564
 20
-84.7158
 11
-10.9033
 21
-84.7295
  0
LINE
  8
0
 10
-10.9033
 20
-84.7295
 11
-10.9502
 21
-84.7441
  0
LINE
  8
0
 10
-10.9502
 20
-84.7441
 11
-11.0439
 21
-84.7715
  0
LINE
  8
0
 10
-11.0439
 20
-84.7715
 11
-11.0908
 21
-84.7861
  0
LINE
  8
0
 10
-11.0908
 20
-84.7861
 11
-11.1387
 21
-84.7998
  0
LINE
  8
0
 10
-11.1387
 20
-84.7998
 11
-11.1855
 21
-84.8145
  0
LINE
  8
0
 10
-11.1855
 20
-84.8145
 11
-11.2324
 21
-84.8281
  0
LINE
  8
0
 10
-11.2324
 20
-84.8281
 11
-11.2803
 21
-84.8418
  0
LINE
  8
0
 10
-11.2803
 20
-84.8418
 11
-11.3271
 21
-84.8564
  0
LINE
  8
0
 10
-11.3271
 20
-84.8564
 11
-11.375
 21
-84.8701
  0
LINE
  8
0
 10
-11.375
 20
-84.8701
 11
-11.4219
 21
-84.8838
  0
LINE
  8
0
 10
-11.4219
 20
-84.8838
 11
-11.4697
 21
-84.8984
  0
LINE
  8
0
 10
-11.4697
 20
-84.8984
 11
-11.5654
 21
-84.9258
  0
LINE
  8
0
 10
-11.5654
 20
-84.9258
 11
-11.6123
 21
-84.9395
  0
LINE
  8
0
 10
-11.6123
 20
-84.9395
 11
-11.7559
 21
-84.9805
  0
LINE
  8
0
 10
-11.7559
 20
-84.9805
 11
-11.8037
 21
-84.9951
  0
LINE
  8
0
 10
-11.8037
 20
-84.9951
 11
-11.8516
 21
-85.0088
  0
LINE
  8
0
 10
-11.8516
 20
-85.0088
 11
-11.9004
 21
-85.0225
  0
LINE
  8
0
 10
-11.9004
 20
-85.0225
 11
-11.9482
 21
-85.0361
  0
LINE
  8
0
 10
-11.9482
 20
-85.0361
 11
-11.9961
 21
-85.0488
  0
LINE
  8
0
 10
-11.9961
 20
-85.0488
 11
-12.0449
 21
-85.0625
  0
LINE
  8
0
 10
-12.0449
 20
-85.0625
 11
-12.1406
 21
-85.0898
  0
LINE
  8
0
 10
-12.1406
 20
-85.0898
 11
-12.1895
 21
-85.1035
  0
LINE
  8
0
 10
-12.1895
 20
-85.1035
 11
-12.2373
 21
-85.1172
  0
LINE
  8
0
 10
-12.2373
 20
-85.1172
 11
-12.2861
 21
-85.1299
  0
LINE
  8
0
 10
-12.2861
 20
-85.1299
 11
-12.335
 21
-85.1436
  0
LINE
  8
0
 10
-12.335
 20
-85.1436
 11
-12.3828
 21
-85.1562
  0
LINE
  8
0
 10
-12.3828
 20
-85.1562
 11
-12.4805
 21
-85.1836
  0
LINE
  8
0
 10
-12.4805
 20
-85.1836
 11
-12.5781
 21
-85.209
  0
LINE
  8
0
 10
-12.5781
 20
-85.209
 11
-12.627
 21
-85.2227
  0
LINE
  8
0
 10
-12.627
 20
-85.2227
 11
-12.7246
 21
-85.248
  0
LINE
  8
0
 10
-12.7246
 20
-85.248
 11
-12.7734
 21
-85.2617
  0
LINE
  8
0
 10
-12.7734
 20
-85.2617
 11
-12.9688
 21
-85.3125
  0
LINE
  8
0
 10
-12.9688
 20
-85.3125
 11
-13.0186
 21
-85.3252
  0
LINE
  8
0
 10
-13.0186
 20
-85.3252
 11
-13.1162
 21
-85.3506
  0
LINE
  8
0
 10
-13.1162
 20
-85.3506
 11
-13.166
 21
-85.3623
  0
LINE
  8
0
 10
-13.166
 20
-85.3623
 11
-13.2637
 21
-85.3877
  0
LINE
  8
0
 10
-13.2637
 20
-85.3877
 11
-13.3135
 21
-85.3994
  0
LINE
  8
0
 10
-13.3135
 20
-85.3994
 11
-13.3623
 21
-85.4121
  0
LINE
  8
0
 10
-13.3623
 20
-85.4121
 11
-13.4619
 21
-85.4355
  0
LINE
  8
0
 10
-13.4619
 20
-85.4355
 11
-13.5107
 21
-85.4482
  0
LINE
  8
0
 10
-13.5107
 20
-85.4482
 11
-13.6104
 21
-85.4717
  0
LINE
  8
0
 10
-13.6104
 20
-85.4717
 11
-13.6592
 21
-85.4834
  0
LINE
  8
0
 10
-13.6592
 20
-85.4834
 11
-13.8086
 21
-85.5186
  0
LINE
  8
0
 10
-13.8086
 20
-85.5186
 11
-13.8574
 21
-85.5303
  0
LINE
  8
0
 10
-13.8574
 20
-85.5303
 11
-13.9072
 21
-85.542
  0
LINE
  8
0
 10
-13.9072
 20
-85.542
 11
-13.957
 21
-85.5527
  0
LINE
  8
0
 10
-13.957
 20
-85.5527
 11
-14.0068
 21
-85.5645
  0
LINE
  8
0
 10
-14.0068
 20
-85.5645
 11
-14.0566
 21
-85.5752
  0
LINE
  8
0
 10
-14.0566
 20
-85.5752
 11
-14.1064
 21
-85.5869
  0
LINE
  8
0
 10
-14.1064
 20
-85.5869
 11
-14.2061
 21
-85.6084
  0
LINE
  8
0
 10
-14.2061
 20
-85.6084
 11
-14.2559
 21
-85.6201
  0
LINE
  8
0
 10
-14.2559
 20
-85.6201
 11
-14.4053
 21
-85.6523
  0
LINE
  8
0
 10
-14.4053
 20
-85.6523
 11
-14.4551
 21
-85.6621
  0
LINE
  8
0
 10
-14.4551
 20
-85.6621
 11
-14.5059
 21
-85.6729
  0
LINE
  8
0
 10
-14.5059
 20
-85.6729
 11
-14.5557
 21
-85.6836
  0
LINE
  8
0
 10
-14.5557
 20
-85.6836
 11
-14.6055
 21
-85.6934
  0
LINE
  8
0
 10
-14.6055
 20
-85.6934
 11
-14.6553
 21
-85.7041
  0
LINE
  8
0
 10
-14.6553
 20
-85.7041
 11
-14.7051
 21
-85.7139
  0
LINE
  8
0
 10
-14.7051
 20
-85.7139
 11
-14.7559
 21
-85.7236
  0
LINE
  8
0
 10
-14.7559
 20
-85.7236
 11
-14.8057
 21
-85.7344
  0
LINE
  8
0
 10
-14.8057
 20
-85.7344
 11
-14.9053
 21
-85.7539
  0
LINE
  8
0
 10
-14.9053
 20
-85.7539
 11
-14.9561
 21
-85.7637
  0
LINE
  8
0
 10
-14.9561
 20
-85.7637
 11
-15.0059
 21
-85.7725
  0
LINE
  8
0
 10
-15.0059
 20
-85.7725
 11
-15.0557
 21
-85.7822
  0
LINE
  8
0
 10
-15.0557
 20
-85.7822
 11
-15.1064
 21
-85.792
  0
LINE
  8
0
 10
-15.1064
 20
-85.792
 11
-15.2061
 21
-85.8096
  0
LINE
  8
0
 10
-15.2061
 20
-85.8096
 11
-15.2568
 21
-85.8193
  0
LINE
  8
0
 10
-15.2568
 20
-85.8193
 11
-15.3564
 21
-85.8369
  0
LINE
  8
0
 10
-15.3564
 20
-85.8369
 11
-15.4072
 21
-85.8457
  0
LINE
  8
0
 10
-15.4072
 20
-85.8457
 11
-15.5068
 21
-85.8633
  0
LINE
  8
0
 10
-15.5068
 20
-85.8633
 11
-15.5576
 21
-85.8711
  0
LINE
  8
0
 10
-15.5576
 20
-85.8711
 11
-15.6074
 21
-85.8799
  0
LINE
  8
0
 10
-15.6074
 20
-85.8799
 11
-15.6582
 21
-85.8877
  0
LINE
  8
0
 10
-15.6582
 20
-85.8877
 11
-15.708
 21
-85.8955
  0
LINE
  8
0
 10
-15.708
 20
-85.8955
 11
-15.7588
 21
-85.9043
  0
LINE
  8
0
 10
-15.7588
 20
-85.9043
 11
-15.8584
 21
-85.9199
  0
LINE
  8
0
 10
-15.8584
 20
-85.9199
 11
-15.9092
 21
-85.9268
  0
LINE
  8
0
 10
-15.9092
 20
-85.9268
 11
-15.959
 21
-85.9346
  0
LINE
  8
0
 10
-15.959
 20
-85.9346
 11
-16.0098
 21
-85.9424
  0
LINE
  8
0
 10
-16.0098
 20
-85.9424
 11
-16.0596
 21
-85.9492
  0
LINE
  8
0
 10
-16.0596
 20
-85.9492
 11
-16.1094
 21
-85.957
  0
LINE
  8
0
 10
-16.1094
 20
-85.957
 11
-16.1602
 21
-85.9639
  0
LINE
  8
0
 10
-16.1602
 20
-85.9639
 11
-16.21
 21
-85.9707
  0
LINE
  8
0
 10
-16.21
 20
-85.9707
 11
-16.2607
 21
-85.9775
  0
LINE
  8
0
 10
-16.2607
 20
-85.9775
 11
-16.3105
 21
-85.9844
  0
LINE
  8
0
 10
-16.3105
 20
-85.9844
 11
-16.3613
 21
-85.9912
  0
LINE
  8
0
 10
-16.3613
 20
-85.9912
 11
-16.4111
 21
-85.9971
  0
LINE
  8
0
 10
-16.4111
 20
-85.9971
 11
-16.4609
 21
-86.0039
  0
LINE
  8
0
 10
-16.4609
 20
-86.0039
 11
-16.5117
 21
-86.0098
  0
LINE
  8
0
 10
-16.5117
 20
-86.0098
 11
-16.6113
 21
-86.0215
  0
LINE
  8
0
 10
-16.6113
 20
-86.0215
 11
-16.6621
 21
-86.0273
  0
LINE
  8
0
 10
-16.6621
 20
-86.0273
 11
-16.7617
 21
-86.0391
  0
LINE
  8
0
 10
-16.7617
 20
-86.0391
 11
-16.8125
 21
-86.0439
  0
LINE
  8
0
 10
-16.8125
 20
-86.0439
 11
-16.8623
 21
-86.0498
  0
LINE
  8
0
 10
-16.8623
 20
-86.0498
 11
-16.9121
 21
-86.0547
  0
LINE
  8
0
 10
-16.9121
 20
-86.0547
 11
-16.9629
 21
-86.0596
  0
LINE
  8
0
 10
-16.9629
 20
-86.0596
 11
-17.0625
 21
-86.0693
  0
LINE
  8
0
 10
-17.0625
 20
-86.0693
 11
-17.1133
 21
-86.0732
  0
LINE
  8
0
 10
-17.1133
 20
-86.0732
 11
-17.1631
 21
-86.0781
  0
LINE
  8
0
 10
-17.1631
 20
-86.0781
 11
-17.2129
 21
-86.082
  0
LINE
  8
0
 10
-17.2129
 20
-86.082
 11
-17.2627
 21
-86.0869
  0
LINE
  8
0
 10
-17.2627
 20
-86.0869
 11
-17.3125
 21
-86.0908
  0
LINE
  8
0
 10
-17.3125
 20
-86.0908
 11
-17.3633
 21
-86.0947
  0
LINE
  8
0
 10
-17.3633
 20
-86.0947
 11
-17.4131
 21
-86.0986
  0
LINE
  8
0
 10
-17.4131
 20
-86.0986
 11
-17.4629
 21
-86.1016
  0
LINE
  8
0
 10
-17.4629
 20
-86.1016
 11
-17.5127
 21
-86.1055
  0
LINE
  8
0
 10
-17.5127
 20
-86.1055
 11
-17.8115
 21
-86.123
  0
LINE
  8
0
 10
-17.8115
 20
-86.123
 11
-17.9111
 21
-86.127
  0
LINE
  8
0
 10
-17.9111
 20
-86.127
 11
-17.9609
 21
-86.1299
  0
LINE
  8
0
 10
-17.9609
 20
-86.1299
 11
-18.0107
 21
-86.1309
  0
LINE
  8
0
 10
-18.0107
 20
-86.1309
 11
-18.1094
 21
-86.1348
  0
LINE
  8
0
 10
-18.1094
 20
-86.1348
 11
-18.1592
 21
-86.1357
  0
LINE
  8
0
 10
-18.1592
 20
-86.1357
 11
-18.209
 21
-86.1377
  0
LINE
  8
0
 10
-18.209
 20
-86.1377
 11
-18.3574
 21
-86.1406
  0
LINE
  8
0
 10
-18.3574
 20
-86.1406
 11
-18.4072
 21
-86.1406
  0
LINE
  8
0
 10
-18.4072
 20
-86.1406
 11
-18.4561
 21
-86.1416
  0
LINE
  8
0
 10
-18.4561
 20
-86.1416
 11
-18.6533
 21
-86.1416
  0
ENDSEC
  0
SECTION
  2
OBJECTS
  0
DICTIONARY
  0
ENDSEC
  0
EOF
